[2026-01-18 02:41:58] INFO in dispatcher: Start polling
[2026-01-18 02:41:58] INFO in dispatcher: Run polling for bot @prot_xafda_bot id=7616289372 - 'prot_bot'
[2026-01-18 02:41:59] INFO in dispatcher: Update id=219029263 is handled. Duration 175 ms by bot id=7616289372
[2026-01-18 02:42:02] INFO in dispatcher: Update id=219029264 is handled. Duration 62 ms by bot id=7616289372
[2026-01-18 02:42:02] INFO in dispatcher: Update id=219029265 is handled. Duration 66 ms by bot id=7616289372
[2026-01-18 02:42:07] INFO in dispatcher: Update id=219029266 is handled. Duration 112 ms by bot id=7616289372
[2026-01-18 02:42:12] INFO in dispatcher: Update id=219029267 is handled. Duration 115 ms by bot id=7616289372
[2026-01-18 02:42:56] INFO in dispatcher: Update id=219029268 is handled. Duration 317 ms by bot id=7616289372
[2026-01-18 02:43:05] INFO in dispatcher: Update id=219029269 is handled. Duration 102 ms by bot id=7616289372
[2026-01-18 02:43:15] INFO in dispatcher: Update id=219029270 is handled. Duration 68 ms by bot id=7616289372
[2026-01-18 02:43:30] INFO in dispatcher: Update id=219029271 is handled. Duration 11409 ms by bot id=7616289372
[2026-01-18 03:04:38] ERROR in dispatcher: Failed to fetch updates - TelegramNetworkError: HTTP Client says - Request timeout error
[2026-01-18 03:04:38] WARNING in dispatcher: Sleep for 1.000000 seconds and try again... (tryings = 0, bot id = 7616289372)
[2026-01-18 03:04:50] INFO in dispatcher: Connection established (tryings = 1, bot id = 7616289372)
[2026-01-18 03:14:29] INFO in dispatcher: Start polling
[2026-01-18 03:14:29] INFO in dispatcher: Run polling for bot @prot_xafda_bot id=7616289372 - 'prot_bot'
[2026-01-18 03:14:46] INFO in dispatcher: Update id=219029272 is handled. Duration 182 ms by bot id=7616289372
[2026-01-18 03:14:48] INFO in dispatcher: Update id=219029273 is not handled. Duration 1 ms by bot id=7616289372
[2026-01-18 03:14:48] ERROR in dispatcher: Cause exception while process update id=219029273 by bot id=7616289372
NameError: name 'get_ticket_id_and_add_ban_user' is not defined
Traceback (most recent call last):
  File "C:\Users\arsry\AppData\Local\Programs\Python\Python313\Lib\site-packages\aiogram\dispatcher\dispatcher.py", line 309, in _process_update
    response = await self.feed_update(bot, update, **kwargs)
               ^^^^^^^^^^^^^^^^^^^^^^^^^^^^^^^^^^^^^^^^^^^^^
  File "C:\Users\arsry\AppData\Local\Programs\Python\Python313\Lib\site-packages\aiogram\dispatcher\dispatcher.py", line 158, in feed_update
    response = await self.update.wrap_outer_middleware(
               ^^^^^^^^^^^^^^^^^^^^^^^^^^^^^^^^^^^^^^^^
    ...<7 lines>...
    )
    ^
  File "C:\Users\arsry\AppData\Local\Programs\Python\Python313\Lib\site-packages\aiogram\dispatcher\middlewares\error.py", line 25, in __call__
    return await handler(event, data)
           ^^^^^^^^^^^^^^^^^^^^^^^^^^
  File "C:\Users\arsry\AppData\Local\Programs\Python\Python313\Lib\site-packages\aiogram\dispatcher\middlewares\user_context.py", line 56, in __call__
    return await handler(event, data)
           ^^^^^^^^^^^^^^^^^^^^^^^^^^
  File "C:\Users\arsry\AppData\Local\Programs\Python\Python313\Lib\site-packages\aiogram\fsm\middleware.py", line 42, in __call__
    return await handler(event, data)
           ^^^^^^^^^^^^^^^^^^^^^^^^^^
  File "C:\Users\arsry\AppData\Local\Programs\Python\Python313\Lib\site-packages\aiogram\dispatcher\event\telegram.py", line 121, in trigger
    return await wrapped_inner(event, kwargs)
           ^^^^^^^^^^^^^^^^^^^^^^^^^^^^^^^^^^
  File "C:\Users\arsry\AppData\Local\Programs\Python\Python313\Lib\site-packages\aiogram\dispatcher\event\handler.py", line 43, in call
    return await wrapped()
           ^^^^^^^^^^^^^^^
  File "C:\Users\arsry\AppData\Local\Programs\Python\Python313\Lib\site-packages\aiogram\dispatcher\dispatcher.py", line 276, in _listen_update
    return await self.propagate_event(update_type=update_type, event=event, **kwargs)
           ^^^^^^^^^^^^^^^^^^^^^^^^^^^^^^^^^^^^^^^^^^^^^^^^^^^^^^^^^^^^^^^^^^^^^^^^^^
  File "C:\Users\arsry\AppData\Local\Programs\Python\Python313\Lib\site-packages\aiogram\dispatcher\router.py", line 146, in propagate_event
    return await observer.wrap_outer_middleware(_wrapped, event=event, data=kwargs)
           ^^^^^^^^^^^^^^^^^^^^^^^^^^^^^^^^^^^^^^^^^^^^^^^^^^^^^^^^^^^^^^^^^^^^^^^^
  File "C:\Users\arsry\AppData\Local\Programs\Python\Python313\Lib\site-packages\aiogram\dispatcher\router.py", line 141, in _wrapped
    return await self._propagate_event(
           ^^^^^^^^^^^^^^^^^^^^^^^^^^^^
        observer=observer, update_type=update_type, event=telegram_event, **data
        ^^^^^^^^^^^^^^^^^^^^^^^^^^^^^^^^^^^^^^^^^^^^^^^^^^^^^^^^^^^^^^^^^^^^^^^^
    )
    ^
  File "C:\Users\arsry\AppData\Local\Programs\Python\Python313\Lib\site-packages\aiogram\dispatcher\router.py", line 174, in _propagate_event
    response = await router.propagate_event(update_type=update_type, event=event, **kwargs)
               ^^^^^^^^^^^^^^^^^^^^^^^^^^^^^^^^^^^^^^^^^^^^^^^^^^^^^^^^^^^^^^^^^^^^^^^^^^^^
  File "C:\Users\arsry\AppData\Local\Programs\Python\Python313\Lib\site-packages\aiogram\dispatcher\router.py", line 146, in propagate_event
    return await observer.wrap_outer_middleware(_wrapped, event=event, data=kwargs)
           ^^^^^^^^^^^^^^^^^^^^^^^^^^^^^^^^^^^^^^^^^^^^^^^^^^^^^^^^^^^^^^^^^^^^^^^^
  File "C:\Users\arsry\AppData\Local\Programs\Python\Python313\Lib\site-packages\aiogram\dispatcher\router.py", line 141, in _wrapped
    return await self._propagate_event(
           ^^^^^^^^^^^^^^^^^^^^^^^^^^^^
        observer=observer, update_type=update_type, event=telegram_event, **data
        ^^^^^^^^^^^^^^^^^^^^^^^^^^^^^^^^^^^^^^^^^^^^^^^^^^^^^^^^^^^^^^^^^^^^^^^^
    )
    ^
  File "C:\Users\arsry\AppData\Local\Programs\Python\Python313\Lib\site-packages\aiogram\dispatcher\router.py", line 166, in _propagate_event
    response = await observer.trigger(event, **kwargs)
               ^^^^^^^^^^^^^^^^^^^^^^^^^^^^^^^^^^^^^^^
  File "C:\Users\arsry\AppData\Local\Programs\Python\Python313\Lib\site-packages\aiogram\dispatcher\event\telegram.py", line 121, in trigger
    return await wrapped_inner(event, kwargs)
           ^^^^^^^^^^^^^^^^^^^^^^^^^^^^^^^^^^
  File "C:\Users\arsry\OneDrive\Рабочий стол\запись на секции\tg_bot\middlewares\throttling.py", line 65, in __call__
    return await handler(message, data)
           ^^^^^^^^^^^^^^^^^^^^^^^^^^^^
  File "C:\Users\arsry\AppData\Local\Programs\Python\Python313\Lib\site-packages\aiogram\dispatcher\event\handler.py", line 43, in call
    return await wrapped()
           ^^^^^^^^^^^^^^^
  File "C:\Users\arsry\OneDrive\Рабочий стол\запись на секции\tg_bot\routers\support.py", line 18, in start_support
    print(await get_ticket_id_and_add_ban_user(1, "бебра", 1))
                ^^^^^^^^^^^^^^^^^^^^^^^^^^^^^^
NameError: name 'get_ticket_id_and_add_ban_user' is not defined
[2026-01-18 03:16:47] INFO in dispatcher: Start polling
[2026-01-18 03:16:47] INFO in dispatcher: Run polling for bot @prot_xafda_bot id=7616289372 - 'prot_bot'
[2026-01-18 03:16:53] INFO in dispatcher: Update id=219029274 is not handled. Duration 2 ms by bot id=7616289372
[2026-01-18 03:16:53] ERROR in dispatcher: Cause exception while process update id=219029274 by bot id=7616289372
TypeError: get_id_add_ticket() takes 2 positional arguments but 3 were given
Traceback (most recent call last):
  File "C:\Users\arsry\AppData\Local\Programs\Python\Python313\Lib\site-packages\aiogram\dispatcher\dispatcher.py", line 309, in _process_update
    response = await self.feed_update(bot, update, **kwargs)
               ^^^^^^^^^^^^^^^^^^^^^^^^^^^^^^^^^^^^^^^^^^^^^
  File "C:\Users\arsry\AppData\Local\Programs\Python\Python313\Lib\site-packages\aiogram\dispatcher\dispatcher.py", line 158, in feed_update
    response = await self.update.wrap_outer_middleware(
               ^^^^^^^^^^^^^^^^^^^^^^^^^^^^^^^^^^^^^^^^
    ...<7 lines>...
    )
    ^
  File "C:\Users\arsry\AppData\Local\Programs\Python\Python313\Lib\site-packages\aiogram\dispatcher\middlewares\error.py", line 25, in __call__
    return await handler(event, data)
           ^^^^^^^^^^^^^^^^^^^^^^^^^^
  File "C:\Users\arsry\AppData\Local\Programs\Python\Python313\Lib\site-packages\aiogram\dispatcher\middlewares\user_context.py", line 56, in __call__
    return await handler(event, data)
           ^^^^^^^^^^^^^^^^^^^^^^^^^^
  File "C:\Users\arsry\AppData\Local\Programs\Python\Python313\Lib\site-packages\aiogram\fsm\middleware.py", line 42, in __call__
    return await handler(event, data)
           ^^^^^^^^^^^^^^^^^^^^^^^^^^
  File "C:\Users\arsry\AppData\Local\Programs\Python\Python313\Lib\site-packages\aiogram\dispatcher\event\telegram.py", line 121, in trigger
    return await wrapped_inner(event, kwargs)
           ^^^^^^^^^^^^^^^^^^^^^^^^^^^^^^^^^^
  File "C:\Users\arsry\AppData\Local\Programs\Python\Python313\Lib\site-packages\aiogram\dispatcher\event\handler.py", line 43, in call
    return await wrapped()
           ^^^^^^^^^^^^^^^
  File "C:\Users\arsry\AppData\Local\Programs\Python\Python313\Lib\site-packages\aiogram\dispatcher\dispatcher.py", line 276, in _listen_update
    return await self.propagate_event(update_type=update_type, event=event, **kwargs)
           ^^^^^^^^^^^^^^^^^^^^^^^^^^^^^^^^^^^^^^^^^^^^^^^^^^^^^^^^^^^^^^^^^^^^^^^^^^
  File "C:\Users\arsry\AppData\Local\Programs\Python\Python313\Lib\site-packages\aiogram\dispatcher\router.py", line 146, in propagate_event
    return await observer.wrap_outer_middleware(_wrapped, event=event, data=kwargs)
           ^^^^^^^^^^^^^^^^^^^^^^^^^^^^^^^^^^^^^^^^^^^^^^^^^^^^^^^^^^^^^^^^^^^^^^^^
  File "C:\Users\arsry\AppData\Local\Programs\Python\Python313\Lib\site-packages\aiogram\dispatcher\router.py", line 141, in _wrapped
    return await self._propagate_event(
           ^^^^^^^^^^^^^^^^^^^^^^^^^^^^
        observer=observer, update_type=update_type, event=telegram_event, **data
        ^^^^^^^^^^^^^^^^^^^^^^^^^^^^^^^^^^^^^^^^^^^^^^^^^^^^^^^^^^^^^^^^^^^^^^^^
    )
    ^
  File "C:\Users\arsry\AppData\Local\Programs\Python\Python313\Lib\site-packages\aiogram\dispatcher\router.py", line 174, in _propagate_event
    response = await router.propagate_event(update_type=update_type, event=event, **kwargs)
               ^^^^^^^^^^^^^^^^^^^^^^^^^^^^^^^^^^^^^^^^^^^^^^^^^^^^^^^^^^^^^^^^^^^^^^^^^^^^
  File "C:\Users\arsry\AppData\Local\Programs\Python\Python313\Lib\site-packages\aiogram\dispatcher\router.py", line 146, in propagate_event
    return await observer.wrap_outer_middleware(_wrapped, event=event, data=kwargs)
           ^^^^^^^^^^^^^^^^^^^^^^^^^^^^^^^^^^^^^^^^^^^^^^^^^^^^^^^^^^^^^^^^^^^^^^^^
  File "C:\Users\arsry\AppData\Local\Programs\Python\Python313\Lib\site-packages\aiogram\dispatcher\router.py", line 141, in _wrapped
    return await self._propagate_event(
           ^^^^^^^^^^^^^^^^^^^^^^^^^^^^
        observer=observer, update_type=update_type, event=telegram_event, **data
        ^^^^^^^^^^^^^^^^^^^^^^^^^^^^^^^^^^^^^^^^^^^^^^^^^^^^^^^^^^^^^^^^^^^^^^^^
    )
    ^
  File "C:\Users\arsry\AppData\Local\Programs\Python\Python313\Lib\site-packages\aiogram\dispatcher\router.py", line 166, in _propagate_event
    response = await observer.trigger(event, **kwargs)
               ^^^^^^^^^^^^^^^^^^^^^^^^^^^^^^^^^^^^^^^
  File "C:\Users\arsry\AppData\Local\Programs\Python\Python313\Lib\site-packages\aiogram\dispatcher\event\telegram.py", line 121, in trigger
    return await wrapped_inner(event, kwargs)
           ^^^^^^^^^^^^^^^^^^^^^^^^^^^^^^^^^^
  File "C:\Users\arsry\OneDrive\Рабочий стол\запись на секции\tg_bot\middlewares\throttling.py", line 65, in __call__
    return await handler(message, data)
           ^^^^^^^^^^^^^^^^^^^^^^^^^^^^
  File "C:\Users\arsry\AppData\Local\Programs\Python\Python313\Lib\site-packages\aiogram\dispatcher\event\handler.py", line 43, in call
    return await wrapped()
           ^^^^^^^^^^^^^^^
  File "C:\Users\arsry\OneDrive\Рабочий стол\запись на секции\tg_bot\routers\support.py", line 18, in start_support
    print(await get_id_add_ticket(1, "бебра", 1))
                ~~~~~~~~~~~~~~~~~^^^^^^^^^^^^^^^
TypeError: get_id_add_ticket() takes 2 positional arguments but 3 were given
[2026-01-18 03:17:24] INFO in dispatcher: Start polling
[2026-01-18 03:17:24] INFO in dispatcher: Run polling for bot @prot_xafda_bot id=7616289372 - 'prot_bot'
[2026-01-18 03:17:27] INFO in dispatcher: Update id=219029275 is handled. Duration 230 ms by bot id=7616289372
[2026-01-18 03:17:31] ERROR in postgre_db: Команда: INSERT INTO tickets (user_id, topic, status_id) VALUES (1, 'бебра', 1) RETURNING ticket_id
Ошибка при получении данных: значение NULL в столбце "admin_id" отношения "tickets" нарушает ограничение NOT NULL
DETAIL:  Ошибочная строка содержит (1, null, 1, бебра, 1, null, null, 2026-01-18 03:17:31.165901).
[2026-01-18 03:17:31] INFO in dispatcher: Update id=219029276 is handled. Duration 163 ms by bot id=7616289372
[2026-01-18 03:18:57] ERROR in postgre_db: Команда: INSERT INTO tickets (user_id, topic, status_id) VALUES (1, 'бебра', 1) RETURNING ticket_id
Ошибка при получении данных: INSERT или UPDATE в таблице "tickets" нарушает ограничение внешнего ключа "tickets_user_id_fkey"
DETAIL:  Ключ (user_id)=(1) отсутствует в таблице "users".
[2026-01-18 03:18:57] INFO in dispatcher: Update id=219029277 is handled. Duration 126 ms by bot id=7616289372
[2026-01-18 03:19:44] INFO in dispatcher: Start polling
[2026-01-18 03:19:44] INFO in dispatcher: Run polling for bot @prot_xafda_bot id=7616289372 - 'prot_bot'
[2026-01-18 03:19:47] INFO in dispatcher: Update id=219029278 is handled. Duration 260 ms by bot id=7616289372
[2026-01-18 03:33:12] INFO in dispatcher: Start polling
[2026-01-18 03:33:12] INFO in dispatcher: Run polling for bot @prot_xafda_bot id=7616289372 - 'prot_bot'
[2026-01-18 03:33:16] INFO in dispatcher: Update id=219029279 is handled. Duration 181 ms by bot id=7616289372
[2026-01-18 03:33:23] INFO in dispatcher: Update id=219029280 is handled. Duration 63 ms by bot id=7616289372
[2026-01-18 03:33:31] ERROR in postgre_db: Команда: INSERT INTO tickets_msg (ticket_id, msg, is_from_admin) VALUES (3, 'КАКАШКЕ',False)
Ошибка при получении данных: отношение "tickets_msg" не существует
[2026-01-18 03:33:31] INFO in dispatcher: Update id=219029281 is handled. Duration 170 ms by bot id=7616289372
[2026-01-18 03:37:51] INFO in dispatcher: Start polling
[2026-01-18 03:37:52] INFO in dispatcher: Run polling for bot @prot_xafda_bot id=7616289372 - 'prot_bot'
[2026-01-18 03:37:54] INFO in dispatcher: Update id=219029282 is handled. Duration 184 ms by bot id=7616289372
[2026-01-18 03:37:58] INFO in dispatcher: Update id=219029283 is handled. Duration 60 ms by bot id=7616289372
[2026-01-18 03:38:01] ERROR in postgre_db: Команда: INSERT INTO ticket_msg (ticket_id, msg, is_from_admin) VALUES (4, 'КАКАШКЕ',False)
Ошибка при получении данных: столбец "is_from_admin" в таблице "ticket_msg" не существует
[2026-01-18 03:38:01] INFO in dispatcher: Update id=219029284 is handled. Duration 295 ms by bot id=7616289372
[2026-01-18 03:40:27] INFO in dispatcher: Start polling
[2026-01-18 03:40:27] INFO in dispatcher: Run polling for bot @prot_xafda_bot id=7616289372 - 'prot_bot'
[2026-01-18 03:40:36] INFO in dispatcher: Update id=219029285 is handled. Duration 180 ms by bot id=7616289372
[2026-01-18 03:40:41] INFO in dispatcher: Update id=219029286 is handled. Duration 68 ms by bot id=7616289372
[2026-01-18 03:40:45] INFO in dispatcher: Update id=219029287 is handled. Duration 160 ms by bot id=7616289372
[2026-01-18 04:30:51] INFO in dispatcher: Start polling
[2026-01-18 04:30:51] INFO in dispatcher: Run polling for bot @prot_xafda_bot id=7616289372 - 'prot_bot'
[2026-01-18 04:30:55] INFO in dispatcher: Update id=219029288 is handled. Duration 259 ms by bot id=7616289372
[2026-01-18 04:31:00] INFO in dispatcher: Update id=219029289 is handled. Duration 76 ms by bot id=7616289372
[2026-01-18 04:31:02] INFO in dispatcher: Update id=219029290 is not handled. Duration 2 ms by bot id=7616289372
[2026-01-18 04:31:02] ERROR in dispatcher: Cause exception while process update id=219029290 by bot id=7616289372
NameError: name 'data' is not defined
Traceback (most recent call last):
  File "C:\Users\arsry\AppData\Local\Programs\Python\Python313\Lib\site-packages\aiogram\dispatcher\dispatcher.py", line 309, in _process_update
    response = await self.feed_update(bot, update, **kwargs)
               ^^^^^^^^^^^^^^^^^^^^^^^^^^^^^^^^^^^^^^^^^^^^^
  File "C:\Users\arsry\AppData\Local\Programs\Python\Python313\Lib\site-packages\aiogram\dispatcher\dispatcher.py", line 158, in feed_update
    response = await self.update.wrap_outer_middleware(
               ^^^^^^^^^^^^^^^^^^^^^^^^^^^^^^^^^^^^^^^^
    ...<7 lines>...
    )
    ^
  File "C:\Users\arsry\AppData\Local\Programs\Python\Python313\Lib\site-packages\aiogram\dispatcher\middlewares\error.py", line 25, in __call__
    return await handler(event, data)
           ^^^^^^^^^^^^^^^^^^^^^^^^^^
  File "C:\Users\arsry\AppData\Local\Programs\Python\Python313\Lib\site-packages\aiogram\dispatcher\middlewares\user_context.py", line 56, in __call__
    return await handler(event, data)
           ^^^^^^^^^^^^^^^^^^^^^^^^^^
  File "C:\Users\arsry\AppData\Local\Programs\Python\Python313\Lib\site-packages\aiogram\fsm\middleware.py", line 42, in __call__
    return await handler(event, data)
           ^^^^^^^^^^^^^^^^^^^^^^^^^^
  File "C:\Users\arsry\AppData\Local\Programs\Python\Python313\Lib\site-packages\aiogram\dispatcher\event\telegram.py", line 121, in trigger
    return await wrapped_inner(event, kwargs)
           ^^^^^^^^^^^^^^^^^^^^^^^^^^^^^^^^^^
  File "C:\Users\arsry\AppData\Local\Programs\Python\Python313\Lib\site-packages\aiogram\dispatcher\event\handler.py", line 43, in call
    return await wrapped()
           ^^^^^^^^^^^^^^^
  File "C:\Users\arsry\AppData\Local\Programs\Python\Python313\Lib\site-packages\aiogram\dispatcher\dispatcher.py", line 276, in _listen_update
    return await self.propagate_event(update_type=update_type, event=event, **kwargs)
           ^^^^^^^^^^^^^^^^^^^^^^^^^^^^^^^^^^^^^^^^^^^^^^^^^^^^^^^^^^^^^^^^^^^^^^^^^^
  File "C:\Users\arsry\AppData\Local\Programs\Python\Python313\Lib\site-packages\aiogram\dispatcher\router.py", line 146, in propagate_event
    return await observer.wrap_outer_middleware(_wrapped, event=event, data=kwargs)
           ^^^^^^^^^^^^^^^^^^^^^^^^^^^^^^^^^^^^^^^^^^^^^^^^^^^^^^^^^^^^^^^^^^^^^^^^
  File "C:\Users\arsry\AppData\Local\Programs\Python\Python313\Lib\site-packages\aiogram\dispatcher\router.py", line 141, in _wrapped
    return await self._propagate_event(
           ^^^^^^^^^^^^^^^^^^^^^^^^^^^^
        observer=observer, update_type=update_type, event=telegram_event, **data
        ^^^^^^^^^^^^^^^^^^^^^^^^^^^^^^^^^^^^^^^^^^^^^^^^^^^^^^^^^^^^^^^^^^^^^^^^
    )
    ^
  File "C:\Users\arsry\AppData\Local\Programs\Python\Python313\Lib\site-packages\aiogram\dispatcher\router.py", line 174, in _propagate_event
    response = await router.propagate_event(update_type=update_type, event=event, **kwargs)
               ^^^^^^^^^^^^^^^^^^^^^^^^^^^^^^^^^^^^^^^^^^^^^^^^^^^^^^^^^^^^^^^^^^^^^^^^^^^^
  File "C:\Users\arsry\AppData\Local\Programs\Python\Python313\Lib\site-packages\aiogram\dispatcher\router.py", line 146, in propagate_event
    return await observer.wrap_outer_middleware(_wrapped, event=event, data=kwargs)
           ^^^^^^^^^^^^^^^^^^^^^^^^^^^^^^^^^^^^^^^^^^^^^^^^^^^^^^^^^^^^^^^^^^^^^^^^
  File "C:\Users\arsry\AppData\Local\Programs\Python\Python313\Lib\site-packages\aiogram\dispatcher\router.py", line 141, in _wrapped
    return await self._propagate_event(
           ^^^^^^^^^^^^^^^^^^^^^^^^^^^^
        observer=observer, update_type=update_type, event=telegram_event, **data
        ^^^^^^^^^^^^^^^^^^^^^^^^^^^^^^^^^^^^^^^^^^^^^^^^^^^^^^^^^^^^^^^^^^^^^^^^
    )
    ^
  File "C:\Users\arsry\AppData\Local\Programs\Python\Python313\Lib\site-packages\aiogram\dispatcher\router.py", line 166, in _propagate_event
    response = await observer.trigger(event, **kwargs)
               ^^^^^^^^^^^^^^^^^^^^^^^^^^^^^^^^^^^^^^^
  File "C:\Users\arsry\AppData\Local\Programs\Python\Python313\Lib\site-packages\aiogram\dispatcher\event\telegram.py", line 121, in trigger
    return await wrapped_inner(event, kwargs)
           ^^^^^^^^^^^^^^^^^^^^^^^^^^^^^^^^^^
  File "C:\Users\arsry\OneDrive\Рабочий стол\запись на секции\tg_bot\middlewares\throttling.py", line 65, in __call__
    return await handler(message, data)
           ^^^^^^^^^^^^^^^^^^^^^^^^^^^^
  File "C:\Users\arsry\AppData\Local\Programs\Python\Python313\Lib\site-packages\aiogram\dispatcher\event\handler.py", line 43, in call
    return await wrapped()
           ^^^^^^^^^^^^^^^
  File "C:\Users\arsry\OneDrive\Рабочий стол\запись на секции\tg_bot\routers\support.py", line 37, in process_question
    await message.answer(f"Подтвердите отпрвку\n\n{data['topic']}\n\n{data['msg']}", reply_markup=confirm_kb)
                                                   ^^^^
NameError: name 'data' is not defined
[2026-01-18 04:31:36] INFO in dispatcher: Start polling
[2026-01-18 04:31:36] INFO in dispatcher: Run polling for bot @prot_xafda_bot id=7616289372 - 'prot_bot'
[2026-01-18 04:31:42] INFO in dispatcher: Update id=219029291 is handled. Duration 174 ms by bot id=7616289372
[2026-01-18 04:31:43] INFO in dispatcher: Update id=219029292 is handled. Duration 64 ms by bot id=7616289372
[2026-01-18 04:31:44] INFO in dispatcher: Update id=219029293 is not handled. Duration 1 ms by bot id=7616289372
[2026-01-18 04:31:44] ERROR in dispatcher: Cause exception while process update id=219029293 by bot id=7616289372
NameError: name 'confirm_kb' is not defined
Traceback (most recent call last):
  File "C:\Users\arsry\AppData\Local\Programs\Python\Python313\Lib\site-packages\aiogram\dispatcher\dispatcher.py", line 309, in _process_update
    response = await self.feed_update(bot, update, **kwargs)
               ^^^^^^^^^^^^^^^^^^^^^^^^^^^^^^^^^^^^^^^^^^^^^
  File "C:\Users\arsry\AppData\Local\Programs\Python\Python313\Lib\site-packages\aiogram\dispatcher\dispatcher.py", line 158, in feed_update
    response = await self.update.wrap_outer_middleware(
               ^^^^^^^^^^^^^^^^^^^^^^^^^^^^^^^^^^^^^^^^
    ...<7 lines>...
    )
    ^
  File "C:\Users\arsry\AppData\Local\Programs\Python\Python313\Lib\site-packages\aiogram\dispatcher\middlewares\error.py", line 25, in __call__
    return await handler(event, data)
           ^^^^^^^^^^^^^^^^^^^^^^^^^^
  File "C:\Users\arsry\AppData\Local\Programs\Python\Python313\Lib\site-packages\aiogram\dispatcher\middlewares\user_context.py", line 56, in __call__
    return await handler(event, data)
           ^^^^^^^^^^^^^^^^^^^^^^^^^^
  File "C:\Users\arsry\AppData\Local\Programs\Python\Python313\Lib\site-packages\aiogram\fsm\middleware.py", line 42, in __call__
    return await handler(event, data)
           ^^^^^^^^^^^^^^^^^^^^^^^^^^
  File "C:\Users\arsry\AppData\Local\Programs\Python\Python313\Lib\site-packages\aiogram\dispatcher\event\telegram.py", line 121, in trigger
    return await wrapped_inner(event, kwargs)
           ^^^^^^^^^^^^^^^^^^^^^^^^^^^^^^^^^^
  File "C:\Users\arsry\AppData\Local\Programs\Python\Python313\Lib\site-packages\aiogram\dispatcher\event\handler.py", line 43, in call
    return await wrapped()
           ^^^^^^^^^^^^^^^
  File "C:\Users\arsry\AppData\Local\Programs\Python\Python313\Lib\site-packages\aiogram\dispatcher\dispatcher.py", line 276, in _listen_update
    return await self.propagate_event(update_type=update_type, event=event, **kwargs)
           ^^^^^^^^^^^^^^^^^^^^^^^^^^^^^^^^^^^^^^^^^^^^^^^^^^^^^^^^^^^^^^^^^^^^^^^^^^
  File "C:\Users\arsry\AppData\Local\Programs\Python\Python313\Lib\site-packages\aiogram\dispatcher\router.py", line 146, in propagate_event
    return await observer.wrap_outer_middleware(_wrapped, event=event, data=kwargs)
           ^^^^^^^^^^^^^^^^^^^^^^^^^^^^^^^^^^^^^^^^^^^^^^^^^^^^^^^^^^^^^^^^^^^^^^^^
  File "C:\Users\arsry\AppData\Local\Programs\Python\Python313\Lib\site-packages\aiogram\dispatcher\router.py", line 141, in _wrapped
    return await self._propagate_event(
           ^^^^^^^^^^^^^^^^^^^^^^^^^^^^
        observer=observer, update_type=update_type, event=telegram_event, **data
        ^^^^^^^^^^^^^^^^^^^^^^^^^^^^^^^^^^^^^^^^^^^^^^^^^^^^^^^^^^^^^^^^^^^^^^^^
    )
    ^
  File "C:\Users\arsry\AppData\Local\Programs\Python\Python313\Lib\site-packages\aiogram\dispatcher\router.py", line 174, in _propagate_event
    response = await router.propagate_event(update_type=update_type, event=event, **kwargs)
               ^^^^^^^^^^^^^^^^^^^^^^^^^^^^^^^^^^^^^^^^^^^^^^^^^^^^^^^^^^^^^^^^^^^^^^^^^^^^
  File "C:\Users\arsry\AppData\Local\Programs\Python\Python313\Lib\site-packages\aiogram\dispatcher\router.py", line 146, in propagate_event
    return await observer.wrap_outer_middleware(_wrapped, event=event, data=kwargs)
           ^^^^^^^^^^^^^^^^^^^^^^^^^^^^^^^^^^^^^^^^^^^^^^^^^^^^^^^^^^^^^^^^^^^^^^^^
  File "C:\Users\arsry\AppData\Local\Programs\Python\Python313\Lib\site-packages\aiogram\dispatcher\router.py", line 141, in _wrapped
    return await self._propagate_event(
           ^^^^^^^^^^^^^^^^^^^^^^^^^^^^
        observer=observer, update_type=update_type, event=telegram_event, **data
        ^^^^^^^^^^^^^^^^^^^^^^^^^^^^^^^^^^^^^^^^^^^^^^^^^^^^^^^^^^^^^^^^^^^^^^^^
    )
    ^
  File "C:\Users\arsry\AppData\Local\Programs\Python\Python313\Lib\site-packages\aiogram\dispatcher\router.py", line 166, in _propagate_event
    response = await observer.trigger(event, **kwargs)
               ^^^^^^^^^^^^^^^^^^^^^^^^^^^^^^^^^^^^^^^
  File "C:\Users\arsry\AppData\Local\Programs\Python\Python313\Lib\site-packages\aiogram\dispatcher\event\telegram.py", line 121, in trigger
    return await wrapped_inner(event, kwargs)
           ^^^^^^^^^^^^^^^^^^^^^^^^^^^^^^^^^^
  File "C:\Users\arsry\OneDrive\Рабочий стол\запись на секции\tg_bot\middlewares\throttling.py", line 65, in __call__
    return await handler(message, data)
           ^^^^^^^^^^^^^^^^^^^^^^^^^^^^
  File "C:\Users\arsry\AppData\Local\Programs\Python\Python313\Lib\site-packages\aiogram\dispatcher\event\handler.py", line 43, in call
    return await wrapped()
           ^^^^^^^^^^^^^^^
  File "C:\Users\arsry\OneDrive\Рабочий стол\запись на секции\tg_bot\routers\support.py", line 38, in process_question
    await message.answer(f"Подтвердите отпрвку\n\n{data['topic']}\n\n{data['msg']}", reply_markup=confirm_kb)
                                                                                                  ^^^^^^^^^^
NameError: name 'confirm_kb' is not defined
[2026-01-18 04:34:38] INFO in dispatcher: Start polling
[2026-01-18 04:34:38] INFO in dispatcher: Run polling for bot @prot_xafda_bot id=7616289372 - 'prot_bot'
[2026-01-18 04:34:41] INFO in dispatcher: Update id=219029294 is handled. Duration 179 ms by bot id=7616289372
[2026-01-18 04:34:42] INFO in dispatcher: Update id=219029295 is handled. Duration 58 ms by bot id=7616289372
[2026-01-18 04:34:43] INFO in dispatcher: Update id=219029296 is handled. Duration 59 ms by bot id=7616289372
[2026-01-18 04:34:46] INFO in dispatcher: Update id=219029297 is not handled. Duration 2 ms by bot id=7616289372
[2026-01-18 04:35:30] INFO in dispatcher: Start polling
[2026-01-18 04:35:31] INFO in dispatcher: Run polling for bot @prot_xafda_bot id=7616289372 - 'prot_bot'
[2026-01-18 04:35:32] INFO in dispatcher: Update id=219029298 is handled. Duration 182 ms by bot id=7616289372
[2026-01-18 04:35:55] INFO in dispatcher: Update id=219029299 is handled. Duration 63 ms by bot id=7616289372
[2026-01-18 04:36:16] INFO in dispatcher: Update id=219029300 is handled. Duration 63 ms by bot id=7616289372
[2026-01-18 04:36:20] INFO in dispatcher: Update id=219029301 is handled. Duration 147 ms by bot id=7616289372
[2026-01-18 04:36:33] INFO in dispatcher: Update id=219029302 is handled. Duration 145 ms by bot id=7616289372
[2026-01-18 04:37:51] INFO in dispatcher: Start polling
[2026-01-18 04:37:51] INFO in dispatcher: Run polling for bot @prot_xafda_bot id=7616289372 - 'prot_bot'
[2026-01-18 04:37:53] INFO in dispatcher: Update id=219029303 is handled. Duration 177 ms by bot id=7616289372
[2026-01-18 04:38:02] INFO in dispatcher: Update id=219029304 is handled. Duration 58 ms by bot id=7616289372
[2026-01-18 04:38:06] INFO in dispatcher: Update id=219029305 is handled. Duration 66 ms by bot id=7616289372
[2026-01-18 04:38:10] INFO in dispatcher: Update id=219029306 is not handled. Duration 214 ms by bot id=7616289372
[2026-01-18 04:38:10] ERROR in dispatcher: Cause exception while process update id=219029306 by bot id=7616289372
NameError: name 'callback_query' is not defined
Traceback (most recent call last):
  File "C:\Users\arsry\AppData\Local\Programs\Python\Python313\Lib\site-packages\aiogram\dispatcher\dispatcher.py", line 309, in _process_update
    response = await self.feed_update(bot, update, **kwargs)
               ^^^^^^^^^^^^^^^^^^^^^^^^^^^^^^^^^^^^^^^^^^^^^
  File "C:\Users\arsry\AppData\Local\Programs\Python\Python313\Lib\site-packages\aiogram\dispatcher\dispatcher.py", line 158, in feed_update
    response = await self.update.wrap_outer_middleware(
               ^^^^^^^^^^^^^^^^^^^^^^^^^^^^^^^^^^^^^^^^
    ...<7 lines>...
    )
    ^
  File "C:\Users\arsry\AppData\Local\Programs\Python\Python313\Lib\site-packages\aiogram\dispatcher\middlewares\error.py", line 25, in __call__
    return await handler(event, data)
           ^^^^^^^^^^^^^^^^^^^^^^^^^^
  File "C:\Users\arsry\AppData\Local\Programs\Python\Python313\Lib\site-packages\aiogram\dispatcher\middlewares\user_context.py", line 56, in __call__
    return await handler(event, data)
           ^^^^^^^^^^^^^^^^^^^^^^^^^^
  File "C:\Users\arsry\AppData\Local\Programs\Python\Python313\Lib\site-packages\aiogram\fsm\middleware.py", line 42, in __call__
    return await handler(event, data)
           ^^^^^^^^^^^^^^^^^^^^^^^^^^
  File "C:\Users\arsry\AppData\Local\Programs\Python\Python313\Lib\site-packages\aiogram\dispatcher\event\telegram.py", line 121, in trigger
    return await wrapped_inner(event, kwargs)
           ^^^^^^^^^^^^^^^^^^^^^^^^^^^^^^^^^^
  File "C:\Users\arsry\AppData\Local\Programs\Python\Python313\Lib\site-packages\aiogram\dispatcher\event\handler.py", line 43, in call
    return await wrapped()
           ^^^^^^^^^^^^^^^
  File "C:\Users\arsry\AppData\Local\Programs\Python\Python313\Lib\site-packages\aiogram\dispatcher\dispatcher.py", line 276, in _listen_update
    return await self.propagate_event(update_type=update_type, event=event, **kwargs)
           ^^^^^^^^^^^^^^^^^^^^^^^^^^^^^^^^^^^^^^^^^^^^^^^^^^^^^^^^^^^^^^^^^^^^^^^^^^
  File "C:\Users\arsry\AppData\Local\Programs\Python\Python313\Lib\site-packages\aiogram\dispatcher\router.py", line 146, in propagate_event
    return await observer.wrap_outer_middleware(_wrapped, event=event, data=kwargs)
           ^^^^^^^^^^^^^^^^^^^^^^^^^^^^^^^^^^^^^^^^^^^^^^^^^^^^^^^^^^^^^^^^^^^^^^^^
  File "C:\Users\arsry\AppData\Local\Programs\Python\Python313\Lib\site-packages\aiogram\dispatcher\router.py", line 141, in _wrapped
    return await self._propagate_event(
           ^^^^^^^^^^^^^^^^^^^^^^^^^^^^
        observer=observer, update_type=update_type, event=telegram_event, **data
        ^^^^^^^^^^^^^^^^^^^^^^^^^^^^^^^^^^^^^^^^^^^^^^^^^^^^^^^^^^^^^^^^^^^^^^^^
    )
    ^
  File "C:\Users\arsry\AppData\Local\Programs\Python\Python313\Lib\site-packages\aiogram\dispatcher\router.py", line 174, in _propagate_event
    response = await router.propagate_event(update_type=update_type, event=event, **kwargs)
               ^^^^^^^^^^^^^^^^^^^^^^^^^^^^^^^^^^^^^^^^^^^^^^^^^^^^^^^^^^^^^^^^^^^^^^^^^^^^
  File "C:\Users\arsry\AppData\Local\Programs\Python\Python313\Lib\site-packages\aiogram\dispatcher\router.py", line 146, in propagate_event
    return await observer.wrap_outer_middleware(_wrapped, event=event, data=kwargs)
           ^^^^^^^^^^^^^^^^^^^^^^^^^^^^^^^^^^^^^^^^^^^^^^^^^^^^^^^^^^^^^^^^^^^^^^^^
  File "C:\Users\arsry\AppData\Local\Programs\Python\Python313\Lib\site-packages\aiogram\dispatcher\router.py", line 141, in _wrapped
    return await self._propagate_event(
           ^^^^^^^^^^^^^^^^^^^^^^^^^^^^
        observer=observer, update_type=update_type, event=telegram_event, **data
        ^^^^^^^^^^^^^^^^^^^^^^^^^^^^^^^^^^^^^^^^^^^^^^^^^^^^^^^^^^^^^^^^^^^^^^^^
    )
    ^
  File "C:\Users\arsry\AppData\Local\Programs\Python\Python313\Lib\site-packages\aiogram\dispatcher\router.py", line 166, in _propagate_event
    response = await observer.trigger(event, **kwargs)
               ^^^^^^^^^^^^^^^^^^^^^^^^^^^^^^^^^^^^^^^
  File "C:\Users\arsry\AppData\Local\Programs\Python\Python313\Lib\site-packages\aiogram\dispatcher\event\telegram.py", line 121, in trigger
    return await wrapped_inner(event, kwargs)
           ^^^^^^^^^^^^^^^^^^^^^^^^^^^^^^^^^^
  File "C:\Users\arsry\AppData\Local\Programs\Python\Python313\Lib\site-packages\aiogram\dispatcher\event\handler.py", line 43, in call
    return await wrapped()
           ^^^^^^^^^^^^^^^
  File "C:\Users\arsry\OneDrive\Рабочий стол\запись на секции\tg_bot\routers\support.py", line 49, in process_record
    await callback_query.message.edit_text("Ваш вопрос отправлен. Мы ответим как только сможем.")
          ^^^^^^^^^^^^^^
NameError: name 'callback_query' is not defined
[2026-01-18 04:38:41] INFO in dispatcher: Start polling
[2026-01-18 04:38:41] INFO in dispatcher: Run polling for bot @prot_xafda_bot id=7616289372 - 'prot_bot'
[2026-01-18 04:38:41] INFO in dispatcher: Update id=219029307 is handled. Duration 183 ms by bot id=7616289372
[2026-01-18 04:38:45] INFO in dispatcher: Update id=219029308 is handled. Duration 58 ms by bot id=7616289372
[2026-01-18 04:38:56] INFO in dispatcher: Update id=219029309 is handled. Duration 59 ms by bot id=7616289372
[2026-01-18 04:38:58] INFO in dispatcher: Update id=219029310 is handled. Duration 155 ms by bot id=7616289372
[2026-01-18 04:39:08] INFO in dispatcher: Update id=219029311 is handled. Duration 189 ms by bot id=7616289372
[2026-01-18 04:39:10] INFO in dispatcher: Update id=219029312 is handled. Duration 57 ms by bot id=7616289372
[2026-01-18 04:39:13] INFO in dispatcher: Update id=219029313 is handled. Duration 59 ms by bot id=7616289372
[2026-01-18 04:39:14] INFO in dispatcher: Update id=219029314 is not handled. Duration 2 ms by bot id=7616289372
[2026-01-18 04:52:44] INFO in dispatcher: Start polling
[2026-01-18 04:52:44] INFO in dispatcher: Run polling for bot @prot_xafda_bot id=7616289372 - 'prot_bot'
[2026-01-18 04:52:47] INFO in dispatcher: Update id=219029315 is handled. Duration 172 ms by bot id=7616289372
[2026-01-18 04:52:48] INFO in dispatcher: Update id=219029316 is handled. Duration 46 ms by bot id=7616289372
[2026-01-18 04:53:29] INFO in dispatcher: Start polling
[2026-01-18 04:53:29] INFO in dispatcher: Run polling for bot @prot_xafda_bot id=7616289372 - 'prot_bot'
[2026-01-18 04:53:29] INFO in dispatcher: Update id=219029317 is handled. Duration 195 ms by bot id=7616289372
[2026-01-18 04:53:31] INFO in dispatcher: Update id=219029318 is not handled. Duration 0 ms by bot id=7616289372
[2026-01-18 04:53:31] ERROR in dispatcher: Cause exception while process update id=219029318 by bot id=7616289372
NameError: name 'callback_query' is not defined
Traceback (most recent call last):
  File "C:\Users\arsry\AppData\Local\Programs\Python\Python313\Lib\site-packages\aiogram\dispatcher\dispatcher.py", line 309, in _process_update
    response = await self.feed_update(bot, update, **kwargs)
               ^^^^^^^^^^^^^^^^^^^^^^^^^^^^^^^^^^^^^^^^^^^^^
  File "C:\Users\arsry\AppData\Local\Programs\Python\Python313\Lib\site-packages\aiogram\dispatcher\dispatcher.py", line 158, in feed_update
    response = await self.update.wrap_outer_middleware(
               ^^^^^^^^^^^^^^^^^^^^^^^^^^^^^^^^^^^^^^^^
    ...<7 lines>...
    )
    ^
  File "C:\Users\arsry\AppData\Local\Programs\Python\Python313\Lib\site-packages\aiogram\dispatcher\middlewares\error.py", line 25, in __call__
    return await handler(event, data)
           ^^^^^^^^^^^^^^^^^^^^^^^^^^
  File "C:\Users\arsry\AppData\Local\Programs\Python\Python313\Lib\site-packages\aiogram\dispatcher\middlewares\user_context.py", line 56, in __call__
    return await handler(event, data)
           ^^^^^^^^^^^^^^^^^^^^^^^^^^
  File "C:\Users\arsry\AppData\Local\Programs\Python\Python313\Lib\site-packages\aiogram\fsm\middleware.py", line 42, in __call__
    return await handler(event, data)
           ^^^^^^^^^^^^^^^^^^^^^^^^^^
  File "C:\Users\arsry\AppData\Local\Programs\Python\Python313\Lib\site-packages\aiogram\dispatcher\event\telegram.py", line 121, in trigger
    return await wrapped_inner(event, kwargs)
           ^^^^^^^^^^^^^^^^^^^^^^^^^^^^^^^^^^
  File "C:\Users\arsry\AppData\Local\Programs\Python\Python313\Lib\site-packages\aiogram\dispatcher\event\handler.py", line 43, in call
    return await wrapped()
           ^^^^^^^^^^^^^^^
  File "C:\Users\arsry\AppData\Local\Programs\Python\Python313\Lib\site-packages\aiogram\dispatcher\dispatcher.py", line 276, in _listen_update
    return await self.propagate_event(update_type=update_type, event=event, **kwargs)
           ^^^^^^^^^^^^^^^^^^^^^^^^^^^^^^^^^^^^^^^^^^^^^^^^^^^^^^^^^^^^^^^^^^^^^^^^^^
  File "C:\Users\arsry\AppData\Local\Programs\Python\Python313\Lib\site-packages\aiogram\dispatcher\router.py", line 146, in propagate_event
    return await observer.wrap_outer_middleware(_wrapped, event=event, data=kwargs)
           ^^^^^^^^^^^^^^^^^^^^^^^^^^^^^^^^^^^^^^^^^^^^^^^^^^^^^^^^^^^^^^^^^^^^^^^^
  File "C:\Users\arsry\AppData\Local\Programs\Python\Python313\Lib\site-packages\aiogram\dispatcher\router.py", line 141, in _wrapped
    return await self._propagate_event(
           ^^^^^^^^^^^^^^^^^^^^^^^^^^^^
        observer=observer, update_type=update_type, event=telegram_event, **data
        ^^^^^^^^^^^^^^^^^^^^^^^^^^^^^^^^^^^^^^^^^^^^^^^^^^^^^^^^^^^^^^^^^^^^^^^^
    )
    ^
  File "C:\Users\arsry\AppData\Local\Programs\Python\Python313\Lib\site-packages\aiogram\dispatcher\router.py", line 174, in _propagate_event
    response = await router.propagate_event(update_type=update_type, event=event, **kwargs)
               ^^^^^^^^^^^^^^^^^^^^^^^^^^^^^^^^^^^^^^^^^^^^^^^^^^^^^^^^^^^^^^^^^^^^^^^^^^^^
  File "C:\Users\arsry\AppData\Local\Programs\Python\Python313\Lib\site-packages\aiogram\dispatcher\router.py", line 146, in propagate_event
    return await observer.wrap_outer_middleware(_wrapped, event=event, data=kwargs)
           ^^^^^^^^^^^^^^^^^^^^^^^^^^^^^^^^^^^^^^^^^^^^^^^^^^^^^^^^^^^^^^^^^^^^^^^^
  File "C:\Users\arsry\AppData\Local\Programs\Python\Python313\Lib\site-packages\aiogram\dispatcher\router.py", line 141, in _wrapped
    return await self._propagate_event(
           ^^^^^^^^^^^^^^^^^^^^^^^^^^^^
        observer=observer, update_type=update_type, event=telegram_event, **data
        ^^^^^^^^^^^^^^^^^^^^^^^^^^^^^^^^^^^^^^^^^^^^^^^^^^^^^^^^^^^^^^^^^^^^^^^^
    )
    ^
  File "C:\Users\arsry\AppData\Local\Programs\Python\Python313\Lib\site-packages\aiogram\dispatcher\router.py", line 166, in _propagate_event
    response = await observer.trigger(event, **kwargs)
               ^^^^^^^^^^^^^^^^^^^^^^^^^^^^^^^^^^^^^^^
  File "C:\Users\arsry\AppData\Local\Programs\Python\Python313\Lib\site-packages\aiogram\dispatcher\event\telegram.py", line 121, in trigger
    return await wrapped_inner(event, kwargs)
           ^^^^^^^^^^^^^^^^^^^^^^^^^^^^^^^^^^
  File "C:\Users\arsry\AppData\Local\Programs\Python\Python313\Lib\site-packages\aiogram\dispatcher\event\handler.py", line 43, in call
    return await wrapped()
           ^^^^^^^^^^^^^^^
  File "C:\Users\arsry\OneDrive\Рабочий стол\запись на секции\tg_bot\routers\support.py", line 31, in start_create_ticket
    await callback_query.message.edit_text("Напишите кратко тему обращения.\nОграничение 64 символа.", reply_markup=back_kb)
          ^^^^^^^^^^^^^^
NameError: name 'callback_query' is not defined
[2026-01-18 04:54:27] INFO in dispatcher: Start polling
[2026-01-18 04:54:27] INFO in dispatcher: Run polling for bot @prot_xafda_bot id=7616289372 - 'prot_bot'
[2026-01-18 04:54:28] INFO in dispatcher: Update id=219029319 is handled. Duration 173 ms by bot id=7616289372
[2026-01-18 04:54:31] INFO in dispatcher: Update id=219029320 is handled. Duration 55 ms by bot id=7616289372
[2026-01-18 04:54:49] INFO in dispatcher: Update id=219029321 is handled. Duration 47 ms by bot id=7616289372
[2026-01-18 04:58:52] INFO in dispatcher: Start polling
[2026-01-18 04:58:52] INFO in dispatcher: Run polling for bot @prot_xafda_bot id=7616289372 - 'prot_bot'
[2026-01-18 04:58:55] INFO in dispatcher: Update id=219029322 is handled. Duration 177 ms by bot id=7616289372
[2026-01-18 04:58:57] INFO in dispatcher: Update id=219029323 is handled. Duration 55 ms by bot id=7616289372
[2026-01-18 04:58:57] INFO in dispatcher: Update id=219029324 is not handled. Duration 3 ms by bot id=7616289372
[2026-01-18 05:00:47] INFO in dispatcher: Start polling
[2026-01-18 05:00:47] INFO in dispatcher: Run polling for bot @prot_xafda_bot id=7616289372 - 'prot_bot'
[2026-01-18 05:00:51] INFO in dispatcher: Update id=219029325 is handled. Duration 181 ms by bot id=7616289372
[2026-01-18 05:00:52] INFO in dispatcher: Update id=219029326 is handled. Duration 54 ms by bot id=7616289372
[2026-01-18 05:00:53] INFO in dispatcher: Update id=219029327 is not handled. Duration 0 ms by bot id=7616289372
[2026-01-18 05:00:53] ERROR in dispatcher: Cause exception while process update id=219029327 by bot id=7616289372
NameError: name 'callback_query' is not defined
Traceback (most recent call last):
  File "C:\Users\arsry\AppData\Local\Programs\Python\Python313\Lib\site-packages\aiogram\dispatcher\dispatcher.py", line 309, in _process_update
    response = await self.feed_update(bot, update, **kwargs)
               ^^^^^^^^^^^^^^^^^^^^^^^^^^^^^^^^^^^^^^^^^^^^^
  File "C:\Users\arsry\AppData\Local\Programs\Python\Python313\Lib\site-packages\aiogram\dispatcher\dispatcher.py", line 158, in feed_update
    response = await self.update.wrap_outer_middleware(
               ^^^^^^^^^^^^^^^^^^^^^^^^^^^^^^^^^^^^^^^^
    ...<7 lines>...
    )
    ^
  File "C:\Users\arsry\AppData\Local\Programs\Python\Python313\Lib\site-packages\aiogram\dispatcher\middlewares\error.py", line 25, in __call__
    return await handler(event, data)
           ^^^^^^^^^^^^^^^^^^^^^^^^^^
  File "C:\Users\arsry\AppData\Local\Programs\Python\Python313\Lib\site-packages\aiogram\dispatcher\middlewares\user_context.py", line 56, in __call__
    return await handler(event, data)
           ^^^^^^^^^^^^^^^^^^^^^^^^^^
  File "C:\Users\arsry\AppData\Local\Programs\Python\Python313\Lib\site-packages\aiogram\fsm\middleware.py", line 42, in __call__
    return await handler(event, data)
           ^^^^^^^^^^^^^^^^^^^^^^^^^^
  File "C:\Users\arsry\AppData\Local\Programs\Python\Python313\Lib\site-packages\aiogram\dispatcher\event\telegram.py", line 121, in trigger
    return await wrapped_inner(event, kwargs)
           ^^^^^^^^^^^^^^^^^^^^^^^^^^^^^^^^^^
  File "C:\Users\arsry\AppData\Local\Programs\Python\Python313\Lib\site-packages\aiogram\dispatcher\event\handler.py", line 43, in call
    return await wrapped()
           ^^^^^^^^^^^^^^^
  File "C:\Users\arsry\AppData\Local\Programs\Python\Python313\Lib\site-packages\aiogram\dispatcher\dispatcher.py", line 276, in _listen_update
    return await self.propagate_event(update_type=update_type, event=event, **kwargs)
           ^^^^^^^^^^^^^^^^^^^^^^^^^^^^^^^^^^^^^^^^^^^^^^^^^^^^^^^^^^^^^^^^^^^^^^^^^^
  File "C:\Users\arsry\AppData\Local\Programs\Python\Python313\Lib\site-packages\aiogram\dispatcher\router.py", line 146, in propagate_event
    return await observer.wrap_outer_middleware(_wrapped, event=event, data=kwargs)
           ^^^^^^^^^^^^^^^^^^^^^^^^^^^^^^^^^^^^^^^^^^^^^^^^^^^^^^^^^^^^^^^^^^^^^^^^
  File "C:\Users\arsry\AppData\Local\Programs\Python\Python313\Lib\site-packages\aiogram\dispatcher\router.py", line 141, in _wrapped
    return await self._propagate_event(
           ^^^^^^^^^^^^^^^^^^^^^^^^^^^^
        observer=observer, update_type=update_type, event=telegram_event, **data
        ^^^^^^^^^^^^^^^^^^^^^^^^^^^^^^^^^^^^^^^^^^^^^^^^^^^^^^^^^^^^^^^^^^^^^^^^
    )
    ^
  File "C:\Users\arsry\AppData\Local\Programs\Python\Python313\Lib\site-packages\aiogram\dispatcher\router.py", line 174, in _propagate_event
    response = await router.propagate_event(update_type=update_type, event=event, **kwargs)
               ^^^^^^^^^^^^^^^^^^^^^^^^^^^^^^^^^^^^^^^^^^^^^^^^^^^^^^^^^^^^^^^^^^^^^^^^^^^^
  File "C:\Users\arsry\AppData\Local\Programs\Python\Python313\Lib\site-packages\aiogram\dispatcher\router.py", line 146, in propagate_event
    return await observer.wrap_outer_middleware(_wrapped, event=event, data=kwargs)
           ^^^^^^^^^^^^^^^^^^^^^^^^^^^^^^^^^^^^^^^^^^^^^^^^^^^^^^^^^^^^^^^^^^^^^^^^
  File "C:\Users\arsry\AppData\Local\Programs\Python\Python313\Lib\site-packages\aiogram\dispatcher\router.py", line 141, in _wrapped
    return await self._propagate_event(
           ^^^^^^^^^^^^^^^^^^^^^^^^^^^^
        observer=observer, update_type=update_type, event=telegram_event, **data
        ^^^^^^^^^^^^^^^^^^^^^^^^^^^^^^^^^^^^^^^^^^^^^^^^^^^^^^^^^^^^^^^^^^^^^^^^
    )
    ^
  File "C:\Users\arsry\AppData\Local\Programs\Python\Python313\Lib\site-packages\aiogram\dispatcher\router.py", line 166, in _propagate_event
    response = await observer.trigger(event, **kwargs)
               ^^^^^^^^^^^^^^^^^^^^^^^^^^^^^^^^^^^^^^^
  File "C:\Users\arsry\AppData\Local\Programs\Python\Python313\Lib\site-packages\aiogram\dispatcher\event\telegram.py", line 121, in trigger
    return await wrapped_inner(event, kwargs)
           ^^^^^^^^^^^^^^^^^^^^^^^^^^^^^^^^^^
  File "C:\Users\arsry\AppData\Local\Programs\Python\Python313\Lib\site-packages\aiogram\dispatcher\event\handler.py", line 43, in call
    return await wrapped()
           ^^^^^^^^^^^^^^^
  File "C:\Users\arsry\OneDrive\Рабочий стол\запись на секции\tg_bot\routers\support.py", line 28, in start_support_callback
    await callback_query.message.edit_text("Поддержка", reply_markup=support_kb)
          ^^^^^^^^^^^^^^
NameError: name 'callback_query' is not defined
[2026-01-18 05:01:37] INFO in dispatcher: Start polling
[2026-01-18 05:01:37] INFO in dispatcher: Run polling for bot @prot_xafda_bot id=7616289372 - 'prot_bot'
[2026-01-18 05:01:39] INFO in dispatcher: Update id=219029328 is handled. Duration 178 ms by bot id=7616289372
[2026-01-18 05:01:40] INFO in dispatcher: Update id=219029329 is handled. Duration 58 ms by bot id=7616289372
[2026-01-18 05:01:41] INFO in dispatcher: Update id=219029330 is handled. Duration 53 ms by bot id=7616289372
[2026-01-18 05:01:42] INFO in dispatcher: Update id=219029331 is handled. Duration 58 ms by bot id=7616289372
[2026-01-18 05:01:43] INFO in dispatcher: Update id=219029332 is handled. Duration 53 ms by bot id=7616289372
[2026-01-18 05:01:44] INFO in dispatcher: Update id=219029333 is handled. Duration 54 ms by bot id=7616289372
[2026-01-18 05:01:47] INFO in dispatcher: Update id=219029334 is handled. Duration 60 ms by bot id=7616289372
[2026-01-18 05:01:49] INFO in dispatcher: Update id=219029335 is handled. Duration 323 ms by bot id=7616289372
[2026-01-18 05:01:51] INFO in dispatcher: Update id=219029336 is handled. Duration 409 ms by bot id=7616289372
[2026-01-18 05:01:55] INFO in dispatcher: Update id=219029337 is handled. Duration 56 ms by bot id=7616289372
[2026-01-18 05:01:57] INFO in dispatcher: Update id=219029338 is handled. Duration 59 ms by bot id=7616289372
[2026-01-18 05:02:02] INFO in dispatcher: Update id=219029339 is handled. Duration 162 ms by bot id=7616289372
[2026-01-18 05:03:53] INFO in dispatcher: Start polling
[2026-01-18 05:03:53] INFO in dispatcher: Run polling for bot @prot_xafda_bot id=7616289372 - 'prot_bot'
[2026-01-18 05:03:55] INFO in dispatcher: Update id=219029340 is handled. Duration 177 ms by bot id=7616289372
[2026-01-18 05:03:57] INFO in dispatcher: Update id=219029341 is handled. Duration 55 ms by bot id=7616289372
[2026-01-18 05:03:58] INFO in dispatcher: Update id=219029342 is handled. Duration 61 ms by bot id=7616289372
[2026-01-18 05:03:59] INFO in dispatcher: Update id=219029343 is handled. Duration 54 ms by bot id=7616289372
[2026-01-18 05:04:01] INFO in dispatcher: Update id=219029344 is handled. Duration 64 ms by bot id=7616289372
[2026-01-18 05:04:03] INFO in dispatcher: Update id=219029345 is handled. Duration 56 ms by bot id=7616289372
[2026-01-18 05:04:05] INFO in dispatcher: Update id=219029346 is handled. Duration 67 ms by bot id=7616289372
[2026-01-18 05:04:14] INFO in dispatcher: Update id=219029347 is handled. Duration 403 ms by bot id=7616289372
[2026-01-18 05:04:21] INFO in dispatcher: Update id=219029348 is handled. Duration 68 ms by bot id=7616289372
[2026-01-18 05:04:23] INFO in dispatcher: Update id=219029349 is handled. Duration 257 ms by bot id=7616289372
[2026-01-18 05:40:05] INFO in dispatcher: Start polling
[2026-01-18 05:40:05] INFO in dispatcher: Run polling for bot @prot_xafda_bot id=7616289372 - 'prot_bot'
[2026-01-18 05:40:21] INFO in dispatcher: Update id=219029350 is handled. Duration 183 ms by bot id=7616289372
[2026-01-18 05:40:25] INFO in dispatcher: Update id=219029351 is handled. Duration 102 ms by bot id=7616289372
[2026-01-18 05:40:28] INFO in dispatcher: Update id=219029352 is not handled. Duration 0 ms by bot id=7616289372
[2026-01-18 05:40:28] ERROR in dispatcher: Cause exception while process update id=219029352 by bot id=7616289372
KeyError: 0
Traceback (most recent call last):
  File "C:\Users\arsry\AppData\Local\Programs\Python\Python313\Lib\site-packages\aiogram\dispatcher\dispatcher.py", line 309, in _process_update
    response = await self.feed_update(bot, update, **kwargs)
               ^^^^^^^^^^^^^^^^^^^^^^^^^^^^^^^^^^^^^^^^^^^^^
  File "C:\Users\arsry\AppData\Local\Programs\Python\Python313\Lib\site-packages\aiogram\dispatcher\dispatcher.py", line 158, in feed_update
    response = await self.update.wrap_outer_middleware(
               ^^^^^^^^^^^^^^^^^^^^^^^^^^^^^^^^^^^^^^^^
    ...<7 lines>...
    )
    ^
  File "C:\Users\arsry\AppData\Local\Programs\Python\Python313\Lib\site-packages\aiogram\dispatcher\middlewares\error.py", line 25, in __call__
    return await handler(event, data)
           ^^^^^^^^^^^^^^^^^^^^^^^^^^
  File "C:\Users\arsry\AppData\Local\Programs\Python\Python313\Lib\site-packages\aiogram\dispatcher\middlewares\user_context.py", line 56, in __call__
    return await handler(event, data)
           ^^^^^^^^^^^^^^^^^^^^^^^^^^
  File "C:\Users\arsry\AppData\Local\Programs\Python\Python313\Lib\site-packages\aiogram\fsm\middleware.py", line 42, in __call__
    return await handler(event, data)
           ^^^^^^^^^^^^^^^^^^^^^^^^^^
  File "C:\Users\arsry\AppData\Local\Programs\Python\Python313\Lib\site-packages\aiogram\dispatcher\event\telegram.py", line 121, in trigger
    return await wrapped_inner(event, kwargs)
           ^^^^^^^^^^^^^^^^^^^^^^^^^^^^^^^^^^
  File "C:\Users\arsry\AppData\Local\Programs\Python\Python313\Lib\site-packages\aiogram\dispatcher\event\handler.py", line 43, in call
    return await wrapped()
           ^^^^^^^^^^^^^^^
  File "C:\Users\arsry\AppData\Local\Programs\Python\Python313\Lib\site-packages\aiogram\dispatcher\dispatcher.py", line 276, in _listen_update
    return await self.propagate_event(update_type=update_type, event=event, **kwargs)
           ^^^^^^^^^^^^^^^^^^^^^^^^^^^^^^^^^^^^^^^^^^^^^^^^^^^^^^^^^^^^^^^^^^^^^^^^^^
  File "C:\Users\arsry\AppData\Local\Programs\Python\Python313\Lib\site-packages\aiogram\dispatcher\router.py", line 146, in propagate_event
    return await observer.wrap_outer_middleware(_wrapped, event=event, data=kwargs)
           ^^^^^^^^^^^^^^^^^^^^^^^^^^^^^^^^^^^^^^^^^^^^^^^^^^^^^^^^^^^^^^^^^^^^^^^^
  File "C:\Users\arsry\AppData\Local\Programs\Python\Python313\Lib\site-packages\aiogram\dispatcher\router.py", line 141, in _wrapped
    return await self._propagate_event(
           ^^^^^^^^^^^^^^^^^^^^^^^^^^^^
        observer=observer, update_type=update_type, event=telegram_event, **data
        ^^^^^^^^^^^^^^^^^^^^^^^^^^^^^^^^^^^^^^^^^^^^^^^^^^^^^^^^^^^^^^^^^^^^^^^^
    )
    ^
  File "C:\Users\arsry\AppData\Local\Programs\Python\Python313\Lib\site-packages\aiogram\dispatcher\router.py", line 174, in _propagate_event
    response = await router.propagate_event(update_type=update_type, event=event, **kwargs)
               ^^^^^^^^^^^^^^^^^^^^^^^^^^^^^^^^^^^^^^^^^^^^^^^^^^^^^^^^^^^^^^^^^^^^^^^^^^^^
  File "C:\Users\arsry\AppData\Local\Programs\Python\Python313\Lib\site-packages\aiogram\dispatcher\router.py", line 146, in propagate_event
    return await observer.wrap_outer_middleware(_wrapped, event=event, data=kwargs)
           ^^^^^^^^^^^^^^^^^^^^^^^^^^^^^^^^^^^^^^^^^^^^^^^^^^^^^^^^^^^^^^^^^^^^^^^^
  File "C:\Users\arsry\AppData\Local\Programs\Python\Python313\Lib\site-packages\aiogram\dispatcher\router.py", line 141, in _wrapped
    return await self._propagate_event(
           ^^^^^^^^^^^^^^^^^^^^^^^^^^^^
        observer=observer, update_type=update_type, event=telegram_event, **data
        ^^^^^^^^^^^^^^^^^^^^^^^^^^^^^^^^^^^^^^^^^^^^^^^^^^^^^^^^^^^^^^^^^^^^^^^^
    )
    ^
  File "C:\Users\arsry\AppData\Local\Programs\Python\Python313\Lib\site-packages\aiogram\dispatcher\router.py", line 166, in _propagate_event
    response = await observer.trigger(event, **kwargs)
               ^^^^^^^^^^^^^^^^^^^^^^^^^^^^^^^^^^^^^^^
  File "C:\Users\arsry\AppData\Local\Programs\Python\Python313\Lib\site-packages\aiogram\dispatcher\event\telegram.py", line 121, in trigger
    return await wrapped_inner(event, kwargs)
           ^^^^^^^^^^^^^^^^^^^^^^^^^^^^^^^^^^
  File "C:\Users\arsry\AppData\Local\Programs\Python\Python313\Lib\site-packages\aiogram\dispatcher\event\handler.py", line 43, in call
    return await wrapped()
           ^^^^^^^^^^^^^^^
  File "C:\Users\arsry\OneDrive\Рабочий стол\запись на секции\tg_bot\routers\support.py", line 38, in start_create_ticket
    ticket = data[int(callback_query.data)]
             ~~~~^^^^^^^^^^^^^^^^^^^^^^^^^^
KeyError: 0
[2026-01-18 05:43:05] INFO in dispatcher: Update id=219029353 is not handled. Duration 0 ms by bot id=7616289372
[2026-01-18 05:43:06] ERROR in dispatcher: Cause exception while process update id=219029353 by bot id=7616289372
KeyError: 1
Traceback (most recent call last):
  File "C:\Users\arsry\AppData\Local\Programs\Python\Python313\Lib\site-packages\aiogram\dispatcher\dispatcher.py", line 309, in _process_update
    response = await self.feed_update(bot, update, **kwargs)
               ^^^^^^^^^^^^^^^^^^^^^^^^^^^^^^^^^^^^^^^^^^^^^
  File "C:\Users\arsry\AppData\Local\Programs\Python\Python313\Lib\site-packages\aiogram\dispatcher\dispatcher.py", line 158, in feed_update
    response = await self.update.wrap_outer_middleware(
               ^^^^^^^^^^^^^^^^^^^^^^^^^^^^^^^^^^^^^^^^
    ...<7 lines>...
    )
    ^
  File "C:\Users\arsry\AppData\Local\Programs\Python\Python313\Lib\site-packages\aiogram\dispatcher\middlewares\error.py", line 25, in __call__
    return await handler(event, data)
           ^^^^^^^^^^^^^^^^^^^^^^^^^^
  File "C:\Users\arsry\AppData\Local\Programs\Python\Python313\Lib\site-packages\aiogram\dispatcher\middlewares\user_context.py", line 56, in __call__
    return await handler(event, data)
           ^^^^^^^^^^^^^^^^^^^^^^^^^^
  File "C:\Users\arsry\AppData\Local\Programs\Python\Python313\Lib\site-packages\aiogram\fsm\middleware.py", line 42, in __call__
    return await handler(event, data)
           ^^^^^^^^^^^^^^^^^^^^^^^^^^
  File "C:\Users\arsry\AppData\Local\Programs\Python\Python313\Lib\site-packages\aiogram\dispatcher\event\telegram.py", line 121, in trigger
    return await wrapped_inner(event, kwargs)
           ^^^^^^^^^^^^^^^^^^^^^^^^^^^^^^^^^^
  File "C:\Users\arsry\AppData\Local\Programs\Python\Python313\Lib\site-packages\aiogram\dispatcher\event\handler.py", line 43, in call
    return await wrapped()
           ^^^^^^^^^^^^^^^
  File "C:\Users\arsry\AppData\Local\Programs\Python\Python313\Lib\site-packages\aiogram\dispatcher\dispatcher.py", line 276, in _listen_update
    return await self.propagate_event(update_type=update_type, event=event, **kwargs)
           ^^^^^^^^^^^^^^^^^^^^^^^^^^^^^^^^^^^^^^^^^^^^^^^^^^^^^^^^^^^^^^^^^^^^^^^^^^
  File "C:\Users\arsry\AppData\Local\Programs\Python\Python313\Lib\site-packages\aiogram\dispatcher\router.py", line 146, in propagate_event
    return await observer.wrap_outer_middleware(_wrapped, event=event, data=kwargs)
           ^^^^^^^^^^^^^^^^^^^^^^^^^^^^^^^^^^^^^^^^^^^^^^^^^^^^^^^^^^^^^^^^^^^^^^^^
  File "C:\Users\arsry\AppData\Local\Programs\Python\Python313\Lib\site-packages\aiogram\dispatcher\router.py", line 141, in _wrapped
    return await self._propagate_event(
           ^^^^^^^^^^^^^^^^^^^^^^^^^^^^
        observer=observer, update_type=update_type, event=telegram_event, **data
        ^^^^^^^^^^^^^^^^^^^^^^^^^^^^^^^^^^^^^^^^^^^^^^^^^^^^^^^^^^^^^^^^^^^^^^^^
    )
    ^
  File "C:\Users\arsry\AppData\Local\Programs\Python\Python313\Lib\site-packages\aiogram\dispatcher\router.py", line 174, in _propagate_event
    response = await router.propagate_event(update_type=update_type, event=event, **kwargs)
               ^^^^^^^^^^^^^^^^^^^^^^^^^^^^^^^^^^^^^^^^^^^^^^^^^^^^^^^^^^^^^^^^^^^^^^^^^^^^
  File "C:\Users\arsry\AppData\Local\Programs\Python\Python313\Lib\site-packages\aiogram\dispatcher\router.py", line 146, in propagate_event
    return await observer.wrap_outer_middleware(_wrapped, event=event, data=kwargs)
           ^^^^^^^^^^^^^^^^^^^^^^^^^^^^^^^^^^^^^^^^^^^^^^^^^^^^^^^^^^^^^^^^^^^^^^^^
  File "C:\Users\arsry\AppData\Local\Programs\Python\Python313\Lib\site-packages\aiogram\dispatcher\router.py", line 141, in _wrapped
    return await self._propagate_event(
           ^^^^^^^^^^^^^^^^^^^^^^^^^^^^
        observer=observer, update_type=update_type, event=telegram_event, **data
        ^^^^^^^^^^^^^^^^^^^^^^^^^^^^^^^^^^^^^^^^^^^^^^^^^^^^^^^^^^^^^^^^^^^^^^^^
    )
    ^
  File "C:\Users\arsry\AppData\Local\Programs\Python\Python313\Lib\site-packages\aiogram\dispatcher\router.py", line 166, in _propagate_event
    response = await observer.trigger(event, **kwargs)
               ^^^^^^^^^^^^^^^^^^^^^^^^^^^^^^^^^^^^^^^
  File "C:\Users\arsry\AppData\Local\Programs\Python\Python313\Lib\site-packages\aiogram\dispatcher\event\telegram.py", line 121, in trigger
    return await wrapped_inner(event, kwargs)
           ^^^^^^^^^^^^^^^^^^^^^^^^^^^^^^^^^^
  File "C:\Users\arsry\AppData\Local\Programs\Python\Python313\Lib\site-packages\aiogram\dispatcher\event\handler.py", line 43, in call
    return await wrapped()
           ^^^^^^^^^^^^^^^
  File "C:\Users\arsry\OneDrive\Рабочий стол\запись на секции\tg_bot\routers\support.py", line 38, in start_create_ticket
    ticket = data[int(callback_query.data)]
             ~~~~^^^^^^^^^^^^^^^^^^^^^^^^^^
KeyError: 1
[2026-01-18 05:43:44] INFO in dispatcher: Start polling
[2026-01-18 05:43:44] INFO in dispatcher: Run polling for bot @prot_xafda_bot id=7616289372 - 'prot_bot'
[2026-01-18 05:43:45] INFO in dispatcher: Update id=219029354 is handled. Duration 204 ms by bot id=7616289372
[2026-01-18 05:43:46] INFO in dispatcher: Update id=219029355 is handled. Duration 106 ms by bot id=7616289372
[2026-01-18 05:43:48] INFO in dispatcher: Update id=219029356 is not handled. Duration 10 ms by bot id=7616289372
[2026-01-18 05:43:48] ERROR in dispatcher: Cause exception while process update id=219029356 by bot id=7616289372
KeyError: 0
Traceback (most recent call last):
  File "C:\Users\arsry\AppData\Local\Programs\Python\Python313\Lib\site-packages\aiogram\dispatcher\dispatcher.py", line 309, in _process_update
    response = await self.feed_update(bot, update, **kwargs)
               ^^^^^^^^^^^^^^^^^^^^^^^^^^^^^^^^^^^^^^^^^^^^^
  File "C:\Users\arsry\AppData\Local\Programs\Python\Python313\Lib\site-packages\aiogram\dispatcher\dispatcher.py", line 158, in feed_update
    response = await self.update.wrap_outer_middleware(
               ^^^^^^^^^^^^^^^^^^^^^^^^^^^^^^^^^^^^^^^^
    ...<7 lines>...
    )
    ^
  File "C:\Users\arsry\AppData\Local\Programs\Python\Python313\Lib\site-packages\aiogram\dispatcher\middlewares\error.py", line 25, in __call__
    return await handler(event, data)
           ^^^^^^^^^^^^^^^^^^^^^^^^^^
  File "C:\Users\arsry\AppData\Local\Programs\Python\Python313\Lib\site-packages\aiogram\dispatcher\middlewares\user_context.py", line 56, in __call__
    return await handler(event, data)
           ^^^^^^^^^^^^^^^^^^^^^^^^^^
  File "C:\Users\arsry\AppData\Local\Programs\Python\Python313\Lib\site-packages\aiogram\fsm\middleware.py", line 42, in __call__
    return await handler(event, data)
           ^^^^^^^^^^^^^^^^^^^^^^^^^^
  File "C:\Users\arsry\AppData\Local\Programs\Python\Python313\Lib\site-packages\aiogram\dispatcher\event\telegram.py", line 121, in trigger
    return await wrapped_inner(event, kwargs)
           ^^^^^^^^^^^^^^^^^^^^^^^^^^^^^^^^^^
  File "C:\Users\arsry\AppData\Local\Programs\Python\Python313\Lib\site-packages\aiogram\dispatcher\event\handler.py", line 43, in call
    return await wrapped()
           ^^^^^^^^^^^^^^^
  File "C:\Users\arsry\AppData\Local\Programs\Python\Python313\Lib\site-packages\aiogram\dispatcher\dispatcher.py", line 276, in _listen_update
    return await self.propagate_event(update_type=update_type, event=event, **kwargs)
           ^^^^^^^^^^^^^^^^^^^^^^^^^^^^^^^^^^^^^^^^^^^^^^^^^^^^^^^^^^^^^^^^^^^^^^^^^^
  File "C:\Users\arsry\AppData\Local\Programs\Python\Python313\Lib\site-packages\aiogram\dispatcher\router.py", line 146, in propagate_event
    return await observer.wrap_outer_middleware(_wrapped, event=event, data=kwargs)
           ^^^^^^^^^^^^^^^^^^^^^^^^^^^^^^^^^^^^^^^^^^^^^^^^^^^^^^^^^^^^^^^^^^^^^^^^
  File "C:\Users\arsry\AppData\Local\Programs\Python\Python313\Lib\site-packages\aiogram\dispatcher\router.py", line 141, in _wrapped
    return await self._propagate_event(
           ^^^^^^^^^^^^^^^^^^^^^^^^^^^^
        observer=observer, update_type=update_type, event=telegram_event, **data
        ^^^^^^^^^^^^^^^^^^^^^^^^^^^^^^^^^^^^^^^^^^^^^^^^^^^^^^^^^^^^^^^^^^^^^^^^
    )
    ^
  File "C:\Users\arsry\AppData\Local\Programs\Python\Python313\Lib\site-packages\aiogram\dispatcher\router.py", line 174, in _propagate_event
    response = await router.propagate_event(update_type=update_type, event=event, **kwargs)
               ^^^^^^^^^^^^^^^^^^^^^^^^^^^^^^^^^^^^^^^^^^^^^^^^^^^^^^^^^^^^^^^^^^^^^^^^^^^^
  File "C:\Users\arsry\AppData\Local\Programs\Python\Python313\Lib\site-packages\aiogram\dispatcher\router.py", line 146, in propagate_event
    return await observer.wrap_outer_middleware(_wrapped, event=event, data=kwargs)
           ^^^^^^^^^^^^^^^^^^^^^^^^^^^^^^^^^^^^^^^^^^^^^^^^^^^^^^^^^^^^^^^^^^^^^^^^
  File "C:\Users\arsry\AppData\Local\Programs\Python\Python313\Lib\site-packages\aiogram\dispatcher\router.py", line 141, in _wrapped
    return await self._propagate_event(
           ^^^^^^^^^^^^^^^^^^^^^^^^^^^^
        observer=observer, update_type=update_type, event=telegram_event, **data
        ^^^^^^^^^^^^^^^^^^^^^^^^^^^^^^^^^^^^^^^^^^^^^^^^^^^^^^^^^^^^^^^^^^^^^^^^
    )
    ^
  File "C:\Users\arsry\AppData\Local\Programs\Python\Python313\Lib\site-packages\aiogram\dispatcher\router.py", line 166, in _propagate_event
    response = await observer.trigger(event, **kwargs)
               ^^^^^^^^^^^^^^^^^^^^^^^^^^^^^^^^^^^^^^^
  File "C:\Users\arsry\AppData\Local\Programs\Python\Python313\Lib\site-packages\aiogram\dispatcher\event\telegram.py", line 121, in trigger
    return await wrapped_inner(event, kwargs)
           ^^^^^^^^^^^^^^^^^^^^^^^^^^^^^^^^^^
  File "C:\Users\arsry\AppData\Local\Programs\Python\Python313\Lib\site-packages\aiogram\dispatcher\event\handler.py", line 43, in call
    return await wrapped()
           ^^^^^^^^^^^^^^^
  File "C:\Users\arsry\OneDrive\Рабочий стол\запись на секции\tg_bot\routers\support.py", line 39, in start_create_ticket
    print(data[int(callback_query.data)])
          ~~~~^^^^^^^^^^^^^^^^^^^^^^^^^^
KeyError: 0
[2026-01-18 05:45:03] INFO in dispatcher: Start polling
[2026-01-18 05:45:03] INFO in dispatcher: Run polling for bot @prot_xafda_bot id=7616289372 - 'prot_bot'
[2026-01-18 05:45:04] INFO in dispatcher: Update id=219029357 is handled. Duration 178 ms by bot id=7616289372
[2026-01-18 05:45:05] INFO in dispatcher: Update id=219029358 is handled. Duration 146 ms by bot id=7616289372
[2026-01-18 05:45:06] INFO in dispatcher: Update id=219029359 is not handled. Duration 4 ms by bot id=7616289372
[2026-01-18 05:45:06] ERROR in dispatcher: Cause exception while process update id=219029359 by bot id=7616289372
NameError: name 'ls_ticket' is not defined
Traceback (most recent call last):
  File "C:\Users\arsry\AppData\Local\Programs\Python\Python313\Lib\site-packages\aiogram\dispatcher\dispatcher.py", line 309, in _process_update
    response = await self.feed_update(bot, update, **kwargs)
               ^^^^^^^^^^^^^^^^^^^^^^^^^^^^^^^^^^^^^^^^^^^^^
  File "C:\Users\arsry\AppData\Local\Programs\Python\Python313\Lib\site-packages\aiogram\dispatcher\dispatcher.py", line 158, in feed_update
    response = await self.update.wrap_outer_middleware(
               ^^^^^^^^^^^^^^^^^^^^^^^^^^^^^^^^^^^^^^^^
    ...<7 lines>...
    )
    ^
  File "C:\Users\arsry\AppData\Local\Programs\Python\Python313\Lib\site-packages\aiogram\dispatcher\middlewares\error.py", line 25, in __call__
    return await handler(event, data)
           ^^^^^^^^^^^^^^^^^^^^^^^^^^
  File "C:\Users\arsry\AppData\Local\Programs\Python\Python313\Lib\site-packages\aiogram\dispatcher\middlewares\user_context.py", line 56, in __call__
    return await handler(event, data)
           ^^^^^^^^^^^^^^^^^^^^^^^^^^
  File "C:\Users\arsry\AppData\Local\Programs\Python\Python313\Lib\site-packages\aiogram\fsm\middleware.py", line 42, in __call__
    return await handler(event, data)
           ^^^^^^^^^^^^^^^^^^^^^^^^^^
  File "C:\Users\arsry\AppData\Local\Programs\Python\Python313\Lib\site-packages\aiogram\dispatcher\event\telegram.py", line 121, in trigger
    return await wrapped_inner(event, kwargs)
           ^^^^^^^^^^^^^^^^^^^^^^^^^^^^^^^^^^
  File "C:\Users\arsry\AppData\Local\Programs\Python\Python313\Lib\site-packages\aiogram\dispatcher\event\handler.py", line 43, in call
    return await wrapped()
           ^^^^^^^^^^^^^^^
  File "C:\Users\arsry\AppData\Local\Programs\Python\Python313\Lib\site-packages\aiogram\dispatcher\dispatcher.py", line 276, in _listen_update
    return await self.propagate_event(update_type=update_type, event=event, **kwargs)
           ^^^^^^^^^^^^^^^^^^^^^^^^^^^^^^^^^^^^^^^^^^^^^^^^^^^^^^^^^^^^^^^^^^^^^^^^^^
  File "C:\Users\arsry\AppData\Local\Programs\Python\Python313\Lib\site-packages\aiogram\dispatcher\router.py", line 146, in propagate_event
    return await observer.wrap_outer_middleware(_wrapped, event=event, data=kwargs)
           ^^^^^^^^^^^^^^^^^^^^^^^^^^^^^^^^^^^^^^^^^^^^^^^^^^^^^^^^^^^^^^^^^^^^^^^^
  File "C:\Users\arsry\AppData\Local\Programs\Python\Python313\Lib\site-packages\aiogram\dispatcher\router.py", line 141, in _wrapped
    return await self._propagate_event(
           ^^^^^^^^^^^^^^^^^^^^^^^^^^^^
        observer=observer, update_type=update_type, event=telegram_event, **data
        ^^^^^^^^^^^^^^^^^^^^^^^^^^^^^^^^^^^^^^^^^^^^^^^^^^^^^^^^^^^^^^^^^^^^^^^^
    )
    ^
  File "C:\Users\arsry\AppData\Local\Programs\Python\Python313\Lib\site-packages\aiogram\dispatcher\router.py", line 174, in _propagate_event
    response = await router.propagate_event(update_type=update_type, event=event, **kwargs)
               ^^^^^^^^^^^^^^^^^^^^^^^^^^^^^^^^^^^^^^^^^^^^^^^^^^^^^^^^^^^^^^^^^^^^^^^^^^^^
  File "C:\Users\arsry\AppData\Local\Programs\Python\Python313\Lib\site-packages\aiogram\dispatcher\router.py", line 146, in propagate_event
    return await observer.wrap_outer_middleware(_wrapped, event=event, data=kwargs)
           ^^^^^^^^^^^^^^^^^^^^^^^^^^^^^^^^^^^^^^^^^^^^^^^^^^^^^^^^^^^^^^^^^^^^^^^^
  File "C:\Users\arsry\AppData\Local\Programs\Python\Python313\Lib\site-packages\aiogram\dispatcher\router.py", line 141, in _wrapped
    return await self._propagate_event(
           ^^^^^^^^^^^^^^^^^^^^^^^^^^^^
        observer=observer, update_type=update_type, event=telegram_event, **data
        ^^^^^^^^^^^^^^^^^^^^^^^^^^^^^^^^^^^^^^^^^^^^^^^^^^^^^^^^^^^^^^^^^^^^^^^^
    )
    ^
  File "C:\Users\arsry\AppData\Local\Programs\Python\Python313\Lib\site-packages\aiogram\dispatcher\router.py", line 166, in _propagate_event
    response = await observer.trigger(event, **kwargs)
               ^^^^^^^^^^^^^^^^^^^^^^^^^^^^^^^^^^^^^^^
  File "C:\Users\arsry\AppData\Local\Programs\Python\Python313\Lib\site-packages\aiogram\dispatcher\event\telegram.py", line 121, in trigger
    return await wrapped_inner(event, kwargs)
           ^^^^^^^^^^^^^^^^^^^^^^^^^^^^^^^^^^
  File "C:\Users\arsry\AppData\Local\Programs\Python\Python313\Lib\site-packages\aiogram\dispatcher\event\handler.py", line 43, in call
    return await wrapped()
           ^^^^^^^^^^^^^^^
  File "C:\Users\arsry\OneDrive\Рабочий стол\запись на секции\tg_bot\routers\support.py", line 41, in start_create_ticket
    await callback_query.message.edit_text(f"Статус: {status[ticket['status_id']]}\nТекст:\n\n{ticket['topic']}", reply_markup=make_kb_list(ls_ticket, "Назад"))
                                                                                                                                            ^^^^^^^^^
NameError: name 'ls_ticket' is not defined. Did you mean: 'ticket'?
[2026-01-18 05:46:11] INFO in dispatcher: Start polling
[2026-01-18 05:46:12] INFO in dispatcher: Run polling for bot @prot_xafda_bot id=7616289372 - 'prot_bot'
[2026-01-18 05:46:15] INFO in dispatcher: Update id=219029360 is handled. Duration 177 ms by bot id=7616289372
[2026-01-18 05:46:16] INFO in dispatcher: Update id=219029361 is handled. Duration 124 ms by bot id=7616289372
[2026-01-18 05:46:17] INFO in dispatcher: Update id=219029362 is handled. Duration 104 ms by bot id=7616289372
[2026-01-18 05:56:55] INFO in dispatcher: Start polling
[2026-01-18 05:56:55] INFO in dispatcher: Run polling for bot @prot_xafda_bot id=7616289372 - 'prot_bot'
[2026-01-18 05:56:57] INFO in dispatcher: Update id=219029363 is handled. Duration 181 ms by bot id=7616289372
[2026-01-18 05:56:59] INFO in dispatcher: Update id=219029364 is handled. Duration 103 ms by bot id=7616289372
[2026-01-18 05:57:00] INFO in dispatcher: Update id=219029365 is not handled. Duration 35 ms by bot id=7616289372
[2026-01-18 05:57:00] ERROR in dispatcher: Cause exception while process update id=219029365 by bot id=7616289372
NameError: name 'get_ticket_msg' is not defined
Traceback (most recent call last):
  File "C:\Users\arsry\AppData\Local\Programs\Python\Python313\Lib\site-packages\aiogram\dispatcher\dispatcher.py", line 309, in _process_update
    response = await self.feed_update(bot, update, **kwargs)
               ^^^^^^^^^^^^^^^^^^^^^^^^^^^^^^^^^^^^^^^^^^^^^
  File "C:\Users\arsry\AppData\Local\Programs\Python\Python313\Lib\site-packages\aiogram\dispatcher\dispatcher.py", line 158, in feed_update
    response = await self.update.wrap_outer_middleware(
               ^^^^^^^^^^^^^^^^^^^^^^^^^^^^^^^^^^^^^^^^
    ...<7 lines>...
    )
    ^
  File "C:\Users\arsry\AppData\Local\Programs\Python\Python313\Lib\site-packages\aiogram\dispatcher\middlewares\error.py", line 25, in __call__
    return await handler(event, data)
           ^^^^^^^^^^^^^^^^^^^^^^^^^^
  File "C:\Users\arsry\AppData\Local\Programs\Python\Python313\Lib\site-packages\aiogram\dispatcher\middlewares\user_context.py", line 56, in __call__
    return await handler(event, data)
           ^^^^^^^^^^^^^^^^^^^^^^^^^^
  File "C:\Users\arsry\AppData\Local\Programs\Python\Python313\Lib\site-packages\aiogram\fsm\middleware.py", line 42, in __call__
    return await handler(event, data)
           ^^^^^^^^^^^^^^^^^^^^^^^^^^
  File "C:\Users\arsry\AppData\Local\Programs\Python\Python313\Lib\site-packages\aiogram\dispatcher\event\telegram.py", line 121, in trigger
    return await wrapped_inner(event, kwargs)
           ^^^^^^^^^^^^^^^^^^^^^^^^^^^^^^^^^^
  File "C:\Users\arsry\AppData\Local\Programs\Python\Python313\Lib\site-packages\aiogram\dispatcher\event\handler.py", line 43, in call
    return await wrapped()
           ^^^^^^^^^^^^^^^
  File "C:\Users\arsry\AppData\Local\Programs\Python\Python313\Lib\site-packages\aiogram\dispatcher\dispatcher.py", line 276, in _listen_update
    return await self.propagate_event(update_type=update_type, event=event, **kwargs)
           ^^^^^^^^^^^^^^^^^^^^^^^^^^^^^^^^^^^^^^^^^^^^^^^^^^^^^^^^^^^^^^^^^^^^^^^^^^
  File "C:\Users\arsry\AppData\Local\Programs\Python\Python313\Lib\site-packages\aiogram\dispatcher\router.py", line 146, in propagate_event
    return await observer.wrap_outer_middleware(_wrapped, event=event, data=kwargs)
           ^^^^^^^^^^^^^^^^^^^^^^^^^^^^^^^^^^^^^^^^^^^^^^^^^^^^^^^^^^^^^^^^^^^^^^^^
  File "C:\Users\arsry\AppData\Local\Programs\Python\Python313\Lib\site-packages\aiogram\dispatcher\router.py", line 141, in _wrapped
    return await self._propagate_event(
           ^^^^^^^^^^^^^^^^^^^^^^^^^^^^
        observer=observer, update_type=update_type, event=telegram_event, **data
        ^^^^^^^^^^^^^^^^^^^^^^^^^^^^^^^^^^^^^^^^^^^^^^^^^^^^^^^^^^^^^^^^^^^^^^^^
    )
    ^
  File "C:\Users\arsry\AppData\Local\Programs\Python\Python313\Lib\site-packages\aiogram\dispatcher\router.py", line 174, in _propagate_event
    response = await router.propagate_event(update_type=update_type, event=event, **kwargs)
               ^^^^^^^^^^^^^^^^^^^^^^^^^^^^^^^^^^^^^^^^^^^^^^^^^^^^^^^^^^^^^^^^^^^^^^^^^^^^
  File "C:\Users\arsry\AppData\Local\Programs\Python\Python313\Lib\site-packages\aiogram\dispatcher\router.py", line 146, in propagate_event
    return await observer.wrap_outer_middleware(_wrapped, event=event, data=kwargs)
           ^^^^^^^^^^^^^^^^^^^^^^^^^^^^^^^^^^^^^^^^^^^^^^^^^^^^^^^^^^^^^^^^^^^^^^^^
  File "C:\Users\arsry\AppData\Local\Programs\Python\Python313\Lib\site-packages\aiogram\dispatcher\router.py", line 141, in _wrapped
    return await self._propagate_event(
           ^^^^^^^^^^^^^^^^^^^^^^^^^^^^
        observer=observer, update_type=update_type, event=telegram_event, **data
        ^^^^^^^^^^^^^^^^^^^^^^^^^^^^^^^^^^^^^^^^^^^^^^^^^^^^^^^^^^^^^^^^^^^^^^^^
    )
    ^
  File "C:\Users\arsry\AppData\Local\Programs\Python\Python313\Lib\site-packages\aiogram\dispatcher\router.py", line 166, in _propagate_event
    response = await observer.trigger(event, **kwargs)
               ^^^^^^^^^^^^^^^^^^^^^^^^^^^^^^^^^^^^^^^
  File "C:\Users\arsry\AppData\Local\Programs\Python\Python313\Lib\site-packages\aiogram\dispatcher\event\telegram.py", line 121, in trigger
    return await wrapped_inner(event, kwargs)
           ^^^^^^^^^^^^^^^^^^^^^^^^^^^^^^^^^^
  File "C:\Users\arsry\AppData\Local\Programs\Python\Python313\Lib\site-packages\aiogram\dispatcher\event\handler.py", line 43, in call
    return await wrapped()
           ^^^^^^^^^^^^^^^
  File "C:\Users\arsry\OneDrive\Рабочий стол\запись на секции\tg_bot\routers\support.py", line 41, in start_create_ticket
    ans = await get_ticket_msg(ticket['ticket_id'])
                ^^^^^^^^^^^^^^
NameError: name 'get_ticket_msg' is not defined. Did you mean: 'add_ticket_msg'?
[2026-01-18 05:57:51] INFO in dispatcher: Start polling
[2026-01-18 05:57:51] INFO in dispatcher: Run polling for bot @prot_xafda_bot id=7616289372 - 'prot_bot'
[2026-01-18 05:57:54] INFO in dispatcher: Update id=219029366 is handled. Duration 183 ms by bot id=7616289372
[2026-01-18 05:57:55] INFO in dispatcher: Update id=219029367 is handled. Duration 109 ms by bot id=7616289372
[2026-01-18 05:57:59] INFO in dispatcher: Update id=219029368 is handled. Duration 106 ms by bot id=7616289372
[2026-01-18 05:58:12] INFO in dispatcher: Update id=219029369 is handled. Duration 83 ms by bot id=7616289372
[2026-01-18 05:58:13] INFO in dispatcher: Update id=219029370 is handled. Duration 116 ms by bot id=7616289372
[2026-01-18 05:58:14] INFO in dispatcher: Update id=219029371 is handled. Duration 108 ms by bot id=7616289372
[2026-01-18 06:00:30] INFO in dispatcher: Update id=219029372 is handled. Duration 55 ms by bot id=7616289372
[2026-01-18 06:00:31] INFO in dispatcher: Update id=219029373 is handled. Duration 104 ms by bot id=7616289372
[2026-01-18 06:00:32] INFO in dispatcher: Update id=219029374 is not handled. Duration 0 ms by bot id=7616289372
[2026-01-18 06:00:32] ERROR in dispatcher: Cause exception while process update id=219029374 by bot id=7616289372
ValueError: invalid literal for int() with base 10: 'Назад'
Traceback (most recent call last):
  File "C:\Users\arsry\AppData\Local\Programs\Python\Python313\Lib\site-packages\aiogram\dispatcher\dispatcher.py", line 309, in _process_update
    response = await self.feed_update(bot, update, **kwargs)
               ^^^^^^^^^^^^^^^^^^^^^^^^^^^^^^^^^^^^^^^^^^^^^
  File "C:\Users\arsry\AppData\Local\Programs\Python\Python313\Lib\site-packages\aiogram\dispatcher\dispatcher.py", line 158, in feed_update
    response = await self.update.wrap_outer_middleware(
               ^^^^^^^^^^^^^^^^^^^^^^^^^^^^^^^^^^^^^^^^
    ...<7 lines>...
    )
    ^
  File "C:\Users\arsry\AppData\Local\Programs\Python\Python313\Lib\site-packages\aiogram\dispatcher\middlewares\error.py", line 25, in __call__
    return await handler(event, data)
           ^^^^^^^^^^^^^^^^^^^^^^^^^^
  File "C:\Users\arsry\AppData\Local\Programs\Python\Python313\Lib\site-packages\aiogram\dispatcher\middlewares\user_context.py", line 56, in __call__
    return await handler(event, data)
           ^^^^^^^^^^^^^^^^^^^^^^^^^^
  File "C:\Users\arsry\AppData\Local\Programs\Python\Python313\Lib\site-packages\aiogram\fsm\middleware.py", line 42, in __call__
    return await handler(event, data)
           ^^^^^^^^^^^^^^^^^^^^^^^^^^
  File "C:\Users\arsry\AppData\Local\Programs\Python\Python313\Lib\site-packages\aiogram\dispatcher\event\telegram.py", line 121, in trigger
    return await wrapped_inner(event, kwargs)
           ^^^^^^^^^^^^^^^^^^^^^^^^^^^^^^^^^^
  File "C:\Users\arsry\AppData\Local\Programs\Python\Python313\Lib\site-packages\aiogram\dispatcher\event\handler.py", line 43, in call
    return await wrapped()
           ^^^^^^^^^^^^^^^
  File "C:\Users\arsry\AppData\Local\Programs\Python\Python313\Lib\site-packages\aiogram\dispatcher\dispatcher.py", line 276, in _listen_update
    return await self.propagate_event(update_type=update_type, event=event, **kwargs)
           ^^^^^^^^^^^^^^^^^^^^^^^^^^^^^^^^^^^^^^^^^^^^^^^^^^^^^^^^^^^^^^^^^^^^^^^^^^
  File "C:\Users\arsry\AppData\Local\Programs\Python\Python313\Lib\site-packages\aiogram\dispatcher\router.py", line 146, in propagate_event
    return await observer.wrap_outer_middleware(_wrapped, event=event, data=kwargs)
           ^^^^^^^^^^^^^^^^^^^^^^^^^^^^^^^^^^^^^^^^^^^^^^^^^^^^^^^^^^^^^^^^^^^^^^^^
  File "C:\Users\arsry\AppData\Local\Programs\Python\Python313\Lib\site-packages\aiogram\dispatcher\router.py", line 141, in _wrapped
    return await self._propagate_event(
           ^^^^^^^^^^^^^^^^^^^^^^^^^^^^
        observer=observer, update_type=update_type, event=telegram_event, **data
        ^^^^^^^^^^^^^^^^^^^^^^^^^^^^^^^^^^^^^^^^^^^^^^^^^^^^^^^^^^^^^^^^^^^^^^^^
    )
    ^
  File "C:\Users\arsry\AppData\Local\Programs\Python\Python313\Lib\site-packages\aiogram\dispatcher\router.py", line 174, in _propagate_event
    response = await router.propagate_event(update_type=update_type, event=event, **kwargs)
               ^^^^^^^^^^^^^^^^^^^^^^^^^^^^^^^^^^^^^^^^^^^^^^^^^^^^^^^^^^^^^^^^^^^^^^^^^^^^
  File "C:\Users\arsry\AppData\Local\Programs\Python\Python313\Lib\site-packages\aiogram\dispatcher\router.py", line 146, in propagate_event
    return await observer.wrap_outer_middleware(_wrapped, event=event, data=kwargs)
           ^^^^^^^^^^^^^^^^^^^^^^^^^^^^^^^^^^^^^^^^^^^^^^^^^^^^^^^^^^^^^^^^^^^^^^^^
  File "C:\Users\arsry\AppData\Local\Programs\Python\Python313\Lib\site-packages\aiogram\dispatcher\router.py", line 141, in _wrapped
    return await self._propagate_event(
           ^^^^^^^^^^^^^^^^^^^^^^^^^^^^
        observer=observer, update_type=update_type, event=telegram_event, **data
        ^^^^^^^^^^^^^^^^^^^^^^^^^^^^^^^^^^^^^^^^^^^^^^^^^^^^^^^^^^^^^^^^^^^^^^^^
    )
    ^
  File "C:\Users\arsry\AppData\Local\Programs\Python\Python313\Lib\site-packages\aiogram\dispatcher\router.py", line 166, in _propagate_event
    response = await observer.trigger(event, **kwargs)
               ^^^^^^^^^^^^^^^^^^^^^^^^^^^^^^^^^^^^^^^
  File "C:\Users\arsry\AppData\Local\Programs\Python\Python313\Lib\site-packages\aiogram\dispatcher\event\telegram.py", line 121, in trigger
    return await wrapped_inner(event, kwargs)
           ^^^^^^^^^^^^^^^^^^^^^^^^^^^^^^^^^^
  File "C:\Users\arsry\AppData\Local\Programs\Python\Python313\Lib\site-packages\aiogram\dispatcher\event\handler.py", line 43, in call
    return await wrapped()
           ^^^^^^^^^^^^^^^
  File "C:\Users\arsry\OneDrive\Рабочий стол\запись на секции\tg_bot\routers\support.py", line 38, in start_create_ticket
    print(data['tickets'][int(callback_query.data)])
                          ~~~^^^^^^^^^^^^^^^^^^^^^
ValueError: invalid literal for int() with base 10: 'Назад'
[2026-01-18 06:01:24] INFO in dispatcher: Update id=219029375 is handled. Duration 59 ms by bot id=7616289372
[2026-01-18 06:01:27] INFO in dispatcher: Update id=219029376 is handled. Duration 412 ms by bot id=7616289372
[2026-01-18 06:01:27] INFO in dispatcher: Update id=219029377 is not handled. Duration 0 ms by bot id=7616289372
[2026-01-18 06:01:28] ERROR in dispatcher: Cause exception while process update id=219029377 by bot id=7616289372
ValueError: invalid literal for int() with base 10: 'Назад'
Traceback (most recent call last):
  File "C:\Users\arsry\AppData\Local\Programs\Python\Python313\Lib\site-packages\aiogram\dispatcher\dispatcher.py", line 309, in _process_update
    response = await self.feed_update(bot, update, **kwargs)
               ^^^^^^^^^^^^^^^^^^^^^^^^^^^^^^^^^^^^^^^^^^^^^
  File "C:\Users\arsry\AppData\Local\Programs\Python\Python313\Lib\site-packages\aiogram\dispatcher\dispatcher.py", line 158, in feed_update
    response = await self.update.wrap_outer_middleware(
               ^^^^^^^^^^^^^^^^^^^^^^^^^^^^^^^^^^^^^^^^
    ...<7 lines>...
    )
    ^
  File "C:\Users\arsry\AppData\Local\Programs\Python\Python313\Lib\site-packages\aiogram\dispatcher\middlewares\error.py", line 25, in __call__
    return await handler(event, data)
           ^^^^^^^^^^^^^^^^^^^^^^^^^^
  File "C:\Users\arsry\AppData\Local\Programs\Python\Python313\Lib\site-packages\aiogram\dispatcher\middlewares\user_context.py", line 56, in __call__
    return await handler(event, data)
           ^^^^^^^^^^^^^^^^^^^^^^^^^^
  File "C:\Users\arsry\AppData\Local\Programs\Python\Python313\Lib\site-packages\aiogram\fsm\middleware.py", line 42, in __call__
    return await handler(event, data)
           ^^^^^^^^^^^^^^^^^^^^^^^^^^
  File "C:\Users\arsry\AppData\Local\Programs\Python\Python313\Lib\site-packages\aiogram\dispatcher\event\telegram.py", line 121, in trigger
    return await wrapped_inner(event, kwargs)
           ^^^^^^^^^^^^^^^^^^^^^^^^^^^^^^^^^^
  File "C:\Users\arsry\AppData\Local\Programs\Python\Python313\Lib\site-packages\aiogram\dispatcher\event\handler.py", line 43, in call
    return await wrapped()
           ^^^^^^^^^^^^^^^
  File "C:\Users\arsry\AppData\Local\Programs\Python\Python313\Lib\site-packages\aiogram\dispatcher\dispatcher.py", line 276, in _listen_update
    return await self.propagate_event(update_type=update_type, event=event, **kwargs)
           ^^^^^^^^^^^^^^^^^^^^^^^^^^^^^^^^^^^^^^^^^^^^^^^^^^^^^^^^^^^^^^^^^^^^^^^^^^
  File "C:\Users\arsry\AppData\Local\Programs\Python\Python313\Lib\site-packages\aiogram\dispatcher\router.py", line 146, in propagate_event
    return await observer.wrap_outer_middleware(_wrapped, event=event, data=kwargs)
           ^^^^^^^^^^^^^^^^^^^^^^^^^^^^^^^^^^^^^^^^^^^^^^^^^^^^^^^^^^^^^^^^^^^^^^^^
  File "C:\Users\arsry\AppData\Local\Programs\Python\Python313\Lib\site-packages\aiogram\dispatcher\router.py", line 141, in _wrapped
    return await self._propagate_event(
           ^^^^^^^^^^^^^^^^^^^^^^^^^^^^
        observer=observer, update_type=update_type, event=telegram_event, **data
        ^^^^^^^^^^^^^^^^^^^^^^^^^^^^^^^^^^^^^^^^^^^^^^^^^^^^^^^^^^^^^^^^^^^^^^^^
    )
    ^
  File "C:\Users\arsry\AppData\Local\Programs\Python\Python313\Lib\site-packages\aiogram\dispatcher\router.py", line 174, in _propagate_event
    response = await router.propagate_event(update_type=update_type, event=event, **kwargs)
               ^^^^^^^^^^^^^^^^^^^^^^^^^^^^^^^^^^^^^^^^^^^^^^^^^^^^^^^^^^^^^^^^^^^^^^^^^^^^
  File "C:\Users\arsry\AppData\Local\Programs\Python\Python313\Lib\site-packages\aiogram\dispatcher\router.py", line 146, in propagate_event
    return await observer.wrap_outer_middleware(_wrapped, event=event, data=kwargs)
           ^^^^^^^^^^^^^^^^^^^^^^^^^^^^^^^^^^^^^^^^^^^^^^^^^^^^^^^^^^^^^^^^^^^^^^^^
  File "C:\Users\arsry\AppData\Local\Programs\Python\Python313\Lib\site-packages\aiogram\dispatcher\router.py", line 141, in _wrapped
    return await self._propagate_event(
           ^^^^^^^^^^^^^^^^^^^^^^^^^^^^
        observer=observer, update_type=update_type, event=telegram_event, **data
        ^^^^^^^^^^^^^^^^^^^^^^^^^^^^^^^^^^^^^^^^^^^^^^^^^^^^^^^^^^^^^^^^^^^^^^^^
    )
    ^
  File "C:\Users\arsry\AppData\Local\Programs\Python\Python313\Lib\site-packages\aiogram\dispatcher\router.py", line 166, in _propagate_event
    response = await observer.trigger(event, **kwargs)
               ^^^^^^^^^^^^^^^^^^^^^^^^^^^^^^^^^^^^^^^
  File "C:\Users\arsry\AppData\Local\Programs\Python\Python313\Lib\site-packages\aiogram\dispatcher\event\telegram.py", line 121, in trigger
    return await wrapped_inner(event, kwargs)
           ^^^^^^^^^^^^^^^^^^^^^^^^^^^^^^^^^^
  File "C:\Users\arsry\AppData\Local\Programs\Python\Python313\Lib\site-packages\aiogram\dispatcher\event\handler.py", line 43, in call
    return await wrapped()
           ^^^^^^^^^^^^^^^
  File "C:\Users\arsry\OneDrive\Рабочий стол\запись на секции\tg_bot\routers\support.py", line 38, in start_create_ticket
    print(data['tickets'][int(callback_query.data)])
                          ~~~^^^^^^^^^^^^^^^^^^^^^
ValueError: invalid literal for int() with base 10: 'Назад'
[2026-01-18 06:01:29] INFO in dispatcher: Update id=219029378 is handled. Duration 54 ms by bot id=7616289372
[2026-01-18 06:01:32] INFO in dispatcher: Update id=219029379 is handled. Duration 57 ms by bot id=7616289372
[2026-01-18 06:01:53] INFO in dispatcher: Update id=219029380 is handled. Duration 61 ms by bot id=7616289372
[2026-01-18 06:02:33] INFO in dispatcher: Update id=219029381 is handled. Duration 60 ms by bot id=7616289372
[2026-01-18 06:02:39] INFO in dispatcher: Update id=219029382 is handled. Duration 154 ms by bot id=7616289372
[2026-01-18 06:02:42] INFO in dispatcher: Update id=219029383 is handled. Duration 60 ms by bot id=7616289372
[2026-01-18 06:02:43] INFO in dispatcher: Update id=219029384 is handled. Duration 174 ms by bot id=7616289372
[2026-01-18 06:02:46] INFO in dispatcher: Update id=219029385 is handled. Duration 211 ms by bot id=7616289372
[2026-01-18 06:03:01] INFO in dispatcher: Update id=219029386 is handled. Duration 53 ms by bot id=7616289372
[2026-01-18 06:03:02] INFO in dispatcher: Update id=219029387 is handled. Duration 116 ms by bot id=7616289372
[2026-01-18 06:07:37] INFO in dispatcher: Start polling
[2026-01-18 06:07:37] INFO in dispatcher: Run polling for bot @prot_xafda_bot id=7616289372 - 'prot_bot'
[2026-01-18 06:07:41] INFO in dispatcher: Update id=219029388 is handled. Duration 238 ms by bot id=7616289372
[2026-01-18 06:07:53] INFO in dispatcher: Update id=219029389 is handled. Duration 114 ms by bot id=7616289372
[2026-01-18 06:07:56] INFO in dispatcher: Update id=219029390 is not handled. Duration 0 ms by bot id=7616289372
[2026-01-18 06:07:56] ERROR in dispatcher: Cause exception while process update id=219029390 by bot id=7616289372
ValueError: invalid literal for int() with base 10: 'Выйти'
Traceback (most recent call last):
  File "C:\Users\arsry\AppData\Local\Programs\Python\Python313\Lib\site-packages\aiogram\dispatcher\dispatcher.py", line 309, in _process_update
    response = await self.feed_update(bot, update, **kwargs)
               ^^^^^^^^^^^^^^^^^^^^^^^^^^^^^^^^^^^^^^^^^^^^^
  File "C:\Users\arsry\AppData\Local\Programs\Python\Python313\Lib\site-packages\aiogram\dispatcher\dispatcher.py", line 158, in feed_update
    response = await self.update.wrap_outer_middleware(
               ^^^^^^^^^^^^^^^^^^^^^^^^^^^^^^^^^^^^^^^^
    ...<7 lines>...
    )
    ^
  File "C:\Users\arsry\AppData\Local\Programs\Python\Python313\Lib\site-packages\aiogram\dispatcher\middlewares\error.py", line 25, in __call__
    return await handler(event, data)
           ^^^^^^^^^^^^^^^^^^^^^^^^^^
  File "C:\Users\arsry\AppData\Local\Programs\Python\Python313\Lib\site-packages\aiogram\dispatcher\middlewares\user_context.py", line 56, in __call__
    return await handler(event, data)
           ^^^^^^^^^^^^^^^^^^^^^^^^^^
  File "C:\Users\arsry\AppData\Local\Programs\Python\Python313\Lib\site-packages\aiogram\fsm\middleware.py", line 42, in __call__
    return await handler(event, data)
           ^^^^^^^^^^^^^^^^^^^^^^^^^^
  File "C:\Users\arsry\AppData\Local\Programs\Python\Python313\Lib\site-packages\aiogram\dispatcher\event\telegram.py", line 121, in trigger
    return await wrapped_inner(event, kwargs)
           ^^^^^^^^^^^^^^^^^^^^^^^^^^^^^^^^^^
  File "C:\Users\arsry\AppData\Local\Programs\Python\Python313\Lib\site-packages\aiogram\dispatcher\event\handler.py", line 43, in call
    return await wrapped()
           ^^^^^^^^^^^^^^^
  File "C:\Users\arsry\AppData\Local\Programs\Python\Python313\Lib\site-packages\aiogram\dispatcher\dispatcher.py", line 276, in _listen_update
    return await self.propagate_event(update_type=update_type, event=event, **kwargs)
           ^^^^^^^^^^^^^^^^^^^^^^^^^^^^^^^^^^^^^^^^^^^^^^^^^^^^^^^^^^^^^^^^^^^^^^^^^^
  File "C:\Users\arsry\AppData\Local\Programs\Python\Python313\Lib\site-packages\aiogram\dispatcher\router.py", line 146, in propagate_event
    return await observer.wrap_outer_middleware(_wrapped, event=event, data=kwargs)
           ^^^^^^^^^^^^^^^^^^^^^^^^^^^^^^^^^^^^^^^^^^^^^^^^^^^^^^^^^^^^^^^^^^^^^^^^
  File "C:\Users\arsry\AppData\Local\Programs\Python\Python313\Lib\site-packages\aiogram\dispatcher\router.py", line 141, in _wrapped
    return await self._propagate_event(
           ^^^^^^^^^^^^^^^^^^^^^^^^^^^^
        observer=observer, update_type=update_type, event=telegram_event, **data
        ^^^^^^^^^^^^^^^^^^^^^^^^^^^^^^^^^^^^^^^^^^^^^^^^^^^^^^^^^^^^^^^^^^^^^^^^
    )
    ^
  File "C:\Users\arsry\AppData\Local\Programs\Python\Python313\Lib\site-packages\aiogram\dispatcher\router.py", line 174, in _propagate_event
    response = await router.propagate_event(update_type=update_type, event=event, **kwargs)
               ^^^^^^^^^^^^^^^^^^^^^^^^^^^^^^^^^^^^^^^^^^^^^^^^^^^^^^^^^^^^^^^^^^^^^^^^^^^^
  File "C:\Users\arsry\AppData\Local\Programs\Python\Python313\Lib\site-packages\aiogram\dispatcher\router.py", line 146, in propagate_event
    return await observer.wrap_outer_middleware(_wrapped, event=event, data=kwargs)
           ^^^^^^^^^^^^^^^^^^^^^^^^^^^^^^^^^^^^^^^^^^^^^^^^^^^^^^^^^^^^^^^^^^^^^^^^
  File "C:\Users\arsry\AppData\Local\Programs\Python\Python313\Lib\site-packages\aiogram\dispatcher\router.py", line 141, in _wrapped
    return await self._propagate_event(
           ^^^^^^^^^^^^^^^^^^^^^^^^^^^^
        observer=observer, update_type=update_type, event=telegram_event, **data
        ^^^^^^^^^^^^^^^^^^^^^^^^^^^^^^^^^^^^^^^^^^^^^^^^^^^^^^^^^^^^^^^^^^^^^^^^
    )
    ^
  File "C:\Users\arsry\AppData\Local\Programs\Python\Python313\Lib\site-packages\aiogram\dispatcher\router.py", line 166, in _propagate_event
    response = await observer.trigger(event, **kwargs)
               ^^^^^^^^^^^^^^^^^^^^^^^^^^^^^^^^^^^^^^^
  File "C:\Users\arsry\AppData\Local\Programs\Python\Python313\Lib\site-packages\aiogram\dispatcher\event\telegram.py", line 121, in trigger
    return await wrapped_inner(event, kwargs)
           ^^^^^^^^^^^^^^^^^^^^^^^^^^^^^^^^^^
  File "C:\Users\arsry\AppData\Local\Programs\Python\Python313\Lib\site-packages\aiogram\dispatcher\event\handler.py", line 43, in call
    return await wrapped()
           ^^^^^^^^^^^^^^^
  File "C:\Users\arsry\OneDrive\Рабочий стол\запись на секции\tg_bot\routers\support.py", line 38, in watch_ticket
    ticket = data['tickets'][int(callback_query.data)]
                             ~~~^^^^^^^^^^^^^^^^^^^^^
ValueError: invalid literal for int() with base 10: 'Выйти'
[2026-01-18 06:08:33] INFO in dispatcher: Start polling
[2026-01-18 06:08:34] INFO in dispatcher: Run polling for bot @prot_xafda_bot id=7616289372 - 'prot_bot'
[2026-01-18 06:08:35] INFO in dispatcher: Update id=219029391 is handled. Duration 174 ms by bot id=7616289372
[2026-01-18 06:08:37] INFO in dispatcher: Update id=219029392 is handled. Duration 104 ms by bot id=7616289372
[2026-01-18 06:08:38] INFO in dispatcher: Update id=219029393 is not handled. Duration 0 ms by bot id=7616289372
[2026-01-18 06:08:38] ERROR in dispatcher: Cause exception while process update id=219029393 by bot id=7616289372
TypeError: set expected at most 1 argument, got 2
Traceback (most recent call last):
  File "C:\Users\arsry\AppData\Local\Programs\Python\Python313\Lib\site-packages\aiogram\dispatcher\dispatcher.py", line 309, in _process_update
    response = await self.feed_update(bot, update, **kwargs)
               ^^^^^^^^^^^^^^^^^^^^^^^^^^^^^^^^^^^^^^^^^^^^^
  File "C:\Users\arsry\AppData\Local\Programs\Python\Python313\Lib\site-packages\aiogram\dispatcher\dispatcher.py", line 158, in feed_update
    response = await self.update.wrap_outer_middleware(
               ^^^^^^^^^^^^^^^^^^^^^^^^^^^^^^^^^^^^^^^^
    ...<7 lines>...
    )
    ^
  File "C:\Users\arsry\AppData\Local\Programs\Python\Python313\Lib\site-packages\aiogram\dispatcher\middlewares\error.py", line 25, in __call__
    return await handler(event, data)
           ^^^^^^^^^^^^^^^^^^^^^^^^^^
  File "C:\Users\arsry\AppData\Local\Programs\Python\Python313\Lib\site-packages\aiogram\dispatcher\middlewares\user_context.py", line 56, in __call__
    return await handler(event, data)
           ^^^^^^^^^^^^^^^^^^^^^^^^^^
  File "C:\Users\arsry\AppData\Local\Programs\Python\Python313\Lib\site-packages\aiogram\fsm\middleware.py", line 42, in __call__
    return await handler(event, data)
           ^^^^^^^^^^^^^^^^^^^^^^^^^^
  File "C:\Users\arsry\AppData\Local\Programs\Python\Python313\Lib\site-packages\aiogram\dispatcher\event\telegram.py", line 121, in trigger
    return await wrapped_inner(event, kwargs)
           ^^^^^^^^^^^^^^^^^^^^^^^^^^^^^^^^^^
  File "C:\Users\arsry\AppData\Local\Programs\Python\Python313\Lib\site-packages\aiogram\dispatcher\event\handler.py", line 43, in call
    return await wrapped()
           ^^^^^^^^^^^^^^^
  File "C:\Users\arsry\AppData\Local\Programs\Python\Python313\Lib\site-packages\aiogram\dispatcher\dispatcher.py", line 276, in _listen_update
    return await self.propagate_event(update_type=update_type, event=event, **kwargs)
           ^^^^^^^^^^^^^^^^^^^^^^^^^^^^^^^^^^^^^^^^^^^^^^^^^^^^^^^^^^^^^^^^^^^^^^^^^^
  File "C:\Users\arsry\AppData\Local\Programs\Python\Python313\Lib\site-packages\aiogram\dispatcher\router.py", line 146, in propagate_event
    return await observer.wrap_outer_middleware(_wrapped, event=event, data=kwargs)
           ^^^^^^^^^^^^^^^^^^^^^^^^^^^^^^^^^^^^^^^^^^^^^^^^^^^^^^^^^^^^^^^^^^^^^^^^
  File "C:\Users\arsry\AppData\Local\Programs\Python\Python313\Lib\site-packages\aiogram\dispatcher\router.py", line 141, in _wrapped
    return await self._propagate_event(
           ^^^^^^^^^^^^^^^^^^^^^^^^^^^^
        observer=observer, update_type=update_type, event=telegram_event, **data
        ^^^^^^^^^^^^^^^^^^^^^^^^^^^^^^^^^^^^^^^^^^^^^^^^^^^^^^^^^^^^^^^^^^^^^^^^
    )
    ^
  File "C:\Users\arsry\AppData\Local\Programs\Python\Python313\Lib\site-packages\aiogram\dispatcher\router.py", line 174, in _propagate_event
    response = await router.propagate_event(update_type=update_type, event=event, **kwargs)
               ^^^^^^^^^^^^^^^^^^^^^^^^^^^^^^^^^^^^^^^^^^^^^^^^^^^^^^^^^^^^^^^^^^^^^^^^^^^^
  File "C:\Users\arsry\AppData\Local\Programs\Python\Python313\Lib\site-packages\aiogram\dispatcher\router.py", line 146, in propagate_event
    return await observer.wrap_outer_middleware(_wrapped, event=event, data=kwargs)
           ^^^^^^^^^^^^^^^^^^^^^^^^^^^^^^^^^^^^^^^^^^^^^^^^^^^^^^^^^^^^^^^^^^^^^^^^
  File "C:\Users\arsry\AppData\Local\Programs\Python\Python313\Lib\site-packages\aiogram\dispatcher\router.py", line 141, in _wrapped
    return await self._propagate_event(
           ^^^^^^^^^^^^^^^^^^^^^^^^^^^^
        observer=observer, update_type=update_type, event=telegram_event, **data
        ^^^^^^^^^^^^^^^^^^^^^^^^^^^^^^^^^^^^^^^^^^^^^^^^^^^^^^^^^^^^^^^^^^^^^^^^
    )
    ^
  File "C:\Users\arsry\AppData\Local\Programs\Python\Python313\Lib\site-packages\aiogram\dispatcher\router.py", line 166, in _propagate_event
    response = await observer.trigger(event, **kwargs)
               ^^^^^^^^^^^^^^^^^^^^^^^^^^^^^^^^^^^^^^^
  File "C:\Users\arsry\AppData\Local\Programs\Python\Python313\Lib\site-packages\aiogram\dispatcher\event\telegram.py", line 113, in trigger
    result, data = await handler.check(event, **kwargs)
                   ^^^^^^^^^^^^^^^^^^^^^^^^^^^^^^^^^^^^
  File "C:\Users\arsry\AppData\Local\Programs\Python\Python313\Lib\site-packages\aiogram\dispatcher\event\handler.py", line 90, in check
    check = await event_filter.call(*args, **kwargs)
            ^^^^^^^^^^^^^^^^^^^^^^^^^^^^^^^^^^^^^^^^
  File "C:\Users\arsry\AppData\Local\Programs\Python\Python313\Lib\site-packages\aiogram\dispatcher\event\handler.py", line 44, in call
    return await asyncio.to_thread(wrapped)
           ^^^^^^^^^^^^^^^^^^^^^^^^^^^^^^^^
  File "C:\Users\arsry\AppData\Local\Programs\Python\Python313\Lib\asyncio\threads.py", line 25, in to_thread
    return await loop.run_in_executor(None, func_call)
           ^^^^^^^^^^^^^^^^^^^^^^^^^^^^^^^^^^^^^^^^^^^
  File "C:\Users\arsry\AppData\Local\Programs\Python\Python313\Lib\concurrent\futures\thread.py", line 59, in run
    result = self.fn(*self.args, **self.kwargs)
  File "C:\Users\arsry\OneDrive\Рабочий стол\запись на секции\tg_bot\routers\support.py", line 35, in <lambda>
    @router.callback_query(lambda c: c.data not in set('back', 'Выйти'), SupportStates.waiting_for_ticket)
                                                   ~~~^^^^^^^^^^^^^^^^^
TypeError: set expected at most 1 argument, got 2
[2026-01-18 06:09:53] INFO in dispatcher: Start polling
[2026-01-18 06:09:53] INFO in dispatcher: Run polling for bot @prot_xafda_bot id=7616289372 - 'prot_bot'
[2026-01-18 06:09:54] INFO in dispatcher: Update id=219029394 is handled. Duration 213 ms by bot id=7616289372
[2026-01-18 06:09:55] INFO in dispatcher: Update id=219029395 is handled. Duration 135 ms by bot id=7616289372
[2026-01-18 06:09:56] INFO in dispatcher: Update id=219029396 is handled. Duration 105 ms by bot id=7616289372
[2026-01-18 06:09:57] INFO in dispatcher: Update id=219029397 is handled. Duration 125 ms by bot id=7616289372
[2026-01-18 06:10:00] INFO in dispatcher: Update id=219029398 is handled. Duration 59 ms by bot id=7616289372
[2026-01-18 06:10:01] INFO in dispatcher: Update id=219029399 is handled. Duration 103 ms by bot id=7616289372
[2026-01-18 06:10:02] INFO in dispatcher: Update id=219029400 is handled. Duration 102 ms by bot id=7616289372
[2026-01-18 06:10:52] INFO in dispatcher: Update id=219029401 is handled. Duration 141 ms by bot id=7616289372
[2026-01-18 06:10:55] INFO in dispatcher: Update id=219029402 is handled. Duration 53 ms by bot id=7616289372
[2026-01-18 06:10:56] INFO in dispatcher: Update id=219029403 is handled. Duration 62 ms by bot id=7616289372
[2026-01-18 21:00:45] INFO in dispatcher: Start polling
[2026-01-18 21:00:45] INFO in dispatcher: Run polling for bot @prot_xafda_bot id=7616289372 - 'prot_bot'
[2026-01-18 21:00:45] INFO in dispatcher: Update id=219029404 is not handled. Duration 3 ms by bot id=7616289372
[2026-01-18 21:00:45] INFO in dispatcher: Update id=219029405 is not handled. Duration 49 ms by bot id=7616289372
[2026-01-18 21:00:45] ERROR in dispatcher: Cause exception while process update id=219029405 by bot id=7616289372
NameError: name 'callback_query' is not defined
Traceback (most recent call last):
  File "C:\Users\arsry\AppData\Local\Programs\Python\Python313\Lib\site-packages\aiogram\dispatcher\dispatcher.py", line 309, in _process_update
    response = await self.feed_update(bot, update, **kwargs)
               ^^^^^^^^^^^^^^^^^^^^^^^^^^^^^^^^^^^^^^^^^^^^^
  File "C:\Users\arsry\AppData\Local\Programs\Python\Python313\Lib\site-packages\aiogram\dispatcher\dispatcher.py", line 158, in feed_update
    response = await self.update.wrap_outer_middleware(
               ^^^^^^^^^^^^^^^^^^^^^^^^^^^^^^^^^^^^^^^^
    ...<7 lines>...
    )
    ^
  File "C:\Users\arsry\AppData\Local\Programs\Python\Python313\Lib\site-packages\aiogram\dispatcher\middlewares\error.py", line 25, in __call__
    return await handler(event, data)
           ^^^^^^^^^^^^^^^^^^^^^^^^^^
  File "C:\Users\arsry\AppData\Local\Programs\Python\Python313\Lib\site-packages\aiogram\dispatcher\middlewares\user_context.py", line 56, in __call__
    return await handler(event, data)
           ^^^^^^^^^^^^^^^^^^^^^^^^^^
  File "C:\Users\arsry\AppData\Local\Programs\Python\Python313\Lib\site-packages\aiogram\fsm\middleware.py", line 42, in __call__
    return await handler(event, data)
           ^^^^^^^^^^^^^^^^^^^^^^^^^^
  File "C:\Users\arsry\AppData\Local\Programs\Python\Python313\Lib\site-packages\aiogram\dispatcher\event\telegram.py", line 121, in trigger
    return await wrapped_inner(event, kwargs)
           ^^^^^^^^^^^^^^^^^^^^^^^^^^^^^^^^^^
  File "C:\Users\arsry\AppData\Local\Programs\Python\Python313\Lib\site-packages\aiogram\dispatcher\event\handler.py", line 43, in call
    return await wrapped()
           ^^^^^^^^^^^^^^^
  File "C:\Users\arsry\AppData\Local\Programs\Python\Python313\Lib\site-packages\aiogram\dispatcher\dispatcher.py", line 276, in _listen_update
    return await self.propagate_event(update_type=update_type, event=event, **kwargs)
           ^^^^^^^^^^^^^^^^^^^^^^^^^^^^^^^^^^^^^^^^^^^^^^^^^^^^^^^^^^^^^^^^^^^^^^^^^^
  File "C:\Users\arsry\AppData\Local\Programs\Python\Python313\Lib\site-packages\aiogram\dispatcher\router.py", line 146, in propagate_event
    return await observer.wrap_outer_middleware(_wrapped, event=event, data=kwargs)
           ^^^^^^^^^^^^^^^^^^^^^^^^^^^^^^^^^^^^^^^^^^^^^^^^^^^^^^^^^^^^^^^^^^^^^^^^
  File "C:\Users\arsry\AppData\Local\Programs\Python\Python313\Lib\site-packages\aiogram\dispatcher\router.py", line 141, in _wrapped
    return await self._propagate_event(
           ^^^^^^^^^^^^^^^^^^^^^^^^^^^^
        observer=observer, update_type=update_type, event=telegram_event, **data
        ^^^^^^^^^^^^^^^^^^^^^^^^^^^^^^^^^^^^^^^^^^^^^^^^^^^^^^^^^^^^^^^^^^^^^^^^
    )
    ^
  File "C:\Users\arsry\AppData\Local\Programs\Python\Python313\Lib\site-packages\aiogram\dispatcher\router.py", line 174, in _propagate_event
    response = await router.propagate_event(update_type=update_type, event=event, **kwargs)
               ^^^^^^^^^^^^^^^^^^^^^^^^^^^^^^^^^^^^^^^^^^^^^^^^^^^^^^^^^^^^^^^^^^^^^^^^^^^^
  File "C:\Users\arsry\AppData\Local\Programs\Python\Python313\Lib\site-packages\aiogram\dispatcher\router.py", line 146, in propagate_event
    return await observer.wrap_outer_middleware(_wrapped, event=event, data=kwargs)
           ^^^^^^^^^^^^^^^^^^^^^^^^^^^^^^^^^^^^^^^^^^^^^^^^^^^^^^^^^^^^^^^^^^^^^^^^
  File "C:\Users\arsry\AppData\Local\Programs\Python\Python313\Lib\site-packages\aiogram\dispatcher\router.py", line 141, in _wrapped
    return await self._propagate_event(
           ^^^^^^^^^^^^^^^^^^^^^^^^^^^^
        observer=observer, update_type=update_type, event=telegram_event, **data
        ^^^^^^^^^^^^^^^^^^^^^^^^^^^^^^^^^^^^^^^^^^^^^^^^^^^^^^^^^^^^^^^^^^^^^^^^
    )
    ^
  File "C:\Users\arsry\AppData\Local\Programs\Python\Python313\Lib\site-packages\aiogram\dispatcher\router.py", line 166, in _propagate_event
    response = await observer.trigger(event, **kwargs)
               ^^^^^^^^^^^^^^^^^^^^^^^^^^^^^^^^^^^^^^^
  File "C:\Users\arsry\AppData\Local\Programs\Python\Python313\Lib\site-packages\aiogram\dispatcher\event\telegram.py", line 121, in trigger
    return await wrapped_inner(event, kwargs)
           ^^^^^^^^^^^^^^^^^^^^^^^^^^^^^^^^^^
  File "C:\Users\arsry\OneDrive\Рабочий стол\запись на секции\tg_bot\middlewares\throttling.py", line 65, in __call__
    return await handler(message, data)
           ^^^^^^^^^^^^^^^^^^^^^^^^^^^^
  File "C:\Users\arsry\AppData\Local\Programs\Python\Python313\Lib\site-packages\aiogram\dispatcher\event\handler.py", line 43, in call
    return await wrapped()
           ^^^^^^^^^^^^^^^
  File "C:\Users\arsry\OneDrive\Рабочий стол\запись на секции\tg_bot\routers\support.py", line 16, in start_support_message
    tickets = await get_user_ticket(callback_query.from_user.id)
                                    ^^^^^^^^^^^^^^
NameError: name 'callback_query' is not defined
[2026-01-18 21:01:28] INFO in dispatcher: Start polling
[2026-01-18 21:01:28] INFO in dispatcher: Run polling for bot @prot_xafda_bot id=7616289372 - 'prot_bot'
[2026-01-18 21:01:31] INFO in dispatcher: Update id=219029406 is handled. Duration 311 ms by bot id=7616289372
[2026-01-18 21:01:33] INFO in dispatcher: Update id=219029407 is handled. Duration 62 ms by bot id=7616289372
[2026-01-18 21:01:36] INFO in dispatcher: Update id=219029408 is handled. Duration 140 ms by bot id=7616289372
[2026-01-18 21:01:39] INFO in dispatcher: Update id=219029409 is not handled. Duration 0 ms by bot id=7616289372
[2026-01-18 21:01:39] ERROR in dispatcher: Cause exception while process update id=219029409 by bot id=7616289372
ValueError: invalid literal for int() with base 10: 'Закрыть обращение'
Traceback (most recent call last):
  File "C:\Users\arsry\AppData\Local\Programs\Python\Python313\Lib\site-packages\aiogram\dispatcher\dispatcher.py", line 309, in _process_update
    response = await self.feed_update(bot, update, **kwargs)
               ^^^^^^^^^^^^^^^^^^^^^^^^^^^^^^^^^^^^^^^^^^^^^
  File "C:\Users\arsry\AppData\Local\Programs\Python\Python313\Lib\site-packages\aiogram\dispatcher\dispatcher.py", line 158, in feed_update
    response = await self.update.wrap_outer_middleware(
               ^^^^^^^^^^^^^^^^^^^^^^^^^^^^^^^^^^^^^^^^
    ...<7 lines>...
    )
    ^
  File "C:\Users\arsry\AppData\Local\Programs\Python\Python313\Lib\site-packages\aiogram\dispatcher\middlewares\error.py", line 25, in __call__
    return await handler(event, data)
           ^^^^^^^^^^^^^^^^^^^^^^^^^^
  File "C:\Users\arsry\AppData\Local\Programs\Python\Python313\Lib\site-packages\aiogram\dispatcher\middlewares\user_context.py", line 56, in __call__
    return await handler(event, data)
           ^^^^^^^^^^^^^^^^^^^^^^^^^^
  File "C:\Users\arsry\AppData\Local\Programs\Python\Python313\Lib\site-packages\aiogram\fsm\middleware.py", line 42, in __call__
    return await handler(event, data)
           ^^^^^^^^^^^^^^^^^^^^^^^^^^
  File "C:\Users\arsry\AppData\Local\Programs\Python\Python313\Lib\site-packages\aiogram\dispatcher\event\telegram.py", line 121, in trigger
    return await wrapped_inner(event, kwargs)
           ^^^^^^^^^^^^^^^^^^^^^^^^^^^^^^^^^^
  File "C:\Users\arsry\AppData\Local\Programs\Python\Python313\Lib\site-packages\aiogram\dispatcher\event\handler.py", line 43, in call
    return await wrapped()
           ^^^^^^^^^^^^^^^
  File "C:\Users\arsry\AppData\Local\Programs\Python\Python313\Lib\site-packages\aiogram\dispatcher\dispatcher.py", line 276, in _listen_update
    return await self.propagate_event(update_type=update_type, event=event, **kwargs)
           ^^^^^^^^^^^^^^^^^^^^^^^^^^^^^^^^^^^^^^^^^^^^^^^^^^^^^^^^^^^^^^^^^^^^^^^^^^
  File "C:\Users\arsry\AppData\Local\Programs\Python\Python313\Lib\site-packages\aiogram\dispatcher\router.py", line 146, in propagate_event
    return await observer.wrap_outer_middleware(_wrapped, event=event, data=kwargs)
           ^^^^^^^^^^^^^^^^^^^^^^^^^^^^^^^^^^^^^^^^^^^^^^^^^^^^^^^^^^^^^^^^^^^^^^^^
  File "C:\Users\arsry\AppData\Local\Programs\Python\Python313\Lib\site-packages\aiogram\dispatcher\router.py", line 141, in _wrapped
    return await self._propagate_event(
           ^^^^^^^^^^^^^^^^^^^^^^^^^^^^
        observer=observer, update_type=update_type, event=telegram_event, **data
        ^^^^^^^^^^^^^^^^^^^^^^^^^^^^^^^^^^^^^^^^^^^^^^^^^^^^^^^^^^^^^^^^^^^^^^^^
    )
    ^
  File "C:\Users\arsry\AppData\Local\Programs\Python\Python313\Lib\site-packages\aiogram\dispatcher\router.py", line 174, in _propagate_event
    response = await router.propagate_event(update_type=update_type, event=event, **kwargs)
               ^^^^^^^^^^^^^^^^^^^^^^^^^^^^^^^^^^^^^^^^^^^^^^^^^^^^^^^^^^^^^^^^^^^^^^^^^^^^
  File "C:\Users\arsry\AppData\Local\Programs\Python\Python313\Lib\site-packages\aiogram\dispatcher\router.py", line 146, in propagate_event
    return await observer.wrap_outer_middleware(_wrapped, event=event, data=kwargs)
           ^^^^^^^^^^^^^^^^^^^^^^^^^^^^^^^^^^^^^^^^^^^^^^^^^^^^^^^^^^^^^^^^^^^^^^^^
  File "C:\Users\arsry\AppData\Local\Programs\Python\Python313\Lib\site-packages\aiogram\dispatcher\router.py", line 141, in _wrapped
    return await self._propagate_event(
           ^^^^^^^^^^^^^^^^^^^^^^^^^^^^
        observer=observer, update_type=update_type, event=telegram_event, **data
        ^^^^^^^^^^^^^^^^^^^^^^^^^^^^^^^^^^^^^^^^^^^^^^^^^^^^^^^^^^^^^^^^^^^^^^^^
    )
    ^
  File "C:\Users\arsry\AppData\Local\Programs\Python\Python313\Lib\site-packages\aiogram\dispatcher\router.py", line 166, in _propagate_event
    response = await observer.trigger(event, **kwargs)
               ^^^^^^^^^^^^^^^^^^^^^^^^^^^^^^^^^^^^^^^
  File "C:\Users\arsry\AppData\Local\Programs\Python\Python313\Lib\site-packages\aiogram\dispatcher\event\telegram.py", line 121, in trigger
    return await wrapped_inner(event, kwargs)
           ^^^^^^^^^^^^^^^^^^^^^^^^^^^^^^^^^^
  File "C:\Users\arsry\AppData\Local\Programs\Python\Python313\Lib\site-packages\aiogram\dispatcher\event\handler.py", line 43, in call
    return await wrapped()
           ^^^^^^^^^^^^^^^
  File "C:\Users\arsry\OneDrive\Рабочий стол\запись на секции\tg_bot\routers\support.py", line 35, in watch_ticket
    ticket = data['tickets'][int(callback_query.data)]
                             ~~~^^^^^^^^^^^^^^^^^^^^^
ValueError: invalid literal for int() with base 10: 'Закрыть обращение'
[2026-01-18 21:01:39] INFO in dispatcher: Update id=219029410 is not handled. Duration 0 ms by bot id=7616289372
[2026-01-18 21:01:39] ERROR in dispatcher: Cause exception while process update id=219029410 by bot id=7616289372
ValueError: invalid literal for int() with base 10: 'Новое сообщение'
Traceback (most recent call last):
  File "C:\Users\arsry\AppData\Local\Programs\Python\Python313\Lib\site-packages\aiogram\dispatcher\dispatcher.py", line 309, in _process_update
    response = await self.feed_update(bot, update, **kwargs)
               ^^^^^^^^^^^^^^^^^^^^^^^^^^^^^^^^^^^^^^^^^^^^^
  File "C:\Users\arsry\AppData\Local\Programs\Python\Python313\Lib\site-packages\aiogram\dispatcher\dispatcher.py", line 158, in feed_update
    response = await self.update.wrap_outer_middleware(
               ^^^^^^^^^^^^^^^^^^^^^^^^^^^^^^^^^^^^^^^^
    ...<7 lines>...
    )
    ^
  File "C:\Users\arsry\AppData\Local\Programs\Python\Python313\Lib\site-packages\aiogram\dispatcher\middlewares\error.py", line 25, in __call__
    return await handler(event, data)
           ^^^^^^^^^^^^^^^^^^^^^^^^^^
  File "C:\Users\arsry\AppData\Local\Programs\Python\Python313\Lib\site-packages\aiogram\dispatcher\middlewares\user_context.py", line 56, in __call__
    return await handler(event, data)
           ^^^^^^^^^^^^^^^^^^^^^^^^^^
  File "C:\Users\arsry\AppData\Local\Programs\Python\Python313\Lib\site-packages\aiogram\fsm\middleware.py", line 42, in __call__
    return await handler(event, data)
           ^^^^^^^^^^^^^^^^^^^^^^^^^^
  File "C:\Users\arsry\AppData\Local\Programs\Python\Python313\Lib\site-packages\aiogram\dispatcher\event\telegram.py", line 121, in trigger
    return await wrapped_inner(event, kwargs)
           ^^^^^^^^^^^^^^^^^^^^^^^^^^^^^^^^^^
  File "C:\Users\arsry\AppData\Local\Programs\Python\Python313\Lib\site-packages\aiogram\dispatcher\event\handler.py", line 43, in call
    return await wrapped()
           ^^^^^^^^^^^^^^^
  File "C:\Users\arsry\AppData\Local\Programs\Python\Python313\Lib\site-packages\aiogram\dispatcher\dispatcher.py", line 276, in _listen_update
    return await self.propagate_event(update_type=update_type, event=event, **kwargs)
           ^^^^^^^^^^^^^^^^^^^^^^^^^^^^^^^^^^^^^^^^^^^^^^^^^^^^^^^^^^^^^^^^^^^^^^^^^^
  File "C:\Users\arsry\AppData\Local\Programs\Python\Python313\Lib\site-packages\aiogram\dispatcher\router.py", line 146, in propagate_event
    return await observer.wrap_outer_middleware(_wrapped, event=event, data=kwargs)
           ^^^^^^^^^^^^^^^^^^^^^^^^^^^^^^^^^^^^^^^^^^^^^^^^^^^^^^^^^^^^^^^^^^^^^^^^
  File "C:\Users\arsry\AppData\Local\Programs\Python\Python313\Lib\site-packages\aiogram\dispatcher\router.py", line 141, in _wrapped
    return await self._propagate_event(
           ^^^^^^^^^^^^^^^^^^^^^^^^^^^^
        observer=observer, update_type=update_type, event=telegram_event, **data
        ^^^^^^^^^^^^^^^^^^^^^^^^^^^^^^^^^^^^^^^^^^^^^^^^^^^^^^^^^^^^^^^^^^^^^^^^
    )
    ^
  File "C:\Users\arsry\AppData\Local\Programs\Python\Python313\Lib\site-packages\aiogram\dispatcher\router.py", line 174, in _propagate_event
    response = await router.propagate_event(update_type=update_type, event=event, **kwargs)
               ^^^^^^^^^^^^^^^^^^^^^^^^^^^^^^^^^^^^^^^^^^^^^^^^^^^^^^^^^^^^^^^^^^^^^^^^^^^^
  File "C:\Users\arsry\AppData\Local\Programs\Python\Python313\Lib\site-packages\aiogram\dispatcher\router.py", line 146, in propagate_event
    return await observer.wrap_outer_middleware(_wrapped, event=event, data=kwargs)
           ^^^^^^^^^^^^^^^^^^^^^^^^^^^^^^^^^^^^^^^^^^^^^^^^^^^^^^^^^^^^^^^^^^^^^^^^
  File "C:\Users\arsry\AppData\Local\Programs\Python\Python313\Lib\site-packages\aiogram\dispatcher\router.py", line 141, in _wrapped
    return await self._propagate_event(
           ^^^^^^^^^^^^^^^^^^^^^^^^^^^^
        observer=observer, update_type=update_type, event=telegram_event, **data
        ^^^^^^^^^^^^^^^^^^^^^^^^^^^^^^^^^^^^^^^^^^^^^^^^^^^^^^^^^^^^^^^^^^^^^^^^
    )
    ^
  File "C:\Users\arsry\AppData\Local\Programs\Python\Python313\Lib\site-packages\aiogram\dispatcher\router.py", line 166, in _propagate_event
    response = await observer.trigger(event, **kwargs)
               ^^^^^^^^^^^^^^^^^^^^^^^^^^^^^^^^^^^^^^^
  File "C:\Users\arsry\AppData\Local\Programs\Python\Python313\Lib\site-packages\aiogram\dispatcher\event\telegram.py", line 121, in trigger
    return await wrapped_inner(event, kwargs)
           ^^^^^^^^^^^^^^^^^^^^^^^^^^^^^^^^^^
  File "C:\Users\arsry\AppData\Local\Programs\Python\Python313\Lib\site-packages\aiogram\dispatcher\event\handler.py", line 43, in call
    return await wrapped()
           ^^^^^^^^^^^^^^^
  File "C:\Users\arsry\OneDrive\Рабочий стол\запись на секции\tg_bot\routers\support.py", line 35, in watch_ticket
    ticket = data['tickets'][int(callback_query.data)]
                             ~~~^^^^^^^^^^^^^^^^^^^^^
ValueError: invalid literal for int() with base 10: 'Новое сообщение'
[2026-01-18 21:01:39] INFO in dispatcher: Update id=219029411 is handled. Duration 62 ms by bot id=7616289372
[2026-01-18 21:01:46] INFO in dispatcher: Update id=219029412 is handled. Duration 64 ms by bot id=7616289372
[2026-01-18 21:03:45] INFO in dispatcher: Update id=219029413 is handled. Duration 64 ms by bot id=7616289372
[2026-01-19 16:17:08] INFO in dispatcher: Start polling
[2026-01-19 16:17:08] INFO in dispatcher: Run polling for bot @prot_xafda_bot id=7616289372 - 'prot_bot'
[2026-01-19 16:19:09] ERROR in dispatcher: Failed to fetch updates - TelegramNetworkError: HTTP Client says - Request timeout error
[2026-01-19 16:19:09] WARNING in dispatcher: Sleep for 1.000000 seconds and try again... (tryings = 0, bot id = 7616289372)
[2026-01-19 16:19:20] INFO in dispatcher: Connection established (tryings = 1, bot id = 7616289372)
[2026-01-19 16:20:07] INFO in dispatcher: Update id=219029414 is handled. Duration 367 ms by bot id=7616289372
[2026-01-19 16:20:09] INFO in dispatcher: Update id=219029415 is handled. Duration 139 ms by bot id=7616289372
[2026-01-19 16:20:11] INFO in dispatcher: Update id=219029416 is handled. Duration 281 ms by bot id=7616289372
[2026-01-19 16:20:15] INFO in dispatcher: Update id=219029417 is not handled. Duration 4 ms by bot id=7616289372
[2026-01-19 16:20:26] INFO in dispatcher: Update id=219029418 is not handled. Duration 3 ms by bot id=7616289372
[2026-01-19 16:20:29] INFO in dispatcher: Update id=219029419 is not handled. Duration 5 ms by bot id=7616289372
[2026-01-19 16:21:13] INFO in dispatcher: Update id=219029420 is not handled. Duration 4 ms by bot id=7616289372
[2026-01-19 16:28:58] INFO in dispatcher: Start polling
[2026-01-19 16:28:58] INFO in dispatcher: Run polling for bot @prot_xafda_bot id=7616289372 - 'prot_bot'
[2026-01-19 16:29:00] INFO in dispatcher: Update id=219029421 is handled. Duration 293 ms by bot id=7616289372
[2026-01-19 16:29:01] INFO in dispatcher: Update id=219029422 is handled. Duration 71 ms by bot id=7616289372
[2026-01-19 16:29:03] INFO in dispatcher: Update id=219029423 is not handled. Duration 1 ms by bot id=7616289372
[2026-01-19 16:29:03] ERROR in dispatcher: Cause exception while process update id=219029423 by bot id=7616289372
ValueError: invalid literal for int() with base 10: 'back'
Traceback (most recent call last):
  File "C:\Users\arsry\AppData\Local\Programs\Python\Python313\Lib\site-packages\aiogram\dispatcher\dispatcher.py", line 309, in _process_update
    response = await self.feed_update(bot, update, **kwargs)
               ^^^^^^^^^^^^^^^^^^^^^^^^^^^^^^^^^^^^^^^^^^^^^
  File "C:\Users\arsry\AppData\Local\Programs\Python\Python313\Lib\site-packages\aiogram\dispatcher\dispatcher.py", line 158, in feed_update
    response = await self.update.wrap_outer_middleware(
               ^^^^^^^^^^^^^^^^^^^^^^^^^^^^^^^^^^^^^^^^
    ...<7 lines>...
    )
    ^
  File "C:\Users\arsry\AppData\Local\Programs\Python\Python313\Lib\site-packages\aiogram\dispatcher\middlewares\error.py", line 25, in __call__
    return await handler(event, data)
           ^^^^^^^^^^^^^^^^^^^^^^^^^^
  File "C:\Users\arsry\AppData\Local\Programs\Python\Python313\Lib\site-packages\aiogram\dispatcher\middlewares\user_context.py", line 56, in __call__
    return await handler(event, data)
           ^^^^^^^^^^^^^^^^^^^^^^^^^^
  File "C:\Users\arsry\AppData\Local\Programs\Python\Python313\Lib\site-packages\aiogram\fsm\middleware.py", line 42, in __call__
    return await handler(event, data)
           ^^^^^^^^^^^^^^^^^^^^^^^^^^
  File "C:\Users\arsry\AppData\Local\Programs\Python\Python313\Lib\site-packages\aiogram\dispatcher\event\telegram.py", line 121, in trigger
    return await wrapped_inner(event, kwargs)
           ^^^^^^^^^^^^^^^^^^^^^^^^^^^^^^^^^^
  File "C:\Users\arsry\AppData\Local\Programs\Python\Python313\Lib\site-packages\aiogram\dispatcher\event\handler.py", line 43, in call
    return await wrapped()
           ^^^^^^^^^^^^^^^
  File "C:\Users\arsry\AppData\Local\Programs\Python\Python313\Lib\site-packages\aiogram\dispatcher\dispatcher.py", line 276, in _listen_update
    return await self.propagate_event(update_type=update_type, event=event, **kwargs)
           ^^^^^^^^^^^^^^^^^^^^^^^^^^^^^^^^^^^^^^^^^^^^^^^^^^^^^^^^^^^^^^^^^^^^^^^^^^
  File "C:\Users\arsry\AppData\Local\Programs\Python\Python313\Lib\site-packages\aiogram\dispatcher\router.py", line 146, in propagate_event
    return await observer.wrap_outer_middleware(_wrapped, event=event, data=kwargs)
           ^^^^^^^^^^^^^^^^^^^^^^^^^^^^^^^^^^^^^^^^^^^^^^^^^^^^^^^^^^^^^^^^^^^^^^^^
  File "C:\Users\arsry\AppData\Local\Programs\Python\Python313\Lib\site-packages\aiogram\dispatcher\router.py", line 141, in _wrapped
    return await self._propagate_event(
           ^^^^^^^^^^^^^^^^^^^^^^^^^^^^
        observer=observer, update_type=update_type, event=telegram_event, **data
        ^^^^^^^^^^^^^^^^^^^^^^^^^^^^^^^^^^^^^^^^^^^^^^^^^^^^^^^^^^^^^^^^^^^^^^^^
    )
    ^
  File "C:\Users\arsry\AppData\Local\Programs\Python\Python313\Lib\site-packages\aiogram\dispatcher\router.py", line 174, in _propagate_event
    response = await router.propagate_event(update_type=update_type, event=event, **kwargs)
               ^^^^^^^^^^^^^^^^^^^^^^^^^^^^^^^^^^^^^^^^^^^^^^^^^^^^^^^^^^^^^^^^^^^^^^^^^^^^
  File "C:\Users\arsry\AppData\Local\Programs\Python\Python313\Lib\site-packages\aiogram\dispatcher\router.py", line 146, in propagate_event
    return await observer.wrap_outer_middleware(_wrapped, event=event, data=kwargs)
           ^^^^^^^^^^^^^^^^^^^^^^^^^^^^^^^^^^^^^^^^^^^^^^^^^^^^^^^^^^^^^^^^^^^^^^^^
  File "C:\Users\arsry\AppData\Local\Programs\Python\Python313\Lib\site-packages\aiogram\dispatcher\router.py", line 141, in _wrapped
    return await self._propagate_event(
           ^^^^^^^^^^^^^^^^^^^^^^^^^^^^
        observer=observer, update_type=update_type, event=telegram_event, **data
        ^^^^^^^^^^^^^^^^^^^^^^^^^^^^^^^^^^^^^^^^^^^^^^^^^^^^^^^^^^^^^^^^^^^^^^^^
    )
    ^
  File "C:\Users\arsry\AppData\Local\Programs\Python\Python313\Lib\site-packages\aiogram\dispatcher\router.py", line 166, in _propagate_event
    response = await observer.trigger(event, **kwargs)
               ^^^^^^^^^^^^^^^^^^^^^^^^^^^^^^^^^^^^^^^
  File "C:\Users\arsry\AppData\Local\Programs\Python\Python313\Lib\site-packages\aiogram\dispatcher\event\telegram.py", line 121, in trigger
    return await wrapped_inner(event, kwargs)
           ^^^^^^^^^^^^^^^^^^^^^^^^^^^^^^^^^^
  File "C:\Users\arsry\AppData\Local\Programs\Python\Python313\Lib\site-packages\aiogram\dispatcher\event\handler.py", line 43, in call
    return await wrapped()
           ^^^^^^^^^^^^^^^
  File "C:\Users\arsry\OneDrive\Рабочий стол\запись на секции\tg_bot\routers\support.py", line 37, in watch_ticket
    num = int(callback_query.data)
ValueError: invalid literal for int() with base 10: 'back'
[2026-01-19 16:29:38] INFO in dispatcher: Start polling
[2026-01-19 16:29:39] INFO in dispatcher: Run polling for bot @prot_xafda_bot id=7616289372 - 'prot_bot'
[2026-01-19 16:29:42] INFO in dispatcher: Update id=219029424 is handled. Duration 238 ms by bot id=7616289372
[2026-01-19 16:29:43] INFO in dispatcher: Update id=219029425 is handled. Duration 71 ms by bot id=7616289372
[2026-01-19 16:29:46] INFO in dispatcher: Update id=219029426 is not handled. Duration 2 ms by bot id=7616289372
[2026-01-19 16:29:46] ERROR in dispatcher: Cause exception while process update id=219029426 by bot id=7616289372
NameError: name 'SupportStates' is not defined
Traceback (most recent call last):
  File "C:\Users\arsry\AppData\Local\Programs\Python\Python313\Lib\site-packages\aiogram\dispatcher\dispatcher.py", line 309, in _process_update
    response = await self.feed_update(bot, update, **kwargs)
               ^^^^^^^^^^^^^^^^^^^^^^^^^^^^^^^^^^^^^^^^^^^^^
  File "C:\Users\arsry\AppData\Local\Programs\Python\Python313\Lib\site-packages\aiogram\dispatcher\dispatcher.py", line 158, in feed_update
    response = await self.update.wrap_outer_middleware(
               ^^^^^^^^^^^^^^^^^^^^^^^^^^^^^^^^^^^^^^^^
    ...<7 lines>...
    )
    ^
  File "C:\Users\arsry\AppData\Local\Programs\Python\Python313\Lib\site-packages\aiogram\dispatcher\middlewares\error.py", line 25, in __call__
    return await handler(event, data)
           ^^^^^^^^^^^^^^^^^^^^^^^^^^
  File "C:\Users\arsry\AppData\Local\Programs\Python\Python313\Lib\site-packages\aiogram\dispatcher\middlewares\user_context.py", line 56, in __call__
    return await handler(event, data)
           ^^^^^^^^^^^^^^^^^^^^^^^^^^
  File "C:\Users\arsry\AppData\Local\Programs\Python\Python313\Lib\site-packages\aiogram\fsm\middleware.py", line 42, in __call__
    return await handler(event, data)
           ^^^^^^^^^^^^^^^^^^^^^^^^^^
  File "C:\Users\arsry\AppData\Local\Programs\Python\Python313\Lib\site-packages\aiogram\dispatcher\event\telegram.py", line 121, in trigger
    return await wrapped_inner(event, kwargs)
           ^^^^^^^^^^^^^^^^^^^^^^^^^^^^^^^^^^
  File "C:\Users\arsry\AppData\Local\Programs\Python\Python313\Lib\site-packages\aiogram\dispatcher\event\handler.py", line 43, in call
    return await wrapped()
           ^^^^^^^^^^^^^^^
  File "C:\Users\arsry\AppData\Local\Programs\Python\Python313\Lib\site-packages\aiogram\dispatcher\dispatcher.py", line 276, in _listen_update
    return await self.propagate_event(update_type=update_type, event=event, **kwargs)
           ^^^^^^^^^^^^^^^^^^^^^^^^^^^^^^^^^^^^^^^^^^^^^^^^^^^^^^^^^^^^^^^^^^^^^^^^^^
  File "C:\Users\arsry\AppData\Local\Programs\Python\Python313\Lib\site-packages\aiogram\dispatcher\router.py", line 146, in propagate_event
    return await observer.wrap_outer_middleware(_wrapped, event=event, data=kwargs)
           ^^^^^^^^^^^^^^^^^^^^^^^^^^^^^^^^^^^^^^^^^^^^^^^^^^^^^^^^^^^^^^^^^^^^^^^^
  File "C:\Users\arsry\AppData\Local\Programs\Python\Python313\Lib\site-packages\aiogram\dispatcher\router.py", line 141, in _wrapped
    return await self._propagate_event(
           ^^^^^^^^^^^^^^^^^^^^^^^^^^^^
        observer=observer, update_type=update_type, event=telegram_event, **data
        ^^^^^^^^^^^^^^^^^^^^^^^^^^^^^^^^^^^^^^^^^^^^^^^^^^^^^^^^^^^^^^^^^^^^^^^^
    )
    ^
  File "C:\Users\arsry\AppData\Local\Programs\Python\Python313\Lib\site-packages\aiogram\dispatcher\router.py", line 174, in _propagate_event
    response = await router.propagate_event(update_type=update_type, event=event, **kwargs)
               ^^^^^^^^^^^^^^^^^^^^^^^^^^^^^^^^^^^^^^^^^^^^^^^^^^^^^^^^^^^^^^^^^^^^^^^^^^^^
  File "C:\Users\arsry\AppData\Local\Programs\Python\Python313\Lib\site-packages\aiogram\dispatcher\router.py", line 146, in propagate_event
    return await observer.wrap_outer_middleware(_wrapped, event=event, data=kwargs)
           ^^^^^^^^^^^^^^^^^^^^^^^^^^^^^^^^^^^^^^^^^^^^^^^^^^^^^^^^^^^^^^^^^^^^^^^^
  File "C:\Users\arsry\AppData\Local\Programs\Python\Python313\Lib\site-packages\aiogram\dispatcher\router.py", line 141, in _wrapped
    return await self._propagate_event(
           ^^^^^^^^^^^^^^^^^^^^^^^^^^^^
        observer=observer, update_type=update_type, event=telegram_event, **data
        ^^^^^^^^^^^^^^^^^^^^^^^^^^^^^^^^^^^^^^^^^^^^^^^^^^^^^^^^^^^^^^^^^^^^^^^^
    )
    ^
  File "C:\Users\arsry\AppData\Local\Programs\Python\Python313\Lib\site-packages\aiogram\dispatcher\router.py", line 166, in _propagate_event
    response = await observer.trigger(event, **kwargs)
               ^^^^^^^^^^^^^^^^^^^^^^^^^^^^^^^^^^^^^^^
  File "C:\Users\arsry\AppData\Local\Programs\Python\Python313\Lib\site-packages\aiogram\dispatcher\event\telegram.py", line 121, in trigger
    return await wrapped_inner(event, kwargs)
           ^^^^^^^^^^^^^^^^^^^^^^^^^^^^^^^^^^
  File "C:\Users\arsry\AppData\Local\Programs\Python\Python313\Lib\site-packages\aiogram\dispatcher\event\handler.py", line 43, in call
    return await wrapped()
           ^^^^^^^^^^^^^^^
  File "C:\Users\arsry\OneDrive\Рабочий стол\запись на секции\tg_bot\routers\support.py", line 74, in start_support_callback
    await state.set_state(SupportStates.waiting_for_topic)
                          ^^^^^^^^^^^^^
NameError: name 'SupportStates' is not defined
[2026-01-19 16:31:23] INFO in dispatcher: Start polling
[2026-01-19 16:31:24] INFO in dispatcher: Run polling for bot @prot_xafda_bot id=7616289372 - 'prot_bot'
[2026-01-19 16:31:26] INFO in dispatcher: Update id=219029427 is not handled. Duration 4 ms by bot id=7616289372
[2026-01-19 16:31:29] INFO in dispatcher: Update id=219029428 is handled. Duration 326 ms by bot id=7616289372
[2026-01-19 16:31:31] INFO in dispatcher: Update id=219029429 is handled. Duration 152 ms by bot id=7616289372
[2026-01-19 16:31:32] INFO in dispatcher: Update id=219029430 is handled. Duration 270 ms by bot id=7616289372
[2026-01-19 16:31:34] INFO in dispatcher: Update id=219029431 is not handled. Duration 0 ms by bot id=7616289372
[2026-01-19 16:31:34] ERROR in dispatcher: Cause exception while process update id=219029431 by bot id=7616289372
KeyError: 'tickets'
Traceback (most recent call last):
  File "C:\Users\arsry\AppData\Local\Programs\Python\Python313\Lib\site-packages\aiogram\dispatcher\dispatcher.py", line 309, in _process_update
    response = await self.feed_update(bot, update, **kwargs)
               ^^^^^^^^^^^^^^^^^^^^^^^^^^^^^^^^^^^^^^^^^^^^^
  File "C:\Users\arsry\AppData\Local\Programs\Python\Python313\Lib\site-packages\aiogram\dispatcher\dispatcher.py", line 158, in feed_update
    response = await self.update.wrap_outer_middleware(
               ^^^^^^^^^^^^^^^^^^^^^^^^^^^^^^^^^^^^^^^^
    ...<7 lines>...
    )
    ^
  File "C:\Users\arsry\AppData\Local\Programs\Python\Python313\Lib\site-packages\aiogram\dispatcher\middlewares\error.py", line 25, in __call__
    return await handler(event, data)
           ^^^^^^^^^^^^^^^^^^^^^^^^^^
  File "C:\Users\arsry\AppData\Local\Programs\Python\Python313\Lib\site-packages\aiogram\dispatcher\middlewares\user_context.py", line 56, in __call__
    return await handler(event, data)
           ^^^^^^^^^^^^^^^^^^^^^^^^^^
  File "C:\Users\arsry\AppData\Local\Programs\Python\Python313\Lib\site-packages\aiogram\fsm\middleware.py", line 42, in __call__
    return await handler(event, data)
           ^^^^^^^^^^^^^^^^^^^^^^^^^^
  File "C:\Users\arsry\AppData\Local\Programs\Python\Python313\Lib\site-packages\aiogram\dispatcher\event\telegram.py", line 121, in trigger
    return await wrapped_inner(event, kwargs)
           ^^^^^^^^^^^^^^^^^^^^^^^^^^^^^^^^^^
  File "C:\Users\arsry\AppData\Local\Programs\Python\Python313\Lib\site-packages\aiogram\dispatcher\event\handler.py", line 43, in call
    return await wrapped()
           ^^^^^^^^^^^^^^^
  File "C:\Users\arsry\AppData\Local\Programs\Python\Python313\Lib\site-packages\aiogram\dispatcher\dispatcher.py", line 276, in _listen_update
    return await self.propagate_event(update_type=update_type, event=event, **kwargs)
           ^^^^^^^^^^^^^^^^^^^^^^^^^^^^^^^^^^^^^^^^^^^^^^^^^^^^^^^^^^^^^^^^^^^^^^^^^^
  File "C:\Users\arsry\AppData\Local\Programs\Python\Python313\Lib\site-packages\aiogram\dispatcher\router.py", line 146, in propagate_event
    return await observer.wrap_outer_middleware(_wrapped, event=event, data=kwargs)
           ^^^^^^^^^^^^^^^^^^^^^^^^^^^^^^^^^^^^^^^^^^^^^^^^^^^^^^^^^^^^^^^^^^^^^^^^
  File "C:\Users\arsry\AppData\Local\Programs\Python\Python313\Lib\site-packages\aiogram\dispatcher\router.py", line 141, in _wrapped
    return await self._propagate_event(
           ^^^^^^^^^^^^^^^^^^^^^^^^^^^^
        observer=observer, update_type=update_type, event=telegram_event, **data
        ^^^^^^^^^^^^^^^^^^^^^^^^^^^^^^^^^^^^^^^^^^^^^^^^^^^^^^^^^^^^^^^^^^^^^^^^
    )
    ^
  File "C:\Users\arsry\AppData\Local\Programs\Python\Python313\Lib\site-packages\aiogram\dispatcher\router.py", line 174, in _propagate_event
    response = await router.propagate_event(update_type=update_type, event=event, **kwargs)
               ^^^^^^^^^^^^^^^^^^^^^^^^^^^^^^^^^^^^^^^^^^^^^^^^^^^^^^^^^^^^^^^^^^^^^^^^^^^^
  File "C:\Users\arsry\AppData\Local\Programs\Python\Python313\Lib\site-packages\aiogram\dispatcher\router.py", line 146, in propagate_event
    return await observer.wrap_outer_middleware(_wrapped, event=event, data=kwargs)
           ^^^^^^^^^^^^^^^^^^^^^^^^^^^^^^^^^^^^^^^^^^^^^^^^^^^^^^^^^^^^^^^^^^^^^^^^
  File "C:\Users\arsry\AppData\Local\Programs\Python\Python313\Lib\site-packages\aiogram\dispatcher\router.py", line 141, in _wrapped
    return await self._propagate_event(
           ^^^^^^^^^^^^^^^^^^^^^^^^^^^^
        observer=observer, update_type=update_type, event=telegram_event, **data
        ^^^^^^^^^^^^^^^^^^^^^^^^^^^^^^^^^^^^^^^^^^^^^^^^^^^^^^^^^^^^^^^^^^^^^^^^
    )
    ^
  File "C:\Users\arsry\AppData\Local\Programs\Python\Python313\Lib\site-packages\aiogram\dispatcher\router.py", line 166, in _propagate_event
    response = await observer.trigger(event, **kwargs)
               ^^^^^^^^^^^^^^^^^^^^^^^^^^^^^^^^^^^^^^^
  File "C:\Users\arsry\AppData\Local\Programs\Python\Python313\Lib\site-packages\aiogram\dispatcher\event\telegram.py", line 121, in trigger
    return await wrapped_inner(event, kwargs)
           ^^^^^^^^^^^^^^^^^^^^^^^^^^^^^^^^^^
  File "C:\Users\arsry\AppData\Local\Programs\Python\Python313\Lib\site-packages\aiogram\dispatcher\event\handler.py", line 43, in call
    return await wrapped()
           ^^^^^^^^^^^^^^^
  File "C:\Users\arsry\OneDrive\Рабочий стол\запись на секции\tg_bot\routers\support.py", line 29, in tickets
    tickets = data['tickets']
              ~~~~^^^^^^^^^^^
KeyError: 'tickets'
[2026-01-19 16:33:14] INFO in dispatcher: Start polling
[2026-01-19 16:33:14] INFO in dispatcher: Run polling for bot @prot_xafda_bot id=7616289372 - 'prot_bot'
[2026-01-19 16:33:15] INFO in dispatcher: Update id=219029432 is handled. Duration 282 ms by bot id=7616289372
[2026-01-19 16:33:17] INFO in dispatcher: Update id=219029433 is handled. Duration 64 ms by bot id=7616289372
[2026-01-19 16:33:18] INFO in dispatcher: Update id=219029434 is handled. Duration 160 ms by bot id=7616289372
[2026-01-19 16:33:19] INFO in dispatcher: Update id=219029435 is handled. Duration 110 ms by bot id=7616289372
[2026-01-19 16:33:22] INFO in dispatcher: Update id=219029436 is handled. Duration 84 ms by bot id=7616289372
[2026-01-19 16:33:22] INFO in dispatcher: Update id=219029437 is handled. Duration 116 ms by bot id=7616289372
[2026-01-19 16:33:24] INFO in dispatcher: Update id=219029438 is handled. Duration 122 ms by bot id=7616289372
[2026-01-19 16:33:25] INFO in dispatcher: Update id=219029439 is not handled. Duration 3 ms by bot id=7616289372
[2026-01-19 16:33:34] INFO in dispatcher: Update id=219029440 is not handled. Duration 5 ms by bot id=7616289372
[2026-01-19 16:36:57] INFO in dispatcher: Start polling
[2026-01-19 16:36:57] INFO in dispatcher: Run polling for bot @prot_xafda_bot id=7616289372 - 'prot_bot'
[2026-01-19 16:37:01] INFO in dispatcher: Update id=219029441 is handled. Duration 252 ms by bot id=7616289372
[2026-01-19 16:37:03] INFO in dispatcher: Update id=219029442 is handled. Duration 189 ms by bot id=7616289372
[2026-01-19 16:37:04] INFO in dispatcher: Update id=219029443 is handled. Duration 68 ms by bot id=7616289372
[2026-01-19 16:37:05] INFO in dispatcher: Update id=219029444 is handled. Duration 71 ms by bot id=7616289372
[2026-01-19 16:37:06] INFO in dispatcher: Update id=219029445 is handled. Duration 142 ms by bot id=7616289372
[2026-01-19 16:37:07] INFO in dispatcher: Update id=219029446 is not handled. Duration 4 ms by bot id=7616289372
[2026-01-19 16:37:13] INFO in dispatcher: Update id=219029447 is handled. Duration 103 ms by bot id=7616289372
[2026-01-19 16:37:23] INFO in dispatcher: Update id=219029448 is not handled. Duration 2 ms by bot id=7616289372
[2026-01-19 16:40:22] INFO in dispatcher: Update id=219029449 is not handled. Duration 1 ms by bot id=7616289372
[2026-01-19 16:40:24] INFO in dispatcher: Update id=219029450 is handled. Duration 166 ms by bot id=7616289372
[2026-01-19 16:42:29] INFO in dispatcher: Start polling
[2026-01-19 16:42:29] INFO in dispatcher: Run polling for bot @prot_xafda_bot id=7616289372 - 'prot_bot'
[2026-01-19 16:42:30] INFO in dispatcher: Update id=219029451 is not handled. Duration 0 ms by bot id=7616289372
[2026-01-19 16:42:30] ERROR in dispatcher: Cause exception while process update id=219029451 by bot id=7616289372
KeyError: 'tickets'
Traceback (most recent call last):
  File "C:\Users\arsry\AppData\Local\Programs\Python\Python313\Lib\site-packages\aiogram\dispatcher\dispatcher.py", line 309, in _process_update
    response = await self.feed_update(bot, update, **kwargs)
               ^^^^^^^^^^^^^^^^^^^^^^^^^^^^^^^^^^^^^^^^^^^^^
  File "C:\Users\arsry\AppData\Local\Programs\Python\Python313\Lib\site-packages\aiogram\dispatcher\dispatcher.py", line 158, in feed_update
    response = await self.update.wrap_outer_middleware(
               ^^^^^^^^^^^^^^^^^^^^^^^^^^^^^^^^^^^^^^^^
    ...<7 lines>...
    )
    ^
  File "C:\Users\arsry\AppData\Local\Programs\Python\Python313\Lib\site-packages\aiogram\dispatcher\middlewares\error.py", line 25, in __call__
    return await handler(event, data)
           ^^^^^^^^^^^^^^^^^^^^^^^^^^
  File "C:\Users\arsry\AppData\Local\Programs\Python\Python313\Lib\site-packages\aiogram\dispatcher\middlewares\user_context.py", line 56, in __call__
    return await handler(event, data)
           ^^^^^^^^^^^^^^^^^^^^^^^^^^
  File "C:\Users\arsry\AppData\Local\Programs\Python\Python313\Lib\site-packages\aiogram\fsm\middleware.py", line 42, in __call__
    return await handler(event, data)
           ^^^^^^^^^^^^^^^^^^^^^^^^^^
  File "C:\Users\arsry\AppData\Local\Programs\Python\Python313\Lib\site-packages\aiogram\dispatcher\event\telegram.py", line 121, in trigger
    return await wrapped_inner(event, kwargs)
           ^^^^^^^^^^^^^^^^^^^^^^^^^^^^^^^^^^
  File "C:\Users\arsry\AppData\Local\Programs\Python\Python313\Lib\site-packages\aiogram\dispatcher\event\handler.py", line 43, in call
    return await wrapped()
           ^^^^^^^^^^^^^^^
  File "C:\Users\arsry\AppData\Local\Programs\Python\Python313\Lib\site-packages\aiogram\dispatcher\dispatcher.py", line 276, in _listen_update
    return await self.propagate_event(update_type=update_type, event=event, **kwargs)
           ^^^^^^^^^^^^^^^^^^^^^^^^^^^^^^^^^^^^^^^^^^^^^^^^^^^^^^^^^^^^^^^^^^^^^^^^^^
  File "C:\Users\arsry\AppData\Local\Programs\Python\Python313\Lib\site-packages\aiogram\dispatcher\router.py", line 146, in propagate_event
    return await observer.wrap_outer_middleware(_wrapped, event=event, data=kwargs)
           ^^^^^^^^^^^^^^^^^^^^^^^^^^^^^^^^^^^^^^^^^^^^^^^^^^^^^^^^^^^^^^^^^^^^^^^^
  File "C:\Users\arsry\AppData\Local\Programs\Python\Python313\Lib\site-packages\aiogram\dispatcher\router.py", line 141, in _wrapped
    return await self._propagate_event(
           ^^^^^^^^^^^^^^^^^^^^^^^^^^^^
        observer=observer, update_type=update_type, event=telegram_event, **data
        ^^^^^^^^^^^^^^^^^^^^^^^^^^^^^^^^^^^^^^^^^^^^^^^^^^^^^^^^^^^^^^^^^^^^^^^^
    )
    ^
  File "C:\Users\arsry\AppData\Local\Programs\Python\Python313\Lib\site-packages\aiogram\dispatcher\router.py", line 174, in _propagate_event
    response = await router.propagate_event(update_type=update_type, event=event, **kwargs)
               ^^^^^^^^^^^^^^^^^^^^^^^^^^^^^^^^^^^^^^^^^^^^^^^^^^^^^^^^^^^^^^^^^^^^^^^^^^^^
  File "C:\Users\arsry\AppData\Local\Programs\Python\Python313\Lib\site-packages\aiogram\dispatcher\router.py", line 146, in propagate_event
    return await observer.wrap_outer_middleware(_wrapped, event=event, data=kwargs)
           ^^^^^^^^^^^^^^^^^^^^^^^^^^^^^^^^^^^^^^^^^^^^^^^^^^^^^^^^^^^^^^^^^^^^^^^^
  File "C:\Users\arsry\AppData\Local\Programs\Python\Python313\Lib\site-packages\aiogram\dispatcher\router.py", line 141, in _wrapped
    return await self._propagate_event(
           ^^^^^^^^^^^^^^^^^^^^^^^^^^^^
        observer=observer, update_type=update_type, event=telegram_event, **data
        ^^^^^^^^^^^^^^^^^^^^^^^^^^^^^^^^^^^^^^^^^^^^^^^^^^^^^^^^^^^^^^^^^^^^^^^^
    )
    ^
  File "C:\Users\arsry\AppData\Local\Programs\Python\Python313\Lib\site-packages\aiogram\dispatcher\router.py", line 166, in _propagate_event
    response = await observer.trigger(event, **kwargs)
               ^^^^^^^^^^^^^^^^^^^^^^^^^^^^^^^^^^^^^^^
  File "C:\Users\arsry\AppData\Local\Programs\Python\Python313\Lib\site-packages\aiogram\dispatcher\event\telegram.py", line 121, in trigger
    return await wrapped_inner(event, kwargs)
           ^^^^^^^^^^^^^^^^^^^^^^^^^^^^^^^^^^
  File "C:\Users\arsry\AppData\Local\Programs\Python\Python313\Lib\site-packages\aiogram\dispatcher\event\handler.py", line 43, in call
    return await wrapped()
           ^^^^^^^^^^^^^^^
  File "C:\Users\arsry\OneDrive\Рабочий стол\запись на секции\tg_bot\routers\support.py", line 30, in tickets
    tickets = data['tickets']
              ~~~~^^^^^^^^^^^
KeyError: 'tickets'
[2026-01-19 16:42:35] INFO in dispatcher: Update id=219029452 is handled. Duration 279 ms by bot id=7616289372
[2026-01-19 16:42:37] INFO in dispatcher: Update id=219029453 is handled. Duration 121 ms by bot id=7616289372
[2026-01-19 16:42:49] INFO in dispatcher: Update id=219029454 is handled. Duration 164 ms by bot id=7616289372
[2026-01-19 16:42:52] INFO in dispatcher: Update id=219029455 is handled. Duration 168 ms by bot id=7616289372
[2026-01-19 16:42:55] INFO in dispatcher: Update id=219029456 is handled. Duration 494 ms by bot id=7616289372
[2026-01-19 16:42:56] INFO in dispatcher: Update id=219029457 is handled. Duration 143 ms by bot id=7616289372
[2026-01-19 16:42:58] INFO in dispatcher: Update id=219029458 is handled. Duration 151 ms by bot id=7616289372
[2026-01-19 16:43:01] INFO in dispatcher: Update id=219029459 is handled. Duration 199 ms by bot id=7616289372
[2026-01-19 16:43:04] INFO in dispatcher: Update id=219029460 is handled. Duration 114 ms by bot id=7616289372
[2026-01-19 16:43:08] INFO in dispatcher: Update id=219029461 is handled. Duration 384 ms by bot id=7616289372
[2026-01-19 16:43:10] INFO in dispatcher: Update id=219029462 is not handled. Duration 1 ms by bot id=7616289372
[2026-01-19 16:43:48] INFO in dispatcher: Start polling
[2026-01-19 16:43:48] INFO in dispatcher: Run polling for bot @prot_xafda_bot id=7616289372 - 'prot_bot'
[2026-01-19 16:43:48] INFO in dispatcher: Update id=219029463 is handled. Duration 441 ms by bot id=7616289372
[2026-01-19 16:43:50] INFO in dispatcher: Update id=219029464 is handled. Duration 206 ms by bot id=7616289372
[2026-01-19 16:43:50] INFO in dispatcher: Update id=219029465 is handled. Duration 126 ms by bot id=7616289372
[2026-01-19 16:43:52] INFO in dispatcher: Update id=219029466 is handled. Duration 147 ms by bot id=7616289372
[2026-01-19 16:43:54] INFO in dispatcher: Update id=219029467 is not handled. Duration 1 ms by bot id=7616289372
[2026-01-19 16:43:59] INFO in dispatcher: Update id=219029468 is not handled. Duration 1 ms by bot id=7616289372
[2026-01-19 16:44:04] INFO in dispatcher: Update id=219029469 is handled. Duration 339 ms by bot id=7616289372
[2026-01-19 16:58:17] INFO in dispatcher: Start polling
[2026-01-19 16:58:17] INFO in dispatcher: Run polling for bot @prot_xafda_bot id=7616289372 - 'prot_bot'
[2026-01-19 16:58:25] INFO in dispatcher: Update id=219029470 is not handled. Duration 0 ms by bot id=7616289372
[2026-01-19 16:58:25] ERROR in dispatcher: Cause exception while process update id=219029470 by bot id=7616289372
KeyError: 'tickets'
Traceback (most recent call last):
  File "C:\Users\arsry\AppData\Local\Programs\Python\Python313\Lib\site-packages\aiogram\dispatcher\dispatcher.py", line 309, in _process_update
    response = await self.feed_update(bot, update, **kwargs)
               ^^^^^^^^^^^^^^^^^^^^^^^^^^^^^^^^^^^^^^^^^^^^^
  File "C:\Users\arsry\AppData\Local\Programs\Python\Python313\Lib\site-packages\aiogram\dispatcher\dispatcher.py", line 158, in feed_update
    response = await self.update.wrap_outer_middleware(
               ^^^^^^^^^^^^^^^^^^^^^^^^^^^^^^^^^^^^^^^^
    ...<7 lines>...
    )
    ^
  File "C:\Users\arsry\AppData\Local\Programs\Python\Python313\Lib\site-packages\aiogram\dispatcher\middlewares\error.py", line 25, in __call__
    return await handler(event, data)
           ^^^^^^^^^^^^^^^^^^^^^^^^^^
  File "C:\Users\arsry\AppData\Local\Programs\Python\Python313\Lib\site-packages\aiogram\dispatcher\middlewares\user_context.py", line 56, in __call__
    return await handler(event, data)
           ^^^^^^^^^^^^^^^^^^^^^^^^^^
  File "C:\Users\arsry\AppData\Local\Programs\Python\Python313\Lib\site-packages\aiogram\fsm\middleware.py", line 42, in __call__
    return await handler(event, data)
           ^^^^^^^^^^^^^^^^^^^^^^^^^^
  File "C:\Users\arsry\AppData\Local\Programs\Python\Python313\Lib\site-packages\aiogram\dispatcher\event\telegram.py", line 121, in trigger
    return await wrapped_inner(event, kwargs)
           ^^^^^^^^^^^^^^^^^^^^^^^^^^^^^^^^^^
  File "C:\Users\arsry\AppData\Local\Programs\Python\Python313\Lib\site-packages\aiogram\dispatcher\event\handler.py", line 43, in call
    return await wrapped()
           ^^^^^^^^^^^^^^^
  File "C:\Users\arsry\AppData\Local\Programs\Python\Python313\Lib\site-packages\aiogram\dispatcher\dispatcher.py", line 276, in _listen_update
    return await self.propagate_event(update_type=update_type, event=event, **kwargs)
           ^^^^^^^^^^^^^^^^^^^^^^^^^^^^^^^^^^^^^^^^^^^^^^^^^^^^^^^^^^^^^^^^^^^^^^^^^^
  File "C:\Users\arsry\AppData\Local\Programs\Python\Python313\Lib\site-packages\aiogram\dispatcher\router.py", line 146, in propagate_event
    return await observer.wrap_outer_middleware(_wrapped, event=event, data=kwargs)
           ^^^^^^^^^^^^^^^^^^^^^^^^^^^^^^^^^^^^^^^^^^^^^^^^^^^^^^^^^^^^^^^^^^^^^^^^
  File "C:\Users\arsry\AppData\Local\Programs\Python\Python313\Lib\site-packages\aiogram\dispatcher\router.py", line 141, in _wrapped
    return await self._propagate_event(
           ^^^^^^^^^^^^^^^^^^^^^^^^^^^^
        observer=observer, update_type=update_type, event=telegram_event, **data
        ^^^^^^^^^^^^^^^^^^^^^^^^^^^^^^^^^^^^^^^^^^^^^^^^^^^^^^^^^^^^^^^^^^^^^^^^
    )
    ^
  File "C:\Users\arsry\AppData\Local\Programs\Python\Python313\Lib\site-packages\aiogram\dispatcher\router.py", line 174, in _propagate_event
    response = await router.propagate_event(update_type=update_type, event=event, **kwargs)
               ^^^^^^^^^^^^^^^^^^^^^^^^^^^^^^^^^^^^^^^^^^^^^^^^^^^^^^^^^^^^^^^^^^^^^^^^^^^^
  File "C:\Users\arsry\AppData\Local\Programs\Python\Python313\Lib\site-packages\aiogram\dispatcher\router.py", line 146, in propagate_event
    return await observer.wrap_outer_middleware(_wrapped, event=event, data=kwargs)
           ^^^^^^^^^^^^^^^^^^^^^^^^^^^^^^^^^^^^^^^^^^^^^^^^^^^^^^^^^^^^^^^^^^^^^^^^
  File "C:\Users\arsry\AppData\Local\Programs\Python\Python313\Lib\site-packages\aiogram\dispatcher\router.py", line 141, in _wrapped
    return await self._propagate_event(
           ^^^^^^^^^^^^^^^^^^^^^^^^^^^^
        observer=observer, update_type=update_type, event=telegram_event, **data
        ^^^^^^^^^^^^^^^^^^^^^^^^^^^^^^^^^^^^^^^^^^^^^^^^^^^^^^^^^^^^^^^^^^^^^^^^
    )
    ^
  File "C:\Users\arsry\AppData\Local\Programs\Python\Python313\Lib\site-packages\aiogram\dispatcher\router.py", line 166, in _propagate_event
    response = await observer.trigger(event, **kwargs)
               ^^^^^^^^^^^^^^^^^^^^^^^^^^^^^^^^^^^^^^^
  File "C:\Users\arsry\AppData\Local\Programs\Python\Python313\Lib\site-packages\aiogram\dispatcher\event\telegram.py", line 121, in trigger
    return await wrapped_inner(event, kwargs)
           ^^^^^^^^^^^^^^^^^^^^^^^^^^^^^^^^^^
  File "C:\Users\arsry\AppData\Local\Programs\Python\Python313\Lib\site-packages\aiogram\dispatcher\event\handler.py", line 43, in call
    return await wrapped()
           ^^^^^^^^^^^^^^^
  File "C:\Users\arsry\OneDrive\Рабочий стол\запись на секции\tg_bot\routers\support.py", line 30, in tickets
    tickets = data['tickets']
              ~~~~^^^^^^^^^^^
KeyError: 'tickets'
[2026-01-19 16:58:29] INFO in dispatcher: Update id=219029471 is handled. Duration 397 ms by bot id=7616289372
[2026-01-19 16:58:30] INFO in dispatcher: Update id=219029472 is handled. Duration 176 ms by bot id=7616289372
[2026-01-19 16:58:34] INFO in dispatcher: Update id=219029473 is handled. Duration 257 ms by bot id=7616289372
[2026-01-19 16:58:36] INFO in dispatcher: Update id=219029474 is not handled. Duration 1 ms by bot id=7616289372
[2026-01-19 16:58:36] ERROR in dispatcher: Cause exception while process update id=219029474 by bot id=7616289372
NameError: name 'message' is not defined
Traceback (most recent call last):
  File "C:\Users\arsry\AppData\Local\Programs\Python\Python313\Lib\site-packages\aiogram\dispatcher\dispatcher.py", line 309, in _process_update
    response = await self.feed_update(bot, update, **kwargs)
               ^^^^^^^^^^^^^^^^^^^^^^^^^^^^^^^^^^^^^^^^^^^^^
  File "C:\Users\arsry\AppData\Local\Programs\Python\Python313\Lib\site-packages\aiogram\dispatcher\dispatcher.py", line 158, in feed_update
    response = await self.update.wrap_outer_middleware(
               ^^^^^^^^^^^^^^^^^^^^^^^^^^^^^^^^^^^^^^^^
    ...<7 lines>...
    )
    ^
  File "C:\Users\arsry\AppData\Local\Programs\Python\Python313\Lib\site-packages\aiogram\dispatcher\middlewares\error.py", line 25, in __call__
    return await handler(event, data)
           ^^^^^^^^^^^^^^^^^^^^^^^^^^
  File "C:\Users\arsry\AppData\Local\Programs\Python\Python313\Lib\site-packages\aiogram\dispatcher\middlewares\user_context.py", line 56, in __call__
    return await handler(event, data)
           ^^^^^^^^^^^^^^^^^^^^^^^^^^
  File "C:\Users\arsry\AppData\Local\Programs\Python\Python313\Lib\site-packages\aiogram\fsm\middleware.py", line 42, in __call__
    return await handler(event, data)
           ^^^^^^^^^^^^^^^^^^^^^^^^^^
  File "C:\Users\arsry\AppData\Local\Programs\Python\Python313\Lib\site-packages\aiogram\dispatcher\event\telegram.py", line 121, in trigger
    return await wrapped_inner(event, kwargs)
           ^^^^^^^^^^^^^^^^^^^^^^^^^^^^^^^^^^
  File "C:\Users\arsry\AppData\Local\Programs\Python\Python313\Lib\site-packages\aiogram\dispatcher\event\handler.py", line 43, in call
    return await wrapped()
           ^^^^^^^^^^^^^^^
  File "C:\Users\arsry\AppData\Local\Programs\Python\Python313\Lib\site-packages\aiogram\dispatcher\dispatcher.py", line 276, in _listen_update
    return await self.propagate_event(update_type=update_type, event=event, **kwargs)
           ^^^^^^^^^^^^^^^^^^^^^^^^^^^^^^^^^^^^^^^^^^^^^^^^^^^^^^^^^^^^^^^^^^^^^^^^^^
  File "C:\Users\arsry\AppData\Local\Programs\Python\Python313\Lib\site-packages\aiogram\dispatcher\router.py", line 146, in propagate_event
    return await observer.wrap_outer_middleware(_wrapped, event=event, data=kwargs)
           ^^^^^^^^^^^^^^^^^^^^^^^^^^^^^^^^^^^^^^^^^^^^^^^^^^^^^^^^^^^^^^^^^^^^^^^^
  File "C:\Users\arsry\AppData\Local\Programs\Python\Python313\Lib\site-packages\aiogram\dispatcher\router.py", line 141, in _wrapped
    return await self._propagate_event(
           ^^^^^^^^^^^^^^^^^^^^^^^^^^^^
        observer=observer, update_type=update_type, event=telegram_event, **data
        ^^^^^^^^^^^^^^^^^^^^^^^^^^^^^^^^^^^^^^^^^^^^^^^^^^^^^^^^^^^^^^^^^^^^^^^^
    )
    ^
  File "C:\Users\arsry\AppData\Local\Programs\Python\Python313\Lib\site-packages\aiogram\dispatcher\router.py", line 174, in _propagate_event
    response = await router.propagate_event(update_type=update_type, event=event, **kwargs)
               ^^^^^^^^^^^^^^^^^^^^^^^^^^^^^^^^^^^^^^^^^^^^^^^^^^^^^^^^^^^^^^^^^^^^^^^^^^^^
  File "C:\Users\arsry\AppData\Local\Programs\Python\Python313\Lib\site-packages\aiogram\dispatcher\router.py", line 146, in propagate_event
    return await observer.wrap_outer_middleware(_wrapped, event=event, data=kwargs)
           ^^^^^^^^^^^^^^^^^^^^^^^^^^^^^^^^^^^^^^^^^^^^^^^^^^^^^^^^^^^^^^^^^^^^^^^^
  File "C:\Users\arsry\AppData\Local\Programs\Python\Python313\Lib\site-packages\aiogram\dispatcher\router.py", line 141, in _wrapped
    return await self._propagate_event(
           ^^^^^^^^^^^^^^^^^^^^^^^^^^^^
        observer=observer, update_type=update_type, event=telegram_event, **data
        ^^^^^^^^^^^^^^^^^^^^^^^^^^^^^^^^^^^^^^^^^^^^^^^^^^^^^^^^^^^^^^^^^^^^^^^^
    )
    ^
  File "C:\Users\arsry\AppData\Local\Programs\Python\Python313\Lib\site-packages\aiogram\dispatcher\router.py", line 166, in _propagate_event
    response = await observer.trigger(event, **kwargs)
               ^^^^^^^^^^^^^^^^^^^^^^^^^^^^^^^^^^^^^^^
  File "C:\Users\arsry\AppData\Local\Programs\Python\Python313\Lib\site-packages\aiogram\dispatcher\event\telegram.py", line 121, in trigger
    return await wrapped_inner(event, kwargs)
           ^^^^^^^^^^^^^^^^^^^^^^^^^^^^^^^^^^
  File "C:\Users\arsry\AppData\Local\Programs\Python\Python313\Lib\site-packages\aiogram\dispatcher\event\handler.py", line 43, in call
    return await wrapped()
           ^^^^^^^^^^^^^^^
  File "C:\Users\arsry\OneDrive\Рабочий стол\запись на секции\tg_bot\routers\support.py", line 49, in msg
    await message.answer('Напишите ОДНО сообщение с описанием проблемы или вопроса для поддержки.')
          ^^^^^^^
NameError: name 'message' is not defined
[2026-01-19 16:59:26] INFO in dispatcher: Start polling
[2026-01-19 16:59:26] INFO in dispatcher: Run polling for bot @prot_xafda_bot id=7616289372 - 'prot_bot'
[2026-01-19 16:59:28] INFO in dispatcher: Update id=219029475 is handled. Duration 304 ms by bot id=7616289372
[2026-01-19 16:59:29] INFO in dispatcher: Update id=219029476 is handled. Duration 168 ms by bot id=7616289372
[2026-01-19 16:59:30] INFO in dispatcher: Update id=219029477 is handled. Duration 119 ms by bot id=7616289372
[2026-01-19 16:59:31] INFO in dispatcher: Update id=219029478 is handled. Duration 88 ms by bot id=7616289372
[2026-01-19 16:59:34] INFO in dispatcher: Update id=219029479 is handled. Duration 73 ms by bot id=7616289372
[2026-01-19 16:59:36] INFO in dispatcher: Update id=219029480 is handled. Duration 157 ms by bot id=7616289372
[2026-01-19 16:59:39] INFO in dispatcher: Update id=219029481 is handled. Duration 141 ms by bot id=7616289372
[2026-01-19 16:59:40] INFO in dispatcher: Update id=219029482 is handled. Duration 104 ms by bot id=7616289372
[2026-01-19 16:59:42] INFO in dispatcher: Update id=219029483 is handled. Duration 1099 ms by bot id=7616289372
[2026-01-19 17:00:17] INFO in dispatcher: Update id=219029484 is handled. Duration 224 ms by bot id=7616289372
[2026-01-19 17:00:20] INFO in dispatcher: Update id=219029485 is handled. Duration 440 ms by bot id=7616289372
[2026-01-19 17:00:21] INFO in dispatcher: Update id=219029486 is handled. Duration 75 ms by bot id=7616289372
[2026-01-19 17:00:24] INFO in dispatcher: Update id=219029487 is handled. Duration 536 ms by bot id=7616289372
[2026-01-19 17:00:28] INFO in dispatcher: Update id=219029488 is handled. Duration 182 ms by bot id=7616289372
[2026-01-19 17:00:30] INFO in dispatcher: Update id=219029489 is handled. Duration 390 ms by bot id=7616289372
[2026-01-19 17:07:03] ERROR in dispatcher: Failed to fetch updates - TelegramNetworkError: HTTP Client says - Request timeout error
[2026-01-19 17:07:03] WARNING in dispatcher: Sleep for 1.000000 seconds and try again... (tryings = 0, bot id = 7616289372)
[2026-01-19 17:07:14] INFO in dispatcher: Connection established (tryings = 1, bot id = 7616289372)
[2026-01-19 17:11:00] INFO in dispatcher: Start polling
[2026-01-19 17:11:00] INFO in dispatcher: Run polling for bot @prot_xafda_bot id=7616289372 - 'prot_bot'
[2026-01-19 17:11:00] INFO in dispatcher: Update id=219029490 is handled. Duration 300 ms by bot id=7616289372
[2026-01-19 17:11:01] INFO in dispatcher: Update id=219029491 is handled. Duration 118 ms by bot id=7616289372
[2026-01-19 17:11:02] INFO in dispatcher: Update id=219029492 is handled. Duration 172 ms by bot id=7616289372
[2026-01-19 17:11:04] INFO in dispatcher: Update id=219029493 is not handled. Duration 3 ms by bot id=7616289372
[2026-01-19 17:12:53] INFO in dispatcher: Update id=219029494 is not handled. Duration 3 ms by bot id=7616289372
[2026-01-19 17:12:58] INFO in dispatcher: Start polling
[2026-01-19 17:12:58] INFO in dispatcher: Run polling for bot @prot_xafda_bot id=7616289372 - 'prot_bot'
[2026-01-19 17:12:59] INFO in dispatcher: Update id=219029495 is handled. Duration 263 ms by bot id=7616289372
[2026-01-19 17:13:00] INFO in dispatcher: Update id=219029496 is handled. Duration 223 ms by bot id=7616289372
[2026-01-19 17:13:01] INFO in dispatcher: Update id=219029497 is handled. Duration 128 ms by bot id=7616289372
[2026-01-19 17:13:02] INFO in dispatcher: Update id=219029498 is not handled. Duration 1 ms by bot id=7616289372
[2026-01-19 17:13:02] ERROR in dispatcher: Cause exception while process update id=219029498 by bot id=7616289372
NameError: name 'data' is not defined
Traceback (most recent call last):
  File "C:\Users\arsry\AppData\Local\Programs\Python\Python313\Lib\site-packages\aiogram\dispatcher\dispatcher.py", line 309, in _process_update
    response = await self.feed_update(bot, update, **kwargs)
               ^^^^^^^^^^^^^^^^^^^^^^^^^^^^^^^^^^^^^^^^^^^^^
  File "C:\Users\arsry\AppData\Local\Programs\Python\Python313\Lib\site-packages\aiogram\dispatcher\dispatcher.py", line 158, in feed_update
    response = await self.update.wrap_outer_middleware(
               ^^^^^^^^^^^^^^^^^^^^^^^^^^^^^^^^^^^^^^^^
    ...<7 lines>...
    )
    ^
  File "C:\Users\arsry\AppData\Local\Programs\Python\Python313\Lib\site-packages\aiogram\dispatcher\middlewares\error.py", line 25, in __call__
    return await handler(event, data)
           ^^^^^^^^^^^^^^^^^^^^^^^^^^
  File "C:\Users\arsry\AppData\Local\Programs\Python\Python313\Lib\site-packages\aiogram\dispatcher\middlewares\user_context.py", line 56, in __call__
    return await handler(event, data)
           ^^^^^^^^^^^^^^^^^^^^^^^^^^
  File "C:\Users\arsry\AppData\Local\Programs\Python\Python313\Lib\site-packages\aiogram\fsm\middleware.py", line 42, in __call__
    return await handler(event, data)
           ^^^^^^^^^^^^^^^^^^^^^^^^^^
  File "C:\Users\arsry\AppData\Local\Programs\Python\Python313\Lib\site-packages\aiogram\dispatcher\event\telegram.py", line 121, in trigger
    return await wrapped_inner(event, kwargs)
           ^^^^^^^^^^^^^^^^^^^^^^^^^^^^^^^^^^
  File "C:\Users\arsry\AppData\Local\Programs\Python\Python313\Lib\site-packages\aiogram\dispatcher\event\handler.py", line 43, in call
    return await wrapped()
           ^^^^^^^^^^^^^^^
  File "C:\Users\arsry\AppData\Local\Programs\Python\Python313\Lib\site-packages\aiogram\dispatcher\dispatcher.py", line 276, in _listen_update
    return await self.propagate_event(update_type=update_type, event=event, **kwargs)
           ^^^^^^^^^^^^^^^^^^^^^^^^^^^^^^^^^^^^^^^^^^^^^^^^^^^^^^^^^^^^^^^^^^^^^^^^^^
  File "C:\Users\arsry\AppData\Local\Programs\Python\Python313\Lib\site-packages\aiogram\dispatcher\router.py", line 146, in propagate_event
    return await observer.wrap_outer_middleware(_wrapped, event=event, data=kwargs)
           ^^^^^^^^^^^^^^^^^^^^^^^^^^^^^^^^^^^^^^^^^^^^^^^^^^^^^^^^^^^^^^^^^^^^^^^^
  File "C:\Users\arsry\AppData\Local\Programs\Python\Python313\Lib\site-packages\aiogram\dispatcher\router.py", line 141, in _wrapped
    return await self._propagate_event(
           ^^^^^^^^^^^^^^^^^^^^^^^^^^^^
        observer=observer, update_type=update_type, event=telegram_event, **data
        ^^^^^^^^^^^^^^^^^^^^^^^^^^^^^^^^^^^^^^^^^^^^^^^^^^^^^^^^^^^^^^^^^^^^^^^^
    )
    ^
  File "C:\Users\arsry\AppData\Local\Programs\Python\Python313\Lib\site-packages\aiogram\dispatcher\router.py", line 174, in _propagate_event
    response = await router.propagate_event(update_type=update_type, event=event, **kwargs)
               ^^^^^^^^^^^^^^^^^^^^^^^^^^^^^^^^^^^^^^^^^^^^^^^^^^^^^^^^^^^^^^^^^^^^^^^^^^^^
  File "C:\Users\arsry\AppData\Local\Programs\Python\Python313\Lib\site-packages\aiogram\dispatcher\router.py", line 146, in propagate_event
    return await observer.wrap_outer_middleware(_wrapped, event=event, data=kwargs)
           ^^^^^^^^^^^^^^^^^^^^^^^^^^^^^^^^^^^^^^^^^^^^^^^^^^^^^^^^^^^^^^^^^^^^^^^^
  File "C:\Users\arsry\AppData\Local\Programs\Python\Python313\Lib\site-packages\aiogram\dispatcher\router.py", line 141, in _wrapped
    return await self._propagate_event(
           ^^^^^^^^^^^^^^^^^^^^^^^^^^^^
        observer=observer, update_type=update_type, event=telegram_event, **data
        ^^^^^^^^^^^^^^^^^^^^^^^^^^^^^^^^^^^^^^^^^^^^^^^^^^^^^^^^^^^^^^^^^^^^^^^^
    )
    ^
  File "C:\Users\arsry\AppData\Local\Programs\Python\Python313\Lib\site-packages\aiogram\dispatcher\router.py", line 166, in _propagate_event
    response = await observer.trigger(event, **kwargs)
               ^^^^^^^^^^^^^^^^^^^^^^^^^^^^^^^^^^^^^^^
  File "C:\Users\arsry\AppData\Local\Programs\Python\Python313\Lib\site-packages\aiogram\dispatcher\event\telegram.py", line 121, in trigger
    return await wrapped_inner(event, kwargs)
           ^^^^^^^^^^^^^^^^^^^^^^^^^^^^^^^^^^
  File "C:\Users\arsry\AppData\Local\Programs\Python\Python313\Lib\site-packages\aiogram\dispatcher\event\handler.py", line 43, in call
    return await wrapped()
           ^^^^^^^^^^^^^^^
  File "C:\Users\arsry\OneDrive\Рабочий стол\запись на секции\tg_bot\routers\support.py", line 54, in msg
    if await update_status_ticket(data['tickets'][data['num']]['ticket_id'], 3):
                                  ^^^^
NameError: name 'data' is not defined
[2026-01-19 17:13:33] INFO in dispatcher: Start polling
[2026-01-19 17:13:34] INFO in dispatcher: Run polling for bot @prot_xafda_bot id=7616289372 - 'prot_bot'
[2026-01-19 17:13:35] INFO in dispatcher: Update id=219029499 is handled. Duration 261 ms by bot id=7616289372
[2026-01-19 17:13:40] INFO in dispatcher: Update id=219029500 is handled. Duration 85 ms by bot id=7616289372
[2026-01-19 17:13:45] INFO in dispatcher: Update id=219029501 is handled. Duration 151 ms by bot id=7616289372
[2026-01-19 17:13:49] INFO in dispatcher: Update id=219029502 is handled. Duration 118 ms by bot id=7616289372
[2026-01-19 17:13:51] INFO in dispatcher: Update id=219029503 is handled. Duration 292 ms by bot id=7616289372
[2026-01-19 17:13:52] INFO in dispatcher: Update id=219029504 is handled. Duration 115 ms by bot id=7616289372
[2026-01-19 17:13:54] INFO in dispatcher: Update id=219029505 is handled. Duration 127 ms by bot id=7616289372
[2026-01-19 17:16:05] ERROR in dispatcher: Failed to fetch updates - TelegramNetworkError: HTTP Client says - Request timeout error
[2026-01-19 17:16:05] WARNING in dispatcher: Sleep for 1.000000 seconds and try again... (tryings = 0, bot id = 7616289372)
[2026-01-19 17:16:16] INFO in dispatcher: Connection established (tryings = 1, bot id = 7616289372)
[2026-01-19 17:21:48] INFO in dispatcher: Update id=219029506 is handled. Duration 180 ms by bot id=7616289372
[2026-01-19 17:21:52] INFO in dispatcher: Update id=219029507 is handled. Duration 74 ms by bot id=7616289372
[2026-01-19 17:21:53] INFO in dispatcher: Update id=219029508 is handled. Duration 102 ms by bot id=7616289372
[2026-01-19 17:21:54] INFO in dispatcher: Update id=219029509 is handled. Duration 94 ms by bot id=7616289372
[2026-01-19 18:16:16] INFO in dispatcher: Start polling
[2026-01-19 18:16:16] INFO in dispatcher: Run polling for bot @prot_xafda_bot id=7616289372 - 'prot_bot'
[2026-01-19 18:16:20] INFO in dispatcher: Update id=219029510 is handled. Duration 281 ms by bot id=7616289372
[2026-01-19 18:16:21] INFO in dispatcher: Update id=219029511 is handled. Duration 167 ms by bot id=7616289372
[2026-01-19 18:16:22] INFO in dispatcher: Update id=219029512 is handled. Duration 77 ms by bot id=7616289372
[2026-01-19 18:16:23] INFO in dispatcher: Update id=219029513 is not handled. Duration 1 ms by bot id=7616289372
[2026-01-19 18:16:23] ERROR in dispatcher: Cause exception while process update id=219029513 by bot id=7616289372
ValueError: invalid literal for int() with base 10: 'Создать обращение'
Traceback (most recent call last):
  File "C:\Users\arsry\AppData\Local\Programs\Python\Python313\Lib\site-packages\aiogram\dispatcher\dispatcher.py", line 309, in _process_update
    response = await self.feed_update(bot, update, **kwargs)
               ^^^^^^^^^^^^^^^^^^^^^^^^^^^^^^^^^^^^^^^^^^^^^
  File "C:\Users\arsry\AppData\Local\Programs\Python\Python313\Lib\site-packages\aiogram\dispatcher\dispatcher.py", line 158, in feed_update
    response = await self.update.wrap_outer_middleware(
               ^^^^^^^^^^^^^^^^^^^^^^^^^^^^^^^^^^^^^^^^
    ...<7 lines>...
    )
    ^
  File "C:\Users\arsry\AppData\Local\Programs\Python\Python313\Lib\site-packages\aiogram\dispatcher\middlewares\error.py", line 25, in __call__
    return await handler(event, data)
           ^^^^^^^^^^^^^^^^^^^^^^^^^^
  File "C:\Users\arsry\AppData\Local\Programs\Python\Python313\Lib\site-packages\aiogram\dispatcher\middlewares\user_context.py", line 56, in __call__
    return await handler(event, data)
           ^^^^^^^^^^^^^^^^^^^^^^^^^^
  File "C:\Users\arsry\AppData\Local\Programs\Python\Python313\Lib\site-packages\aiogram\fsm\middleware.py", line 42, in __call__
    return await handler(event, data)
           ^^^^^^^^^^^^^^^^^^^^^^^^^^
  File "C:\Users\arsry\AppData\Local\Programs\Python\Python313\Lib\site-packages\aiogram\dispatcher\event\telegram.py", line 121, in trigger
    return await wrapped_inner(event, kwargs)
           ^^^^^^^^^^^^^^^^^^^^^^^^^^^^^^^^^^
  File "C:\Users\arsry\AppData\Local\Programs\Python\Python313\Lib\site-packages\aiogram\dispatcher\event\handler.py", line 43, in call
    return await wrapped()
           ^^^^^^^^^^^^^^^
  File "C:\Users\arsry\AppData\Local\Programs\Python\Python313\Lib\site-packages\aiogram\dispatcher\dispatcher.py", line 276, in _listen_update
    return await self.propagate_event(update_type=update_type, event=event, **kwargs)
           ^^^^^^^^^^^^^^^^^^^^^^^^^^^^^^^^^^^^^^^^^^^^^^^^^^^^^^^^^^^^^^^^^^^^^^^^^^
  File "C:\Users\arsry\AppData\Local\Programs\Python\Python313\Lib\site-packages\aiogram\dispatcher\router.py", line 146, in propagate_event
    return await observer.wrap_outer_middleware(_wrapped, event=event, data=kwargs)
           ^^^^^^^^^^^^^^^^^^^^^^^^^^^^^^^^^^^^^^^^^^^^^^^^^^^^^^^^^^^^^^^^^^^^^^^^
  File "C:\Users\arsry\AppData\Local\Programs\Python\Python313\Lib\site-packages\aiogram\dispatcher\router.py", line 141, in _wrapped
    return await self._propagate_event(
           ^^^^^^^^^^^^^^^^^^^^^^^^^^^^
        observer=observer, update_type=update_type, event=telegram_event, **data
        ^^^^^^^^^^^^^^^^^^^^^^^^^^^^^^^^^^^^^^^^^^^^^^^^^^^^^^^^^^^^^^^^^^^^^^^^
    )
    ^
  File "C:\Users\arsry\AppData\Local\Programs\Python\Python313\Lib\site-packages\aiogram\dispatcher\router.py", line 174, in _propagate_event
    response = await router.propagate_event(update_type=update_type, event=event, **kwargs)
               ^^^^^^^^^^^^^^^^^^^^^^^^^^^^^^^^^^^^^^^^^^^^^^^^^^^^^^^^^^^^^^^^^^^^^^^^^^^^
  File "C:\Users\arsry\AppData\Local\Programs\Python\Python313\Lib\site-packages\aiogram\dispatcher\router.py", line 146, in propagate_event
    return await observer.wrap_outer_middleware(_wrapped, event=event, data=kwargs)
           ^^^^^^^^^^^^^^^^^^^^^^^^^^^^^^^^^^^^^^^^^^^^^^^^^^^^^^^^^^^^^^^^^^^^^^^^
  File "C:\Users\arsry\AppData\Local\Programs\Python\Python313\Lib\site-packages\aiogram\dispatcher\router.py", line 141, in _wrapped
    return await self._propagate_event(
           ^^^^^^^^^^^^^^^^^^^^^^^^^^^^
        observer=observer, update_type=update_type, event=telegram_event, **data
        ^^^^^^^^^^^^^^^^^^^^^^^^^^^^^^^^^^^^^^^^^^^^^^^^^^^^^^^^^^^^^^^^^^^^^^^^
    )
    ^
  File "C:\Users\arsry\AppData\Local\Programs\Python\Python313\Lib\site-packages\aiogram\dispatcher\router.py", line 166, in _propagate_event
    response = await observer.trigger(event, **kwargs)
               ^^^^^^^^^^^^^^^^^^^^^^^^^^^^^^^^^^^^^^^
  File "C:\Users\arsry\AppData\Local\Programs\Python\Python313\Lib\site-packages\aiogram\dispatcher\event\telegram.py", line 121, in trigger
    return await wrapped_inner(event, kwargs)
           ^^^^^^^^^^^^^^^^^^^^^^^^^^^^^^^^^^
  File "C:\Users\arsry\AppData\Local\Programs\Python\Python313\Lib\site-packages\aiogram\dispatcher\event\handler.py", line 43, in call
    return await wrapped()
           ^^^^^^^^^^^^^^^
  File "C:\Users\arsry\OneDrive\Рабочий стол\запись на секции\tg_bot\routers\support.py", line 40, in watch_ticket
    num = int(callback_query.data)
ValueError: invalid literal for int() with base 10: 'Создать обращение'
[2026-01-19 18:31:18] INFO in dispatcher: Start polling
[2026-01-19 18:31:18] INFO in dispatcher: Run polling for bot @prot_xafda_bot id=7616289372 - 'prot_bot'
[2026-01-19 18:31:24] INFO in dispatcher: Update id=219029514 is handled. Duration 521 ms by bot id=7616289372
[2026-01-19 18:31:25] INFO in dispatcher: Update id=219029515 is handled. Duration 68 ms by bot id=7616289372
[2026-01-19 18:31:27] INFO in dispatcher: Update id=219029516 is handled. Duration 150 ms by bot id=7616289372
[2026-01-19 18:31:28] INFO in dispatcher: Update id=219029517 is handled. Duration 71 ms by bot id=7616289372
[2026-01-19 18:31:32] INFO in dispatcher: Update id=219029518 is not handled. Duration 1 ms by bot id=7616289372
[2026-01-19 18:31:32] ERROR in dispatcher: Cause exception while process update id=219029518 by bot id=7616289372
AttributeError: 'Message' object has no attribute 'data'
Traceback (most recent call last):
  File "C:\Users\arsry\AppData\Local\Programs\Python\Python313\Lib\site-packages\aiogram\dispatcher\dispatcher.py", line 309, in _process_update
    response = await self.feed_update(bot, update, **kwargs)
               ^^^^^^^^^^^^^^^^^^^^^^^^^^^^^^^^^^^^^^^^^^^^^
  File "C:\Users\arsry\AppData\Local\Programs\Python\Python313\Lib\site-packages\aiogram\dispatcher\dispatcher.py", line 158, in feed_update
    response = await self.update.wrap_outer_middleware(
               ^^^^^^^^^^^^^^^^^^^^^^^^^^^^^^^^^^^^^^^^
    ...<7 lines>...
    )
    ^
  File "C:\Users\arsry\AppData\Local\Programs\Python\Python313\Lib\site-packages\aiogram\dispatcher\middlewares\error.py", line 25, in __call__
    return await handler(event, data)
           ^^^^^^^^^^^^^^^^^^^^^^^^^^
  File "C:\Users\arsry\AppData\Local\Programs\Python\Python313\Lib\site-packages\aiogram\dispatcher\middlewares\user_context.py", line 56, in __call__
    return await handler(event, data)
           ^^^^^^^^^^^^^^^^^^^^^^^^^^
  File "C:\Users\arsry\AppData\Local\Programs\Python\Python313\Lib\site-packages\aiogram\fsm\middleware.py", line 42, in __call__
    return await handler(event, data)
           ^^^^^^^^^^^^^^^^^^^^^^^^^^
  File "C:\Users\arsry\AppData\Local\Programs\Python\Python313\Lib\site-packages\aiogram\dispatcher\event\telegram.py", line 121, in trigger
    return await wrapped_inner(event, kwargs)
           ^^^^^^^^^^^^^^^^^^^^^^^^^^^^^^^^^^
  File "C:\Users\arsry\AppData\Local\Programs\Python\Python313\Lib\site-packages\aiogram\dispatcher\event\handler.py", line 43, in call
    return await wrapped()
           ^^^^^^^^^^^^^^^
  File "C:\Users\arsry\AppData\Local\Programs\Python\Python313\Lib\site-packages\aiogram\dispatcher\dispatcher.py", line 276, in _listen_update
    return await self.propagate_event(update_type=update_type, event=event, **kwargs)
           ^^^^^^^^^^^^^^^^^^^^^^^^^^^^^^^^^^^^^^^^^^^^^^^^^^^^^^^^^^^^^^^^^^^^^^^^^^
  File "C:\Users\arsry\AppData\Local\Programs\Python\Python313\Lib\site-packages\aiogram\dispatcher\router.py", line 146, in propagate_event
    return await observer.wrap_outer_middleware(_wrapped, event=event, data=kwargs)
           ^^^^^^^^^^^^^^^^^^^^^^^^^^^^^^^^^^^^^^^^^^^^^^^^^^^^^^^^^^^^^^^^^^^^^^^^
  File "C:\Users\arsry\AppData\Local\Programs\Python\Python313\Lib\site-packages\aiogram\dispatcher\router.py", line 141, in _wrapped
    return await self._propagate_event(
           ^^^^^^^^^^^^^^^^^^^^^^^^^^^^
        observer=observer, update_type=update_type, event=telegram_event, **data
        ^^^^^^^^^^^^^^^^^^^^^^^^^^^^^^^^^^^^^^^^^^^^^^^^^^^^^^^^^^^^^^^^^^^^^^^^
    )
    ^
  File "C:\Users\arsry\AppData\Local\Programs\Python\Python313\Lib\site-packages\aiogram\dispatcher\router.py", line 174, in _propagate_event
    response = await router.propagate_event(update_type=update_type, event=event, **kwargs)
               ^^^^^^^^^^^^^^^^^^^^^^^^^^^^^^^^^^^^^^^^^^^^^^^^^^^^^^^^^^^^^^^^^^^^^^^^^^^^
  File "C:\Users\arsry\AppData\Local\Programs\Python\Python313\Lib\site-packages\aiogram\dispatcher\router.py", line 146, in propagate_event
    return await observer.wrap_outer_middleware(_wrapped, event=event, data=kwargs)
           ^^^^^^^^^^^^^^^^^^^^^^^^^^^^^^^^^^^^^^^^^^^^^^^^^^^^^^^^^^^^^^^^^^^^^^^^
  File "C:\Users\arsry\AppData\Local\Programs\Python\Python313\Lib\site-packages\aiogram\dispatcher\router.py", line 141, in _wrapped
    return await self._propagate_event(
           ^^^^^^^^^^^^^^^^^^^^^^^^^^^^
        observer=observer, update_type=update_type, event=telegram_event, **data
        ^^^^^^^^^^^^^^^^^^^^^^^^^^^^^^^^^^^^^^^^^^^^^^^^^^^^^^^^^^^^^^^^^^^^^^^^
    )
    ^
  File "C:\Users\arsry\AppData\Local\Programs\Python\Python313\Lib\site-packages\aiogram\dispatcher\router.py", line 166, in _propagate_event
    response = await observer.trigger(event, **kwargs)
               ^^^^^^^^^^^^^^^^^^^^^^^^^^^^^^^^^^^^^^^
  File "C:\Users\arsry\AppData\Local\Programs\Python\Python313\Lib\site-packages\aiogram\dispatcher\event\telegram.py", line 113, in trigger
    result, data = await handler.check(event, **kwargs)
                   ^^^^^^^^^^^^^^^^^^^^^^^^^^^^^^^^^^^^
  File "C:\Users\arsry\AppData\Local\Programs\Python\Python313\Lib\site-packages\aiogram\dispatcher\event\handler.py", line 90, in check
    check = await event_filter.call(*args, **kwargs)
            ^^^^^^^^^^^^^^^^^^^^^^^^^^^^^^^^^^^^^^^^
  File "C:\Users\arsry\AppData\Local\Programs\Python\Python313\Lib\site-packages\aiogram\dispatcher\event\handler.py", line 44, in call
    return await asyncio.to_thread(wrapped)
           ^^^^^^^^^^^^^^^^^^^^^^^^^^^^^^^^
  File "C:\Users\arsry\AppData\Local\Programs\Python\Python313\Lib\asyncio\threads.py", line 25, in to_thread
    return await loop.run_in_executor(None, func_call)
           ^^^^^^^^^^^^^^^^^^^^^^^^^^^^^^^^^^^^^^^^^^^
  File "C:\Users\arsry\AppData\Local\Programs\Python\Python313\Lib\concurrent\futures\thread.py", line 59, in run
    result = self.fn(*self.args, **self.kwargs)
  File "C:\Users\arsry\OneDrive\Рабочий стол\запись на секции\tg_bot\routers\support.py", line 106, in <lambda>
    @router.message(lambda c: c.data == 'Оставить отзыв', SupStates.comment)
                              ^^^^^^
  File "C:\Users\arsry\AppData\Local\Programs\Python\Python313\Lib\site-packages\pydantic\main.py", line 989, in __getattr__
    raise AttributeError(f'{type(self).__name__!r} object has no attribute {item!r}')
AttributeError: 'Message' object has no attribute 'data'. Did you mean: 'date'?
[2026-01-19 18:33:39] INFO in dispatcher: Start polling
[2026-01-19 18:33:39] INFO in dispatcher: Run polling for bot @prot_xafda_bot id=7616289372 - 'prot_bot'
[2026-01-19 18:33:42] INFO in dispatcher: Update id=219029519 is handled. Duration 320 ms by bot id=7616289372
[2026-01-19 18:33:45] INFO in dispatcher: Update id=219029520 is handled. Duration 84 ms by bot id=7616289372
[2026-01-19 18:33:48] INFO in dispatcher: Update id=219029521 is handled. Duration 102 ms by bot id=7616289372
[2026-01-19 18:33:50] INFO in dispatcher: Update id=219029522 is handled. Duration 100 ms by bot id=7616289372
[2026-01-19 18:33:51] INFO in dispatcher: Update id=219029523 is handled. Duration 195 ms by bot id=7616289372
[2026-01-19 18:33:55] INFO in dispatcher: Update id=219029524 is handled. Duration 291 ms by bot id=7616289372
[2026-01-19 18:33:55] INFO in dispatcher: Update id=219029525 is handled. Duration 58 ms by bot id=7616289372
[2026-01-19 18:33:57] INFO in dispatcher: Update id=219029526 is handled. Duration 492 ms by bot id=7616289372
[2026-01-19 18:33:59] INFO in dispatcher: Update id=219029527 is not handled. Duration 1 ms by bot id=7616289372
[2026-01-19 18:33:59] ERROR in dispatcher: Cause exception while process update id=219029527 by bot id=7616289372
TypeError: update_status_ticket() missing 2 required positional arguments: 'ticket_id' and 'status_id'
Traceback (most recent call last):
  File "C:\Users\arsry\AppData\Local\Programs\Python\Python313\Lib\site-packages\aiogram\dispatcher\dispatcher.py", line 309, in _process_update
    response = await self.feed_update(bot, update, **kwargs)
               ^^^^^^^^^^^^^^^^^^^^^^^^^^^^^^^^^^^^^^^^^^^^^
  File "C:\Users\arsry\AppData\Local\Programs\Python\Python313\Lib\site-packages\aiogram\dispatcher\dispatcher.py", line 158, in feed_update
    response = await self.update.wrap_outer_middleware(
               ^^^^^^^^^^^^^^^^^^^^^^^^^^^^^^^^^^^^^^^^
    ...<7 lines>...
    )
    ^
  File "C:\Users\arsry\AppData\Local\Programs\Python\Python313\Lib\site-packages\aiogram\dispatcher\middlewares\error.py", line 25, in __call__
    return await handler(event, data)
           ^^^^^^^^^^^^^^^^^^^^^^^^^^
  File "C:\Users\arsry\AppData\Local\Programs\Python\Python313\Lib\site-packages\aiogram\dispatcher\middlewares\user_context.py", line 56, in __call__
    return await handler(event, data)
           ^^^^^^^^^^^^^^^^^^^^^^^^^^
  File "C:\Users\arsry\AppData\Local\Programs\Python\Python313\Lib\site-packages\aiogram\fsm\middleware.py", line 42, in __call__
    return await handler(event, data)
           ^^^^^^^^^^^^^^^^^^^^^^^^^^
  File "C:\Users\arsry\AppData\Local\Programs\Python\Python313\Lib\site-packages\aiogram\dispatcher\event\telegram.py", line 121, in trigger
    return await wrapped_inner(event, kwargs)
           ^^^^^^^^^^^^^^^^^^^^^^^^^^^^^^^^^^
  File "C:\Users\arsry\AppData\Local\Programs\Python\Python313\Lib\site-packages\aiogram\dispatcher\event\handler.py", line 43, in call
    return await wrapped()
           ^^^^^^^^^^^^^^^
  File "C:\Users\arsry\AppData\Local\Programs\Python\Python313\Lib\site-packages\aiogram\dispatcher\dispatcher.py", line 276, in _listen_update
    return await self.propagate_event(update_type=update_type, event=event, **kwargs)
           ^^^^^^^^^^^^^^^^^^^^^^^^^^^^^^^^^^^^^^^^^^^^^^^^^^^^^^^^^^^^^^^^^^^^^^^^^^
  File "C:\Users\arsry\AppData\Local\Programs\Python\Python313\Lib\site-packages\aiogram\dispatcher\router.py", line 146, in propagate_event
    return await observer.wrap_outer_middleware(_wrapped, event=event, data=kwargs)
           ^^^^^^^^^^^^^^^^^^^^^^^^^^^^^^^^^^^^^^^^^^^^^^^^^^^^^^^^^^^^^^^^^^^^^^^^
  File "C:\Users\arsry\AppData\Local\Programs\Python\Python313\Lib\site-packages\aiogram\dispatcher\router.py", line 141, in _wrapped
    return await self._propagate_event(
           ^^^^^^^^^^^^^^^^^^^^^^^^^^^^
        observer=observer, update_type=update_type, event=telegram_event, **data
        ^^^^^^^^^^^^^^^^^^^^^^^^^^^^^^^^^^^^^^^^^^^^^^^^^^^^^^^^^^^^^^^^^^^^^^^^
    )
    ^
  File "C:\Users\arsry\AppData\Local\Programs\Python\Python313\Lib\site-packages\aiogram\dispatcher\router.py", line 174, in _propagate_event
    response = await router.propagate_event(update_type=update_type, event=event, **kwargs)
               ^^^^^^^^^^^^^^^^^^^^^^^^^^^^^^^^^^^^^^^^^^^^^^^^^^^^^^^^^^^^^^^^^^^^^^^^^^^^
  File "C:\Users\arsry\AppData\Local\Programs\Python\Python313\Lib\site-packages\aiogram\dispatcher\router.py", line 146, in propagate_event
    return await observer.wrap_outer_middleware(_wrapped, event=event, data=kwargs)
           ^^^^^^^^^^^^^^^^^^^^^^^^^^^^^^^^^^^^^^^^^^^^^^^^^^^^^^^^^^^^^^^^^^^^^^^^
  File "C:\Users\arsry\AppData\Local\Programs\Python\Python313\Lib\site-packages\aiogram\dispatcher\router.py", line 141, in _wrapped
    return await self._propagate_event(
           ^^^^^^^^^^^^^^^^^^^^^^^^^^^^
        observer=observer, update_type=update_type, event=telegram_event, **data
        ^^^^^^^^^^^^^^^^^^^^^^^^^^^^^^^^^^^^^^^^^^^^^^^^^^^^^^^^^^^^^^^^^^^^^^^^
    )
    ^
  File "C:\Users\arsry\AppData\Local\Programs\Python\Python313\Lib\site-packages\aiogram\dispatcher\router.py", line 166, in _propagate_event
    response = await observer.trigger(event, **kwargs)
               ^^^^^^^^^^^^^^^^^^^^^^^^^^^^^^^^^^^^^^^
  File "C:\Users\arsry\AppData\Local\Programs\Python\Python313\Lib\site-packages\aiogram\dispatcher\event\telegram.py", line 121, in trigger
    return await wrapped_inner(event, kwargs)
           ^^^^^^^^^^^^^^^^^^^^^^^^^^^^^^^^^^
  File "C:\Users\arsry\AppData\Local\Programs\Python\Python313\Lib\site-packages\aiogram\dispatcher\event\handler.py", line 43, in call
    return await wrapped()
           ^^^^^^^^^^^^^^^
  File "C:\Users\arsry\OneDrive\Рабочий стол\запись на секции\tg_bot\routers\support.py", line 52, in msg
    await update_status_ticket()
          ~~~~~~~~~~~~~~~~~~~~^^
TypeError: update_status_ticket() missing 2 required positional arguments: 'ticket_id' and 'status_id'
[2026-01-19 18:34:47] INFO in dispatcher: Start polling
[2026-01-19 18:34:48] INFO in dispatcher: Run polling for bot @prot_xafda_bot id=7616289372 - 'prot_bot'
[2026-01-19 18:34:48] INFO in dispatcher: Update id=219029528 is handled. Duration 253 ms by bot id=7616289372
[2026-01-19 18:34:49] INFO in dispatcher: Update id=219029529 is handled. Duration 63 ms by bot id=7616289372
[2026-01-19 18:34:51] INFO in dispatcher: Update id=219029530 is handled. Duration 61 ms by bot id=7616289372
[2026-01-19 18:34:51] INFO in dispatcher: Update id=219029531 is handled. Duration 82 ms by bot id=7616289372
[2026-01-19 18:34:52] INFO in dispatcher: Update id=219029532 is handled. Duration 61 ms by bot id=7616289372
[2026-01-19 18:34:53] INFO in dispatcher: Update id=219029533 is handled. Duration 83 ms by bot id=7616289372
[2026-01-19 18:34:57] INFO in dispatcher: Update id=219029534 is handled. Duration 253 ms by bot id=7616289372
[2026-01-19 18:34:58] INFO in dispatcher: Update id=219029535 is handled. Duration 364 ms by bot id=7616289372
[2026-01-19 18:35:01] INFO in dispatcher: Update id=219029536 is handled. Duration 453 ms by bot id=7616289372
[2026-01-19 18:35:03] INFO in dispatcher: Update id=219029537 is handled. Duration 130 ms by bot id=7616289372
[2026-01-19 18:35:05] INFO in dispatcher: Update id=219029538 is handled. Duration 136 ms by bot id=7616289372
[2026-01-19 18:35:06] INFO in dispatcher: Update id=219029539 is handled. Duration 59 ms by bot id=7616289372
[2026-01-19 18:35:06] INFO in dispatcher: Update id=219029540 is handled. Duration 147 ms by bot id=7616289372
[2026-01-19 18:35:14] INFO in dispatcher: Update id=219029541 is handled. Duration 154 ms by bot id=7616289372
[2026-01-19 18:35:16] INFO in dispatcher: Update id=219029542 is handled. Duration 155 ms by bot id=7616289372
[2026-01-19 18:35:21] INFO in dispatcher: Update id=219029543 is handled. Duration 137 ms by bot id=7616289372
[2026-01-19 18:35:23] INFO in dispatcher: Update id=219029544 is not handled. Duration 2 ms by bot id=7616289372
[2026-01-19 18:35:23] ERROR in dispatcher: Cause exception while process update id=219029544 by bot id=7616289372
NameError: name 'callback_query' is not defined
Traceback (most recent call last):
  File "C:\Users\arsry\AppData\Local\Programs\Python\Python313\Lib\site-packages\aiogram\dispatcher\dispatcher.py", line 309, in _process_update
    response = await self.feed_update(bot, update, **kwargs)
               ^^^^^^^^^^^^^^^^^^^^^^^^^^^^^^^^^^^^^^^^^^^^^
  File "C:\Users\arsry\AppData\Local\Programs\Python\Python313\Lib\site-packages\aiogram\dispatcher\dispatcher.py", line 158, in feed_update
    response = await self.update.wrap_outer_middleware(
               ^^^^^^^^^^^^^^^^^^^^^^^^^^^^^^^^^^^^^^^^
    ...<7 lines>...
    )
    ^
  File "C:\Users\arsry\AppData\Local\Programs\Python\Python313\Lib\site-packages\aiogram\dispatcher\middlewares\error.py", line 25, in __call__
    return await handler(event, data)
           ^^^^^^^^^^^^^^^^^^^^^^^^^^
  File "C:\Users\arsry\AppData\Local\Programs\Python\Python313\Lib\site-packages\aiogram\dispatcher\middlewares\user_context.py", line 56, in __call__
    return await handler(event, data)
           ^^^^^^^^^^^^^^^^^^^^^^^^^^
  File "C:\Users\arsry\AppData\Local\Programs\Python\Python313\Lib\site-packages\aiogram\fsm\middleware.py", line 42, in __call__
    return await handler(event, data)
           ^^^^^^^^^^^^^^^^^^^^^^^^^^
  File "C:\Users\arsry\AppData\Local\Programs\Python\Python313\Lib\site-packages\aiogram\dispatcher\event\telegram.py", line 121, in trigger
    return await wrapped_inner(event, kwargs)
           ^^^^^^^^^^^^^^^^^^^^^^^^^^^^^^^^^^
  File "C:\Users\arsry\AppData\Local\Programs\Python\Python313\Lib\site-packages\aiogram\dispatcher\event\handler.py", line 43, in call
    return await wrapped()
           ^^^^^^^^^^^^^^^
  File "C:\Users\arsry\AppData\Local\Programs\Python\Python313\Lib\site-packages\aiogram\dispatcher\dispatcher.py", line 276, in _listen_update
    return await self.propagate_event(update_type=update_type, event=event, **kwargs)
           ^^^^^^^^^^^^^^^^^^^^^^^^^^^^^^^^^^^^^^^^^^^^^^^^^^^^^^^^^^^^^^^^^^^^^^^^^^
  File "C:\Users\arsry\AppData\Local\Programs\Python\Python313\Lib\site-packages\aiogram\dispatcher\router.py", line 146, in propagate_event
    return await observer.wrap_outer_middleware(_wrapped, event=event, data=kwargs)
           ^^^^^^^^^^^^^^^^^^^^^^^^^^^^^^^^^^^^^^^^^^^^^^^^^^^^^^^^^^^^^^^^^^^^^^^^
  File "C:\Users\arsry\AppData\Local\Programs\Python\Python313\Lib\site-packages\aiogram\dispatcher\router.py", line 141, in _wrapped
    return await self._propagate_event(
           ^^^^^^^^^^^^^^^^^^^^^^^^^^^^
        observer=observer, update_type=update_type, event=telegram_event, **data
        ^^^^^^^^^^^^^^^^^^^^^^^^^^^^^^^^^^^^^^^^^^^^^^^^^^^^^^^^^^^^^^^^^^^^^^^^
    )
    ^
  File "C:\Users\arsry\AppData\Local\Programs\Python\Python313\Lib\site-packages\aiogram\dispatcher\router.py", line 174, in _propagate_event
    response = await router.propagate_event(update_type=update_type, event=event, **kwargs)
               ^^^^^^^^^^^^^^^^^^^^^^^^^^^^^^^^^^^^^^^^^^^^^^^^^^^^^^^^^^^^^^^^^^^^^^^^^^^^
  File "C:\Users\arsry\AppData\Local\Programs\Python\Python313\Lib\site-packages\aiogram\dispatcher\router.py", line 146, in propagate_event
    return await observer.wrap_outer_middleware(_wrapped, event=event, data=kwargs)
           ^^^^^^^^^^^^^^^^^^^^^^^^^^^^^^^^^^^^^^^^^^^^^^^^^^^^^^^^^^^^^^^^^^^^^^^^
  File "C:\Users\arsry\AppData\Local\Programs\Python\Python313\Lib\site-packages\aiogram\dispatcher\router.py", line 141, in _wrapped
    return await self._propagate_event(
           ^^^^^^^^^^^^^^^^^^^^^^^^^^^^
        observer=observer, update_type=update_type, event=telegram_event, **data
        ^^^^^^^^^^^^^^^^^^^^^^^^^^^^^^^^^^^^^^^^^^^^^^^^^^^^^^^^^^^^^^^^^^^^^^^^
    )
    ^
  File "C:\Users\arsry\AppData\Local\Programs\Python\Python313\Lib\site-packages\aiogram\dispatcher\router.py", line 166, in _propagate_event
    response = await observer.trigger(event, **kwargs)
               ^^^^^^^^^^^^^^^^^^^^^^^^^^^^^^^^^^^^^^^
  File "C:\Users\arsry\AppData\Local\Programs\Python\Python313\Lib\site-packages\aiogram\dispatcher\event\telegram.py", line 121, in trigger
    return await wrapped_inner(event, kwargs)
           ^^^^^^^^^^^^^^^^^^^^^^^^^^^^^^^^^^
  File "C:\Users\arsry\OneDrive\Рабочий стол\запись на секции\tg_bot\middlewares\throttling.py", line 65, in __call__
    return await handler(message, data)
           ^^^^^^^^^^^^^^^^^^^^^^^^^^^^
  File "C:\Users\arsry\AppData\Local\Programs\Python\Python313\Lib\site-packages\aiogram\dispatcher\event\handler.py", line 43, in call
    return await wrapped()
           ^^^^^^^^^^^^^^^
  File "C:\Users\arsry\OneDrive\Рабочий стол\запись на секции\tg_bot\routers\support.py", line 108, in comment_ticket
    if await update_feedback_ticket(data['tickets'][data['num']]['ticket_id'], callback_query.data):
                                                                               ^^^^^^^^^^^^^^
NameError: name 'callback_query' is not defined
[2026-01-19 18:35:25] INFO in dispatcher: Update id=219029545 is not handled. Duration 4 ms by bot id=7616289372
[2026-01-19 18:35:34] INFO in dispatcher: Update id=219029546 is handled. Duration 227 ms by bot id=7616289372
[2026-01-19 18:35:35] INFO in dispatcher: Update id=219029547 is handled. Duration 124 ms by bot id=7616289372
[2026-01-19 18:35:38] INFO in dispatcher: Update id=219029548 is handled. Duration 742 ms by bot id=7616289372
[2026-01-19 18:35:38] INFO in dispatcher: Update id=219029549 is handled. Duration 78 ms by bot id=7616289372
[2026-01-19 18:35:45] INFO in dispatcher: Update id=219029550 is handled. Duration 86 ms by bot id=7616289372
[2026-01-19 18:35:49] INFO in dispatcher: Update id=219029551 is handled. Duration 112 ms by bot id=7616289372
[2026-01-19 18:35:51] INFO in dispatcher: Update id=219029552 is handled. Duration 289 ms by bot id=7616289372
[2026-01-19 18:35:53] INFO in dispatcher: Update id=219029553 is handled. Duration 277 ms by bot id=7616289372
[2026-01-19 18:35:54] INFO in dispatcher: Update id=219029554 is handled. Duration 90 ms by bot id=7616289372
[2026-01-19 18:35:55] INFO in dispatcher: Update id=219029555 is handled. Duration 124 ms by bot id=7616289372
[2026-01-19 18:35:58] INFO in dispatcher: Update id=219029556 is handled. Duration 301 ms by bot id=7616289372
[2026-01-19 18:36:00] INFO in dispatcher: Update id=219029557 is handled. Duration 428 ms by bot id=7616289372
[2026-01-19 18:36:02] INFO in dispatcher: Update id=219029558 is handled. Duration 121 ms by bot id=7616289372
[2026-01-19 18:36:03] INFO in dispatcher: Update id=219029559 is not handled. Duration 4 ms by bot id=7616289372
[2026-01-19 18:36:13] INFO in dispatcher: Update id=219029560 is not handled. Duration 2 ms by bot id=7616289372
[2026-01-19 18:36:13] ERROR in dispatcher: Cause exception while process update id=219029560 by bot id=7616289372
NameError: name 'callback_query' is not defined
Traceback (most recent call last):
  File "C:\Users\arsry\AppData\Local\Programs\Python\Python313\Lib\site-packages\aiogram\dispatcher\dispatcher.py", line 309, in _process_update
    response = await self.feed_update(bot, update, **kwargs)
               ^^^^^^^^^^^^^^^^^^^^^^^^^^^^^^^^^^^^^^^^^^^^^
  File "C:\Users\arsry\AppData\Local\Programs\Python\Python313\Lib\site-packages\aiogram\dispatcher\dispatcher.py", line 158, in feed_update
    response = await self.update.wrap_outer_middleware(
               ^^^^^^^^^^^^^^^^^^^^^^^^^^^^^^^^^^^^^^^^
    ...<7 lines>...
    )
    ^
  File "C:\Users\arsry\AppData\Local\Programs\Python\Python313\Lib\site-packages\aiogram\dispatcher\middlewares\error.py", line 25, in __call__
    return await handler(event, data)
           ^^^^^^^^^^^^^^^^^^^^^^^^^^
  File "C:\Users\arsry\AppData\Local\Programs\Python\Python313\Lib\site-packages\aiogram\dispatcher\middlewares\user_context.py", line 56, in __call__
    return await handler(event, data)
           ^^^^^^^^^^^^^^^^^^^^^^^^^^
  File "C:\Users\arsry\AppData\Local\Programs\Python\Python313\Lib\site-packages\aiogram\fsm\middleware.py", line 42, in __call__
    return await handler(event, data)
           ^^^^^^^^^^^^^^^^^^^^^^^^^^
  File "C:\Users\arsry\AppData\Local\Programs\Python\Python313\Lib\site-packages\aiogram\dispatcher\event\telegram.py", line 121, in trigger
    return await wrapped_inner(event, kwargs)
           ^^^^^^^^^^^^^^^^^^^^^^^^^^^^^^^^^^
  File "C:\Users\arsry\AppData\Local\Programs\Python\Python313\Lib\site-packages\aiogram\dispatcher\event\handler.py", line 43, in call
    return await wrapped()
           ^^^^^^^^^^^^^^^
  File "C:\Users\arsry\AppData\Local\Programs\Python\Python313\Lib\site-packages\aiogram\dispatcher\dispatcher.py", line 276, in _listen_update
    return await self.propagate_event(update_type=update_type, event=event, **kwargs)
           ^^^^^^^^^^^^^^^^^^^^^^^^^^^^^^^^^^^^^^^^^^^^^^^^^^^^^^^^^^^^^^^^^^^^^^^^^^
  File "C:\Users\arsry\AppData\Local\Programs\Python\Python313\Lib\site-packages\aiogram\dispatcher\router.py", line 146, in propagate_event
    return await observer.wrap_outer_middleware(_wrapped, event=event, data=kwargs)
           ^^^^^^^^^^^^^^^^^^^^^^^^^^^^^^^^^^^^^^^^^^^^^^^^^^^^^^^^^^^^^^^^^^^^^^^^
  File "C:\Users\arsry\AppData\Local\Programs\Python\Python313\Lib\site-packages\aiogram\dispatcher\router.py", line 141, in _wrapped
    return await self._propagate_event(
           ^^^^^^^^^^^^^^^^^^^^^^^^^^^^
        observer=observer, update_type=update_type, event=telegram_event, **data
        ^^^^^^^^^^^^^^^^^^^^^^^^^^^^^^^^^^^^^^^^^^^^^^^^^^^^^^^^^^^^^^^^^^^^^^^^
    )
    ^
  File "C:\Users\arsry\AppData\Local\Programs\Python\Python313\Lib\site-packages\aiogram\dispatcher\router.py", line 174, in _propagate_event
    response = await router.propagate_event(update_type=update_type, event=event, **kwargs)
               ^^^^^^^^^^^^^^^^^^^^^^^^^^^^^^^^^^^^^^^^^^^^^^^^^^^^^^^^^^^^^^^^^^^^^^^^^^^^
  File "C:\Users\arsry\AppData\Local\Programs\Python\Python313\Lib\site-packages\aiogram\dispatcher\router.py", line 146, in propagate_event
    return await observer.wrap_outer_middleware(_wrapped, event=event, data=kwargs)
           ^^^^^^^^^^^^^^^^^^^^^^^^^^^^^^^^^^^^^^^^^^^^^^^^^^^^^^^^^^^^^^^^^^^^^^^^
  File "C:\Users\arsry\AppData\Local\Programs\Python\Python313\Lib\site-packages\aiogram\dispatcher\router.py", line 141, in _wrapped
    return await self._propagate_event(
           ^^^^^^^^^^^^^^^^^^^^^^^^^^^^
        observer=observer, update_type=update_type, event=telegram_event, **data
        ^^^^^^^^^^^^^^^^^^^^^^^^^^^^^^^^^^^^^^^^^^^^^^^^^^^^^^^^^^^^^^^^^^^^^^^^
    )
    ^
  File "C:\Users\arsry\AppData\Local\Programs\Python\Python313\Lib\site-packages\aiogram\dispatcher\router.py", line 166, in _propagate_event
    response = await observer.trigger(event, **kwargs)
               ^^^^^^^^^^^^^^^^^^^^^^^^^^^^^^^^^^^^^^^
  File "C:\Users\arsry\AppData\Local\Programs\Python\Python313\Lib\site-packages\aiogram\dispatcher\event\telegram.py", line 121, in trigger
    return await wrapped_inner(event, kwargs)
           ^^^^^^^^^^^^^^^^^^^^^^^^^^^^^^^^^^
  File "C:\Users\arsry\OneDrive\Рабочий стол\запись на секции\tg_bot\middlewares\throttling.py", line 65, in __call__
    return await handler(message, data)
           ^^^^^^^^^^^^^^^^^^^^^^^^^^^^
  File "C:\Users\arsry\AppData\Local\Programs\Python\Python313\Lib\site-packages\aiogram\dispatcher\event\handler.py", line 43, in call
    return await wrapped()
           ^^^^^^^^^^^^^^^
  File "C:\Users\arsry\OneDrive\Рабочий стол\запись на секции\tg_bot\routers\support.py", line 108, in comment_ticket
    if await update_feedback_ticket(data['tickets'][data['num']]['ticket_id'], callback_query.data):
                                                                               ^^^^^^^^^^^^^^
NameError: name 'callback_query' is not defined
[2026-01-19 18:38:28] INFO in dispatcher: Update id=219029561 is handled. Duration 124 ms by bot id=7616289372
[2026-01-19 18:38:29] INFO in dispatcher: Update id=219029562 is handled. Duration 75 ms by bot id=7616289372
[2026-01-19 18:38:33] INFO in dispatcher: Update id=219029563 is handled. Duration 278 ms by bot id=7616289372
[2026-01-19 18:38:35] INFO in dispatcher: Update id=219029564 is handled. Duration 283 ms by bot id=7616289372
[2026-01-19 18:38:35] INFO in dispatcher: Update id=219029565 is handled. Duration 104 ms by bot id=7616289372
[2026-01-19 18:38:41] INFO in dispatcher: Update id=219029566 is handled. Duration 205 ms by bot id=7616289372
[2026-01-19 18:38:43] INFO in dispatcher: Update id=219029567 is not handled. Duration 3 ms by bot id=7616289372
[2026-01-19 18:39:00] INFO in dispatcher: Start polling
[2026-01-19 18:39:00] INFO in dispatcher: Run polling for bot @prot_xafda_bot id=7616289372 - 'prot_bot'
[2026-01-19 18:39:05] INFO in dispatcher: Update id=219029568 is handled. Duration 254 ms by bot id=7616289372
[2026-01-19 18:39:17] INFO in dispatcher: Update id=219029569 is handled. Duration 126 ms by bot id=7616289372
[2026-01-19 18:39:19] INFO in dispatcher: Update id=219029570 is handled. Duration 248 ms by bot id=7616289372
[2026-01-19 18:39:22] INFO in dispatcher: Update id=219029571 is handled. Duration 147 ms by bot id=7616289372
[2026-01-19 18:39:23] INFO in dispatcher: Update id=219029572 is handled. Duration 151 ms by bot id=7616289372
[2026-01-19 18:39:24] INFO in dispatcher: Update id=219029573 is handled. Duration 131 ms by bot id=7616289372
[2026-01-19 18:39:25] INFO in dispatcher: Update id=219029574 is not handled. Duration 4 ms by bot id=7616289372
[2026-01-19 18:40:12] INFO in dispatcher: Update id=219029575 is handled. Duration 422 ms by bot id=7616289372
[2026-01-19 18:40:13] INFO in dispatcher: Update id=219029576 is handled. Duration 71 ms by bot id=7616289372
[2026-01-19 18:40:14] INFO in dispatcher: Update id=219029577 is handled. Duration 125 ms by bot id=7616289372
[2026-01-19 18:40:16] INFO in dispatcher: Update id=219029578 is handled. Duration 67 ms by bot id=7616289372
[2026-01-19 18:40:20] INFO in dispatcher: Update id=219029579 is handled. Duration 228 ms by bot id=7616289372
[2026-01-19 18:40:21] INFO in dispatcher: Update id=219029580 is not handled. Duration 5 ms by bot id=7616289372
[2026-01-19 18:40:33] INFO in dispatcher: Update id=219029581 is handled. Duration 461 ms by bot id=7616289372
[2026-01-19 18:40:36] INFO in dispatcher: Update id=219029582 is handled. Duration 217 ms by bot id=7616289372
[2026-01-19 18:40:39] INFO in dispatcher: Update id=219029583 is handled. Duration 334 ms by bot id=7616289372
[2026-01-19 18:40:40] INFO in dispatcher: Update id=219029584 is handled. Duration 111 ms by bot id=7616289372
[2026-01-19 18:40:49] INFO in dispatcher: Update id=219029585 is handled. Duration 331 ms by bot id=7616289372
[2026-01-19 18:40:50] INFO in dispatcher: Update id=219029586 is handled. Duration 71 ms by bot id=7616289372
[2026-01-19 18:40:52] INFO in dispatcher: Update id=219029587 is handled. Duration 166 ms by bot id=7616289372
[2026-01-19 18:40:55] INFO in dispatcher: Update id=219029588 is not handled. Duration 1 ms by bot id=7616289372
[2026-01-19 18:40:55] ERROR in dispatcher: Cause exception while process update id=219029588 by bot id=7616289372
NameError: name 'msg' is not defined
Traceback (most recent call last):
  File "C:\Users\arsry\AppData\Local\Programs\Python\Python313\Lib\site-packages\aiogram\dispatcher\dispatcher.py", line 309, in _process_update
    response = await self.feed_update(bot, update, **kwargs)
               ^^^^^^^^^^^^^^^^^^^^^^^^^^^^^^^^^^^^^^^^^^^^^
  File "C:\Users\arsry\AppData\Local\Programs\Python\Python313\Lib\site-packages\aiogram\dispatcher\dispatcher.py", line 158, in feed_update
    response = await self.update.wrap_outer_middleware(
               ^^^^^^^^^^^^^^^^^^^^^^^^^^^^^^^^^^^^^^^^
    ...<7 lines>...
    )
    ^
  File "C:\Users\arsry\AppData\Local\Programs\Python\Python313\Lib\site-packages\aiogram\dispatcher\middlewares\error.py", line 25, in __call__
    return await handler(event, data)
           ^^^^^^^^^^^^^^^^^^^^^^^^^^
  File "C:\Users\arsry\AppData\Local\Programs\Python\Python313\Lib\site-packages\aiogram\dispatcher\middlewares\user_context.py", line 56, in __call__
    return await handler(event, data)
           ^^^^^^^^^^^^^^^^^^^^^^^^^^
  File "C:\Users\arsry\AppData\Local\Programs\Python\Python313\Lib\site-packages\aiogram\fsm\middleware.py", line 42, in __call__
    return await handler(event, data)
           ^^^^^^^^^^^^^^^^^^^^^^^^^^
  File "C:\Users\arsry\AppData\Local\Programs\Python\Python313\Lib\site-packages\aiogram\dispatcher\event\telegram.py", line 121, in trigger
    return await wrapped_inner(event, kwargs)
           ^^^^^^^^^^^^^^^^^^^^^^^^^^^^^^^^^^
  File "C:\Users\arsry\AppData\Local\Programs\Python\Python313\Lib\site-packages\aiogram\dispatcher\event\handler.py", line 43, in call
    return await wrapped()
           ^^^^^^^^^^^^^^^
  File "C:\Users\arsry\AppData\Local\Programs\Python\Python313\Lib\site-packages\aiogram\dispatcher\dispatcher.py", line 276, in _listen_update
    return await self.propagate_event(update_type=update_type, event=event, **kwargs)
           ^^^^^^^^^^^^^^^^^^^^^^^^^^^^^^^^^^^^^^^^^^^^^^^^^^^^^^^^^^^^^^^^^^^^^^^^^^
  File "C:\Users\arsry\AppData\Local\Programs\Python\Python313\Lib\site-packages\aiogram\dispatcher\router.py", line 146, in propagate_event
    return await observer.wrap_outer_middleware(_wrapped, event=event, data=kwargs)
           ^^^^^^^^^^^^^^^^^^^^^^^^^^^^^^^^^^^^^^^^^^^^^^^^^^^^^^^^^^^^^^^^^^^^^^^^
  File "C:\Users\arsry\AppData\Local\Programs\Python\Python313\Lib\site-packages\aiogram\dispatcher\router.py", line 141, in _wrapped
    return await self._propagate_event(
           ^^^^^^^^^^^^^^^^^^^^^^^^^^^^
        observer=observer, update_type=update_type, event=telegram_event, **data
        ^^^^^^^^^^^^^^^^^^^^^^^^^^^^^^^^^^^^^^^^^^^^^^^^^^^^^^^^^^^^^^^^^^^^^^^^
    )
    ^
  File "C:\Users\arsry\AppData\Local\Programs\Python\Python313\Lib\site-packages\aiogram\dispatcher\router.py", line 174, in _propagate_event
    response = await router.propagate_event(update_type=update_type, event=event, **kwargs)
               ^^^^^^^^^^^^^^^^^^^^^^^^^^^^^^^^^^^^^^^^^^^^^^^^^^^^^^^^^^^^^^^^^^^^^^^^^^^^
  File "C:\Users\arsry\AppData\Local\Programs\Python\Python313\Lib\site-packages\aiogram\dispatcher\router.py", line 146, in propagate_event
    return await observer.wrap_outer_middleware(_wrapped, event=event, data=kwargs)
           ^^^^^^^^^^^^^^^^^^^^^^^^^^^^^^^^^^^^^^^^^^^^^^^^^^^^^^^^^^^^^^^^^^^^^^^^
  File "C:\Users\arsry\AppData\Local\Programs\Python\Python313\Lib\site-packages\aiogram\dispatcher\router.py", line 141, in _wrapped
    return await self._propagate_event(
           ^^^^^^^^^^^^^^^^^^^^^^^^^^^^
        observer=observer, update_type=update_type, event=telegram_event, **data
        ^^^^^^^^^^^^^^^^^^^^^^^^^^^^^^^^^^^^^^^^^^^^^^^^^^^^^^^^^^^^^^^^^^^^^^^^
    )
    ^
  File "C:\Users\arsry\AppData\Local\Programs\Python\Python313\Lib\site-packages\aiogram\dispatcher\router.py", line 166, in _propagate_event
    response = await observer.trigger(event, **kwargs)
               ^^^^^^^^^^^^^^^^^^^^^^^^^^^^^^^^^^^^^^^
  File "C:\Users\arsry\AppData\Local\Programs\Python\Python313\Lib\site-packages\aiogram\dispatcher\event\telegram.py", line 121, in trigger
    return await wrapped_inner(event, kwargs)
           ^^^^^^^^^^^^^^^^^^^^^^^^^^^^^^^^^^
  File "C:\Users\arsry\OneDrive\Рабочий стол\запись на секции\tg_bot\middlewares\throttling.py", line 65, in __call__
    return await handler(message, data)
           ^^^^^^^^^^^^^^^^^^^^^^^^^^^^
  File "C:\Users\arsry\AppData\Local\Programs\Python\Python313\Lib\site-packages\aiogram\dispatcher\event\handler.py", line 43, in call
    return await wrapped()
           ^^^^^^^^^^^^^^^
  File "C:\Users\arsry\OneDrive\Рабочий стол\запись на секции\tg_bot\routers\support.py", line 108, in comment_ticket
    if await update_feedback_ticket(data['tickets'][data['num']]['ticket_id'], message.text):
       ^^^^^^^^^^^^^^^^^^^^^^^^^^^^^^^^^^^^^^^^^^^^^^^^^^^^^^^^^^^^^^^^^^^^^^^^^^^^^^^^^^^^^
  File "C:\Users\arsry\OneDrive\Рабочий стол\запись на секции\tg_bot\services\postgre_db.py", line 268, in update_feedback_ticket
    return await add_command(f"UPDATE tickets SET feedback = {msg} WHERE ticket_id = {ticket_id}")
                                                              ^^^
NameError: name 'msg' is not defined
[2026-01-19 18:43:20] INFO in dispatcher: Start polling
[2026-01-19 18:43:21] INFO in dispatcher: Run polling for bot @prot_xafda_bot id=7616289372 - 'prot_bot'
[2026-01-19 18:43:23] INFO in dispatcher: Update id=219029589 is handled. Duration 238 ms by bot id=7616289372
[2026-01-19 18:43:27] INFO in dispatcher: Update id=219029590 is handled. Duration 90 ms by bot id=7616289372
[2026-01-19 18:43:28] INFO in dispatcher: Update id=219029591 is handled. Duration 119 ms by bot id=7616289372
[2026-01-19 18:43:42] INFO in dispatcher: Update id=219029592 is handled. Duration 131 ms by bot id=7616289372
[2026-01-19 18:43:43] INFO in dispatcher: Update id=219029593 is handled. Duration 83 ms by bot id=7616289372
[2026-01-19 18:43:44] INFO in dispatcher: Update id=219029594 is handled. Duration 179 ms by bot id=7616289372
[2026-01-19 18:43:59] INFO in dispatcher: Update id=219029595 is handled. Duration 401 ms by bot id=7616289372
[2026-01-19 18:44:01] INFO in dispatcher: Update id=219029596 is handled. Duration 156 ms by bot id=7616289372
[2026-01-19 18:44:02] INFO in dispatcher: Update id=219029597 is handled. Duration 186 ms by bot id=7616289372
[2026-01-19 18:44:06] ERROR in postgre_db: Команда: UPDATE tickets SET feedback = askdjhf bvoiusd WHERE ticket_id = 14
Ошибка при получении данных: ошибка синтаксиса (примерное положение: "bvoiusd")
[2026-01-19 18:44:06] INFO in dispatcher: Update id=219029598 is handled. Duration 193 ms by bot id=7616289372
[2026-01-19 18:45:04] INFO in dispatcher: Start polling
[2026-01-19 18:45:04] INFO in dispatcher: Run polling for bot @prot_xafda_bot id=7616289372 - 'prot_bot'
[2026-01-19 18:45:05] INFO in dispatcher: Update id=219029599 is handled. Duration 323 ms by bot id=7616289372
[2026-01-19 18:45:06] INFO in dispatcher: Update id=219029600 is handled. Duration 84 ms by bot id=7616289372
[2026-01-19 18:45:07] INFO in dispatcher: Update id=219029601 is handled. Duration 109 ms by bot id=7616289372
[2026-01-19 18:45:09] INFO in dispatcher: Update id=219029602 is handled. Duration 135 ms by bot id=7616289372
[2026-01-19 18:45:10] INFO in dispatcher: Update id=219029603 is handled. Duration 71 ms by bot id=7616289372
[2026-01-19 18:45:12] INFO in dispatcher: Update id=219029604 is handled. Duration 126 ms by bot id=7616289372
[2026-01-19 18:45:12] INFO in dispatcher: Update id=219029605 is not handled. Duration 4 ms by bot id=7616289372
[2026-01-19 18:45:20] INFO in dispatcher: Update id=219029606 is handled. Duration 148 ms by bot id=7616289372
[2026-01-19 18:46:17] INFO in dispatcher: Update id=219029607 is handled. Duration 204 ms by bot id=7616289372
[2026-01-19 18:46:18] INFO in dispatcher: Update id=219029608 is handled. Duration 166 ms by bot id=7616289372
[2026-01-19 18:46:20] INFO in dispatcher: Update id=219029609 is handled. Duration 218 ms by bot id=7616289372
[2026-01-19 18:46:22] INFO in dispatcher: Update id=219029610 is handled. Duration 135 ms by bot id=7616289372
[2026-01-19 18:46:22] INFO in dispatcher: Update id=219029611 is handled. Duration 66 ms by bot id=7616289372
[2026-01-19 18:46:25] INFO in dispatcher: Update id=219029612 is handled. Duration 129 ms by bot id=7616289372
[2026-01-19 18:46:26] INFO in dispatcher: Update id=219029613 is handled. Duration 286 ms by bot id=7616289372
[2026-01-19 18:46:37] INFO in dispatcher: Update id=219029614 is not handled. Duration 1 ms by bot id=7616289372
[2026-01-19 18:47:28] INFO in dispatcher: Update id=219029615 is handled. Duration 345 ms by bot id=7616289372
[2026-01-19 18:47:31] INFO in dispatcher: Update id=219029616 is handled. Duration 152 ms by bot id=7616289372
[2026-01-19 18:47:35] INFO in dispatcher: Update id=219029617 is handled. Duration 134 ms by bot id=7616289372
[2026-01-19 18:47:44] INFO in dispatcher: Update id=219029618 is handled. Duration 167 ms by bot id=7616289372
[2026-01-19 18:47:45] INFO in dispatcher: Update id=219029619 is handled. Duration 126 ms by bot id=7616289372
[2026-01-19 18:47:47] INFO in dispatcher: Update id=219029620 is handled. Duration 123 ms by bot id=7616289372
[2026-01-19 18:48:43] INFO in dispatcher: Start polling
[2026-01-19 18:48:43] INFO in dispatcher: Run polling for bot @prot_xafda_bot id=7616289372 - 'prot_bot'
[2026-01-19 18:48:46] INFO in dispatcher: Update id=219029621 is handled. Duration 236 ms by bot id=7616289372
[2026-01-19 18:48:47] INFO in dispatcher: Update id=219029622 is handled. Duration 61 ms by bot id=7616289372
[2026-01-19 18:48:50] INFO in dispatcher: Update id=219029623 is handled. Duration 126 ms by bot id=7616289372
[2026-01-19 18:48:55] INFO in dispatcher: Update id=219029624 is handled. Duration 125 ms by bot id=7616289372
[2026-01-19 18:48:56] INFO in dispatcher: Update id=219029625 is handled. Duration 90 ms by bot id=7616289372
[2026-01-19 18:48:59] INFO in dispatcher: Update id=219029626 is handled. Duration 115 ms by bot id=7616289372
[2026-01-19 18:49:03] INFO in dispatcher: Update id=219029627 is handled. Duration 227 ms by bot id=7616289372
[2026-01-19 18:50:13] INFO in dispatcher: Update id=219029628 is handled. Duration 246 ms by bot id=7616289372
[2026-01-19 18:50:28] INFO in dispatcher: Update id=219029629 is handled. Duration 76 ms by bot id=7616289372
[2026-01-19 18:50:30] INFO in dispatcher: Update id=219029630 is handled. Duration 101 ms by bot id=7616289372
[2026-01-20 00:57:04] INFO in dispatcher: Start polling
[2026-01-20 00:57:05] INFO in dispatcher: Run polling for bot @prot_xafda_bot id=7616289372 - 'prot_bot'
[2026-01-20 00:57:22] INFO in dispatcher: Start polling
[2026-01-20 00:57:22] INFO in dispatcher: Run polling for bot @prot_xafda_bot id=7616289372 - 'prot_bot'
[2026-01-20 00:57:49] INFO in dispatcher: Start polling
[2026-01-20 00:57:49] INFO in dispatcher: Run polling for bot @prot_xafda_bot id=7616289372 - 'prot_bot'
[2026-01-20 01:03:56] INFO in dispatcher: Start polling
[2026-01-20 01:03:56] INFO in dispatcher: Run polling for bot @prot_xafda_bot id=7616289372 - 'prot_bot'
[2026-01-20 01:04:44] INFO in dispatcher: Start polling
[2026-01-20 01:04:44] INFO in dispatcher: Run polling for bot @prot_xafda_bot id=7616289372 - 'prot_bot'
[2026-01-20 19:30:04] INFO in dispatcher: Start polling
[2026-01-20 19:30:04] INFO in dispatcher: Run polling for bot @prot_xafda_bot id=7616289372 - 'prot_bot'
[2026-01-20 19:30:04] INFO in dispatcher: Update id=219029631 is handled. Duration 301 ms by bot id=7616289372
[2026-01-20 19:30:09] INFO in dispatcher: Update id=219029632 is handled. Duration 167 ms by bot id=7616289372
[2026-01-20 19:30:12] INFO in dispatcher: Update id=219029633 is handled. Duration 131 ms by bot id=7616289372
[2026-01-20 19:30:14] INFO in dispatcher: Update id=219029634 is handled. Duration 94 ms by bot id=7616289372
[2026-01-20 19:30:22] INFO in dispatcher: Update id=219029635 is handled. Duration 74 ms by bot id=7616289372
[2026-01-20 19:30:34] INFO in dispatcher: Update id=219029636 is handled. Duration 148 ms by bot id=7616289372
[2026-01-20 19:30:44] INFO in dispatcher: Update id=219029637 is handled. Duration 688 ms by bot id=7616289372
[2026-01-20 19:30:50] INFO in dispatcher: Update id=219029638 is handled. Duration 131 ms by bot id=7616289372
[2026-01-20 19:30:51] INFO in dispatcher: Update id=219029639 is handled. Duration 98 ms by bot id=7616289372
[2026-01-20 19:30:53] INFO in dispatcher: Update id=219029640 is handled. Duration 178 ms by bot id=7616289372
[2026-01-20 19:31:04] INFO in dispatcher: Update id=219029641 is handled. Duration 144 ms by bot id=7616289372
[2026-01-20 19:31:19] INFO in dispatcher: Update id=219029642 is handled. Duration 86 ms by bot id=7616289372
[2026-01-20 19:31:21] INFO in dispatcher: Update id=219029643 is handled. Duration 129 ms by bot id=7616289372
[2026-01-20 19:31:23] INFO in dispatcher: Update id=219029644 is handled. Duration 220 ms by bot id=7616289372
[2026-01-20 19:31:24] INFO in dispatcher: Update id=219029645 is handled. Duration 170 ms by bot id=7616289372
[2026-01-20 19:31:26] INFO in dispatcher: Update id=219029646 is handled. Duration 214 ms by bot id=7616289372
[2026-01-20 19:31:30] INFO in dispatcher: Update id=219029647 is handled. Duration 132 ms by bot id=7616289372
[2026-01-20 19:31:33] INFO in dispatcher: Update id=219029648 is handled. Duration 115 ms by bot id=7616289372
[2026-01-20 19:31:35] INFO in dispatcher: Update id=219029649 is handled. Duration 272 ms by bot id=7616289372
[2026-01-20 19:31:54] INFO in dispatcher: Update id=219029650 is handled. Duration 269 ms by bot id=7616289372
[2026-01-20 19:32:01] INFO in dispatcher: Update id=219029651 is handled. Duration 247 ms by bot id=7616289372
[2026-01-20 19:32:01] INFO in dispatcher: Update id=219029652 is handled. Duration 152 ms by bot id=7616289372
[2026-01-20 19:32:03] INFO in dispatcher: Update id=219029653 is handled. Duration 102 ms by bot id=7616289372
[2026-01-21 22:10:12] INFO in dispatcher: Start polling
[2026-01-21 22:10:12] INFO in dispatcher: Run polling for bot @prot_xafda_bot id=7616289372 - 'prot_bot'
[2026-01-21 22:10:12] INFO in dispatcher: Update id=219029655 is handled. Duration 207 ms by bot id=7616289372
[2026-01-21 22:10:12] INFO in dispatcher: Update id=219029654 is handled. Duration 234 ms by bot id=7616289372
[2026-01-21 22:11:39] INFO in dispatcher: Update id=219029656 is handled. Duration 123 ms by bot id=7616289372
[2026-01-21 22:11:42] INFO in dispatcher: Update id=219029657 is not handled. Duration 5 ms by bot id=7616289372
[2026-01-21 22:11:42] ERROR in dispatcher: Cause exception while process update id=219029657 by bot id=7616289372
AttributeError: type object 'UnsubStates' has no attribute 'conf_del_all'
Traceback (most recent call last):
  File "C:\Users\arsry\AppData\Local\Programs\Python\Python313\Lib\site-packages\aiogram\dispatcher\dispatcher.py", line 309, in _process_update
    response = await self.feed_update(bot, update, **kwargs)
               ^^^^^^^^^^^^^^^^^^^^^^^^^^^^^^^^^^^^^^^^^^^^^
  File "C:\Users\arsry\AppData\Local\Programs\Python\Python313\Lib\site-packages\aiogram\dispatcher\dispatcher.py", line 158, in feed_update
    response = await self.update.wrap_outer_middleware(
               ^^^^^^^^^^^^^^^^^^^^^^^^^^^^^^^^^^^^^^^^
    ...<7 lines>...
    )
    ^
  File "C:\Users\arsry\AppData\Local\Programs\Python\Python313\Lib\site-packages\aiogram\dispatcher\middlewares\error.py", line 25, in __call__
    return await handler(event, data)
           ^^^^^^^^^^^^^^^^^^^^^^^^^^
  File "C:\Users\arsry\AppData\Local\Programs\Python\Python313\Lib\site-packages\aiogram\dispatcher\middlewares\user_context.py", line 56, in __call__
    return await handler(event, data)
           ^^^^^^^^^^^^^^^^^^^^^^^^^^
  File "C:\Users\arsry\AppData\Local\Programs\Python\Python313\Lib\site-packages\aiogram\fsm\middleware.py", line 42, in __call__
    return await handler(event, data)
           ^^^^^^^^^^^^^^^^^^^^^^^^^^
  File "C:\Users\arsry\AppData\Local\Programs\Python\Python313\Lib\site-packages\aiogram\dispatcher\event\telegram.py", line 121, in trigger
    return await wrapped_inner(event, kwargs)
           ^^^^^^^^^^^^^^^^^^^^^^^^^^^^^^^^^^
  File "C:\Users\arsry\AppData\Local\Programs\Python\Python313\Lib\site-packages\aiogram\dispatcher\event\handler.py", line 43, in call
    return await wrapped()
           ^^^^^^^^^^^^^^^
  File "C:\Users\arsry\AppData\Local\Programs\Python\Python313\Lib\site-packages\aiogram\dispatcher\dispatcher.py", line 276, in _listen_update
    return await self.propagate_event(update_type=update_type, event=event, **kwargs)
           ^^^^^^^^^^^^^^^^^^^^^^^^^^^^^^^^^^^^^^^^^^^^^^^^^^^^^^^^^^^^^^^^^^^^^^^^^^
  File "C:\Users\arsry\AppData\Local\Programs\Python\Python313\Lib\site-packages\aiogram\dispatcher\router.py", line 146, in propagate_event
    return await observer.wrap_outer_middleware(_wrapped, event=event, data=kwargs)
           ^^^^^^^^^^^^^^^^^^^^^^^^^^^^^^^^^^^^^^^^^^^^^^^^^^^^^^^^^^^^^^^^^^^^^^^^
  File "C:\Users\arsry\AppData\Local\Programs\Python\Python313\Lib\site-packages\aiogram\dispatcher\router.py", line 141, in _wrapped
    return await self._propagate_event(
           ^^^^^^^^^^^^^^^^^^^^^^^^^^^^
        observer=observer, update_type=update_type, event=telegram_event, **data
        ^^^^^^^^^^^^^^^^^^^^^^^^^^^^^^^^^^^^^^^^^^^^^^^^^^^^^^^^^^^^^^^^^^^^^^^^
    )
    ^
  File "C:\Users\arsry\AppData\Local\Programs\Python\Python313\Lib\site-packages\aiogram\dispatcher\router.py", line 174, in _propagate_event
    response = await router.propagate_event(update_type=update_type, event=event, **kwargs)
               ^^^^^^^^^^^^^^^^^^^^^^^^^^^^^^^^^^^^^^^^^^^^^^^^^^^^^^^^^^^^^^^^^^^^^^^^^^^^
  File "C:\Users\arsry\AppData\Local\Programs\Python\Python313\Lib\site-packages\aiogram\dispatcher\router.py", line 146, in propagate_event
    return await observer.wrap_outer_middleware(_wrapped, event=event, data=kwargs)
           ^^^^^^^^^^^^^^^^^^^^^^^^^^^^^^^^^^^^^^^^^^^^^^^^^^^^^^^^^^^^^^^^^^^^^^^^
  File "C:\Users\arsry\AppData\Local\Programs\Python\Python313\Lib\site-packages\aiogram\dispatcher\router.py", line 141, in _wrapped
    return await self._propagate_event(
           ^^^^^^^^^^^^^^^^^^^^^^^^^^^^
        observer=observer, update_type=update_type, event=telegram_event, **data
        ^^^^^^^^^^^^^^^^^^^^^^^^^^^^^^^^^^^^^^^^^^^^^^^^^^^^^^^^^^^^^^^^^^^^^^^^
    )
    ^
  File "C:\Users\arsry\AppData\Local\Programs\Python\Python313\Lib\site-packages\aiogram\dispatcher\router.py", line 166, in _propagate_event
    response = await observer.trigger(event, **kwargs)
               ^^^^^^^^^^^^^^^^^^^^^^^^^^^^^^^^^^^^^^^
  File "C:\Users\arsry\AppData\Local\Programs\Python\Python313\Lib\site-packages\aiogram\dispatcher\event\telegram.py", line 121, in trigger
    return await wrapped_inner(event, kwargs)
           ^^^^^^^^^^^^^^^^^^^^^^^^^^^^^^^^^^
  File "C:\Users\arsry\AppData\Local\Programs\Python\Python313\Lib\site-packages\aiogram\dispatcher\event\handler.py", line 43, in call
    return await wrapped()
           ^^^^^^^^^^^^^^^
  File "C:\Users\arsry\OneDrive\Рабочий стол\запись на секции\tg_bot\routers\unsub.py", line 64, in conf_dell_all
    await state.set_state(UnsubStates.conf_del_all)
                          ^^^^^^^^^^^^^^^^^^^^^^^^
AttributeError: type object 'UnsubStates' has no attribute 'conf_del_all'
[2026-01-21 22:12:41] INFO in dispatcher: Start polling
[2026-01-21 22:12:41] INFO in dispatcher: Run polling for bot @prot_xafda_bot id=7616289372 - 'prot_bot'
[2026-01-21 22:12:47] INFO in dispatcher: Update id=219029658 is not handled. Duration 5 ms by bot id=7616289372
[2026-01-21 22:12:50] INFO in dispatcher: Update id=219029659 is handled. Duration 197 ms by bot id=7616289372
[2026-01-21 22:12:52] INFO in dispatcher: Update id=219029660 is not handled. Duration 5 ms by bot id=7616289372
[2026-01-21 22:12:52] ERROR in dispatcher: Cause exception while process update id=219029660 by bot id=7616289372
AttributeError: type object 'UnsubStates' has no attribute 'conf_del_all'
Traceback (most recent call last):
  File "C:\Users\arsry\AppData\Local\Programs\Python\Python313\Lib\site-packages\aiogram\dispatcher\dispatcher.py", line 309, in _process_update
    response = await self.feed_update(bot, update, **kwargs)
               ^^^^^^^^^^^^^^^^^^^^^^^^^^^^^^^^^^^^^^^^^^^^^
  File "C:\Users\arsry\AppData\Local\Programs\Python\Python313\Lib\site-packages\aiogram\dispatcher\dispatcher.py", line 158, in feed_update
    response = await self.update.wrap_outer_middleware(
               ^^^^^^^^^^^^^^^^^^^^^^^^^^^^^^^^^^^^^^^^
    ...<7 lines>...
    )
    ^
  File "C:\Users\arsry\AppData\Local\Programs\Python\Python313\Lib\site-packages\aiogram\dispatcher\middlewares\error.py", line 25, in __call__
    return await handler(event, data)
           ^^^^^^^^^^^^^^^^^^^^^^^^^^
  File "C:\Users\arsry\AppData\Local\Programs\Python\Python313\Lib\site-packages\aiogram\dispatcher\middlewares\user_context.py", line 56, in __call__
    return await handler(event, data)
           ^^^^^^^^^^^^^^^^^^^^^^^^^^
  File "C:\Users\arsry\AppData\Local\Programs\Python\Python313\Lib\site-packages\aiogram\fsm\middleware.py", line 42, in __call__
    return await handler(event, data)
           ^^^^^^^^^^^^^^^^^^^^^^^^^^
  File "C:\Users\arsry\AppData\Local\Programs\Python\Python313\Lib\site-packages\aiogram\dispatcher\event\telegram.py", line 121, in trigger
    return await wrapped_inner(event, kwargs)
           ^^^^^^^^^^^^^^^^^^^^^^^^^^^^^^^^^^
  File "C:\Users\arsry\AppData\Local\Programs\Python\Python313\Lib\site-packages\aiogram\dispatcher\event\handler.py", line 43, in call
    return await wrapped()
           ^^^^^^^^^^^^^^^
  File "C:\Users\arsry\AppData\Local\Programs\Python\Python313\Lib\site-packages\aiogram\dispatcher\dispatcher.py", line 276, in _listen_update
    return await self.propagate_event(update_type=update_type, event=event, **kwargs)
           ^^^^^^^^^^^^^^^^^^^^^^^^^^^^^^^^^^^^^^^^^^^^^^^^^^^^^^^^^^^^^^^^^^^^^^^^^^
  File "C:\Users\arsry\AppData\Local\Programs\Python\Python313\Lib\site-packages\aiogram\dispatcher\router.py", line 146, in propagate_event
    return await observer.wrap_outer_middleware(_wrapped, event=event, data=kwargs)
           ^^^^^^^^^^^^^^^^^^^^^^^^^^^^^^^^^^^^^^^^^^^^^^^^^^^^^^^^^^^^^^^^^^^^^^^^
  File "C:\Users\arsry\AppData\Local\Programs\Python\Python313\Lib\site-packages\aiogram\dispatcher\router.py", line 141, in _wrapped
    return await self._propagate_event(
           ^^^^^^^^^^^^^^^^^^^^^^^^^^^^
        observer=observer, update_type=update_type, event=telegram_event, **data
        ^^^^^^^^^^^^^^^^^^^^^^^^^^^^^^^^^^^^^^^^^^^^^^^^^^^^^^^^^^^^^^^^^^^^^^^^
    )
    ^
  File "C:\Users\arsry\AppData\Local\Programs\Python\Python313\Lib\site-packages\aiogram\dispatcher\router.py", line 174, in _propagate_event
    response = await router.propagate_event(update_type=update_type, event=event, **kwargs)
               ^^^^^^^^^^^^^^^^^^^^^^^^^^^^^^^^^^^^^^^^^^^^^^^^^^^^^^^^^^^^^^^^^^^^^^^^^^^^
  File "C:\Users\arsry\AppData\Local\Programs\Python\Python313\Lib\site-packages\aiogram\dispatcher\router.py", line 146, in propagate_event
    return await observer.wrap_outer_middleware(_wrapped, event=event, data=kwargs)
           ^^^^^^^^^^^^^^^^^^^^^^^^^^^^^^^^^^^^^^^^^^^^^^^^^^^^^^^^^^^^^^^^^^^^^^^^
  File "C:\Users\arsry\AppData\Local\Programs\Python\Python313\Lib\site-packages\aiogram\dispatcher\router.py", line 141, in _wrapped
    return await self._propagate_event(
           ^^^^^^^^^^^^^^^^^^^^^^^^^^^^
        observer=observer, update_type=update_type, event=telegram_event, **data
        ^^^^^^^^^^^^^^^^^^^^^^^^^^^^^^^^^^^^^^^^^^^^^^^^^^^^^^^^^^^^^^^^^^^^^^^^
    )
    ^
  File "C:\Users\arsry\AppData\Local\Programs\Python\Python313\Lib\site-packages\aiogram\dispatcher\router.py", line 166, in _propagate_event
    response = await observer.trigger(event, **kwargs)
               ^^^^^^^^^^^^^^^^^^^^^^^^^^^^^^^^^^^^^^^
  File "C:\Users\arsry\AppData\Local\Programs\Python\Python313\Lib\site-packages\aiogram\dispatcher\event\telegram.py", line 121, in trigger
    return await wrapped_inner(event, kwargs)
           ^^^^^^^^^^^^^^^^^^^^^^^^^^^^^^^^^^
  File "C:\Users\arsry\AppData\Local\Programs\Python\Python313\Lib\site-packages\aiogram\dispatcher\event\handler.py", line 43, in call
    return await wrapped()
           ^^^^^^^^^^^^^^^
  File "C:\Users\arsry\OneDrive\Рабочий стол\запись на секции\tg_bot\routers\unsub.py", line 64, in conf_dell_all
    await state.set_state(UnsubStates.conf_del_all)
                          ^^^^^^^^^^^^^^^^^^^^^^^^
AttributeError: type object 'UnsubStates' has no attribute 'conf_del_all'
[2026-01-21 22:13:19] INFO in dispatcher: Start polling
[2026-01-21 22:13:19] INFO in dispatcher: Run polling for bot @prot_xafda_bot id=7616289372 - 'prot_bot'
[2026-01-21 22:13:20] INFO in dispatcher: Update id=219029661 is not handled. Duration 6 ms by bot id=7616289372
[2026-01-21 22:13:23] INFO in dispatcher: Update id=219029662 is handled. Duration 186 ms by bot id=7616289372
[2026-01-21 22:13:24] INFO in dispatcher: Update id=219029663 is not handled. Duration 5 ms by bot id=7616289372
[2026-01-21 22:13:24] ERROR in dispatcher: Cause exception while process update id=219029663 by bot id=7616289372
NameError: name 'conf_kb' is not defined
Traceback (most recent call last):
  File "C:\Users\arsry\AppData\Local\Programs\Python\Python313\Lib\site-packages\aiogram\dispatcher\dispatcher.py", line 309, in _process_update
    response = await self.feed_update(bot, update, **kwargs)
               ^^^^^^^^^^^^^^^^^^^^^^^^^^^^^^^^^^^^^^^^^^^^^
  File "C:\Users\arsry\AppData\Local\Programs\Python\Python313\Lib\site-packages\aiogram\dispatcher\dispatcher.py", line 158, in feed_update
    response = await self.update.wrap_outer_middleware(
               ^^^^^^^^^^^^^^^^^^^^^^^^^^^^^^^^^^^^^^^^
    ...<7 lines>...
    )
    ^
  File "C:\Users\arsry\AppData\Local\Programs\Python\Python313\Lib\site-packages\aiogram\dispatcher\middlewares\error.py", line 25, in __call__
    return await handler(event, data)
           ^^^^^^^^^^^^^^^^^^^^^^^^^^
  File "C:\Users\arsry\AppData\Local\Programs\Python\Python313\Lib\site-packages\aiogram\dispatcher\middlewares\user_context.py", line 56, in __call__
    return await handler(event, data)
           ^^^^^^^^^^^^^^^^^^^^^^^^^^
  File "C:\Users\arsry\AppData\Local\Programs\Python\Python313\Lib\site-packages\aiogram\fsm\middleware.py", line 42, in __call__
    return await handler(event, data)
           ^^^^^^^^^^^^^^^^^^^^^^^^^^
  File "C:\Users\arsry\AppData\Local\Programs\Python\Python313\Lib\site-packages\aiogram\dispatcher\event\telegram.py", line 121, in trigger
    return await wrapped_inner(event, kwargs)
           ^^^^^^^^^^^^^^^^^^^^^^^^^^^^^^^^^^
  File "C:\Users\arsry\AppData\Local\Programs\Python\Python313\Lib\site-packages\aiogram\dispatcher\event\handler.py", line 43, in call
    return await wrapped()
           ^^^^^^^^^^^^^^^
  File "C:\Users\arsry\AppData\Local\Programs\Python\Python313\Lib\site-packages\aiogram\dispatcher\dispatcher.py", line 276, in _listen_update
    return await self.propagate_event(update_type=update_type, event=event, **kwargs)
           ^^^^^^^^^^^^^^^^^^^^^^^^^^^^^^^^^^^^^^^^^^^^^^^^^^^^^^^^^^^^^^^^^^^^^^^^^^
  File "C:\Users\arsry\AppData\Local\Programs\Python\Python313\Lib\site-packages\aiogram\dispatcher\router.py", line 146, in propagate_event
    return await observer.wrap_outer_middleware(_wrapped, event=event, data=kwargs)
           ^^^^^^^^^^^^^^^^^^^^^^^^^^^^^^^^^^^^^^^^^^^^^^^^^^^^^^^^^^^^^^^^^^^^^^^^
  File "C:\Users\arsry\AppData\Local\Programs\Python\Python313\Lib\site-packages\aiogram\dispatcher\router.py", line 141, in _wrapped
    return await self._propagate_event(
           ^^^^^^^^^^^^^^^^^^^^^^^^^^^^
        observer=observer, update_type=update_type, event=telegram_event, **data
        ^^^^^^^^^^^^^^^^^^^^^^^^^^^^^^^^^^^^^^^^^^^^^^^^^^^^^^^^^^^^^^^^^^^^^^^^
    )
    ^
  File "C:\Users\arsry\AppData\Local\Programs\Python\Python313\Lib\site-packages\aiogram\dispatcher\router.py", line 174, in _propagate_event
    response = await router.propagate_event(update_type=update_type, event=event, **kwargs)
               ^^^^^^^^^^^^^^^^^^^^^^^^^^^^^^^^^^^^^^^^^^^^^^^^^^^^^^^^^^^^^^^^^^^^^^^^^^^^
  File "C:\Users\arsry\AppData\Local\Programs\Python\Python313\Lib\site-packages\aiogram\dispatcher\router.py", line 146, in propagate_event
    return await observer.wrap_outer_middleware(_wrapped, event=event, data=kwargs)
           ^^^^^^^^^^^^^^^^^^^^^^^^^^^^^^^^^^^^^^^^^^^^^^^^^^^^^^^^^^^^^^^^^^^^^^^^
  File "C:\Users\arsry\AppData\Local\Programs\Python\Python313\Lib\site-packages\aiogram\dispatcher\router.py", line 141, in _wrapped
    return await self._propagate_event(
           ^^^^^^^^^^^^^^^^^^^^^^^^^^^^
        observer=observer, update_type=update_type, event=telegram_event, **data
        ^^^^^^^^^^^^^^^^^^^^^^^^^^^^^^^^^^^^^^^^^^^^^^^^^^^^^^^^^^^^^^^^^^^^^^^^
    )
    ^
  File "C:\Users\arsry\AppData\Local\Programs\Python\Python313\Lib\site-packages\aiogram\dispatcher\router.py", line 166, in _propagate_event
    response = await observer.trigger(event, **kwargs)
               ^^^^^^^^^^^^^^^^^^^^^^^^^^^^^^^^^^^^^^^
  File "C:\Users\arsry\AppData\Local\Programs\Python\Python313\Lib\site-packages\aiogram\dispatcher\event\telegram.py", line 121, in trigger
    return await wrapped_inner(event, kwargs)
           ^^^^^^^^^^^^^^^^^^^^^^^^^^^^^^^^^^
  File "C:\Users\arsry\AppData\Local\Programs\Python\Python313\Lib\site-packages\aiogram\dispatcher\event\handler.py", line 43, in call
    return await wrapped()
           ^^^^^^^^^^^^^^^
  File "C:\Users\arsry\OneDrive\Рабочий стол\запись на секции\tg_bot\routers\unsub.py", line 65, in conf_dell_all
    await callback_query.message.edit_text("Подвердите отписку от всех секций",reply_markup=conf_kb)
                                                                                            ^^^^^^^
NameError: name 'conf_kb' is not defined. Did you mean: 'confirm_kb'?
[2026-01-21 22:13:50] INFO in dispatcher: Start polling
[2026-01-21 22:13:56] INFO in dispatcher: Start polling
[2026-01-21 22:13:56] INFO in dispatcher: Run polling for bot @prot_xafda_bot id=7616289372 - 'prot_bot'
[2026-01-21 22:13:59] INFO in dispatcher: Update id=219029664 is handled. Duration 207 ms by bot id=7616289372
[2026-01-21 22:14:00] INFO in dispatcher: Update id=219029665 is handled. Duration 192 ms by bot id=7616289372
[2026-01-21 22:14:02] INFO in dispatcher: Update id=219029666 is not handled. Duration 6 ms by bot id=7616289372
[2026-01-21 22:14:02] ERROR in dispatcher: Cause exception while process update id=219029666 by bot id=7616289372
NameError: name 'message' is not defined
Traceback (most recent call last):
  File "C:\Users\arsry\AppData\Local\Programs\Python\Python313\Lib\site-packages\aiogram\dispatcher\dispatcher.py", line 309, in _process_update
    response = await self.feed_update(bot, update, **kwargs)
               ^^^^^^^^^^^^^^^^^^^^^^^^^^^^^^^^^^^^^^^^^^^^^
  File "C:\Users\arsry\AppData\Local\Programs\Python\Python313\Lib\site-packages\aiogram\dispatcher\dispatcher.py", line 158, in feed_update
    response = await self.update.wrap_outer_middleware(
               ^^^^^^^^^^^^^^^^^^^^^^^^^^^^^^^^^^^^^^^^
    ...<7 lines>...
    )
    ^
  File "C:\Users\arsry\AppData\Local\Programs\Python\Python313\Lib\site-packages\aiogram\dispatcher\middlewares\error.py", line 25, in __call__
    return await handler(event, data)
           ^^^^^^^^^^^^^^^^^^^^^^^^^^
  File "C:\Users\arsry\AppData\Local\Programs\Python\Python313\Lib\site-packages\aiogram\dispatcher\middlewares\user_context.py", line 56, in __call__
    return await handler(event, data)
           ^^^^^^^^^^^^^^^^^^^^^^^^^^
  File "C:\Users\arsry\AppData\Local\Programs\Python\Python313\Lib\site-packages\aiogram\fsm\middleware.py", line 42, in __call__
    return await handler(event, data)
           ^^^^^^^^^^^^^^^^^^^^^^^^^^
  File "C:\Users\arsry\AppData\Local\Programs\Python\Python313\Lib\site-packages\aiogram\dispatcher\event\telegram.py", line 121, in trigger
    return await wrapped_inner(event, kwargs)
           ^^^^^^^^^^^^^^^^^^^^^^^^^^^^^^^^^^
  File "C:\Users\arsry\AppData\Local\Programs\Python\Python313\Lib\site-packages\aiogram\dispatcher\event\handler.py", line 43, in call
    return await wrapped()
           ^^^^^^^^^^^^^^^
  File "C:\Users\arsry\AppData\Local\Programs\Python\Python313\Lib\site-packages\aiogram\dispatcher\dispatcher.py", line 276, in _listen_update
    return await self.propagate_event(update_type=update_type, event=event, **kwargs)
           ^^^^^^^^^^^^^^^^^^^^^^^^^^^^^^^^^^^^^^^^^^^^^^^^^^^^^^^^^^^^^^^^^^^^^^^^^^
  File "C:\Users\arsry\AppData\Local\Programs\Python\Python313\Lib\site-packages\aiogram\dispatcher\router.py", line 146, in propagate_event
    return await observer.wrap_outer_middleware(_wrapped, event=event, data=kwargs)
           ^^^^^^^^^^^^^^^^^^^^^^^^^^^^^^^^^^^^^^^^^^^^^^^^^^^^^^^^^^^^^^^^^^^^^^^^
  File "C:\Users\arsry\AppData\Local\Programs\Python\Python313\Lib\site-packages\aiogram\dispatcher\router.py", line 141, in _wrapped
    return await self._propagate_event(
           ^^^^^^^^^^^^^^^^^^^^^^^^^^^^
        observer=observer, update_type=update_type, event=telegram_event, **data
        ^^^^^^^^^^^^^^^^^^^^^^^^^^^^^^^^^^^^^^^^^^^^^^^^^^^^^^^^^^^^^^^^^^^^^^^^
    )
    ^
  File "C:\Users\arsry\AppData\Local\Programs\Python\Python313\Lib\site-packages\aiogram\dispatcher\router.py", line 174, in _propagate_event
    response = await router.propagate_event(update_type=update_type, event=event, **kwargs)
               ^^^^^^^^^^^^^^^^^^^^^^^^^^^^^^^^^^^^^^^^^^^^^^^^^^^^^^^^^^^^^^^^^^^^^^^^^^^^
  File "C:\Users\arsry\AppData\Local\Programs\Python\Python313\Lib\site-packages\aiogram\dispatcher\router.py", line 146, in propagate_event
    return await observer.wrap_outer_middleware(_wrapped, event=event, data=kwargs)
           ^^^^^^^^^^^^^^^^^^^^^^^^^^^^^^^^^^^^^^^^^^^^^^^^^^^^^^^^^^^^^^^^^^^^^^^^
  File "C:\Users\arsry\AppData\Local\Programs\Python\Python313\Lib\site-packages\aiogram\dispatcher\router.py", line 141, in _wrapped
    return await self._propagate_event(
           ^^^^^^^^^^^^^^^^^^^^^^^^^^^^
        observer=observer, update_type=update_type, event=telegram_event, **data
        ^^^^^^^^^^^^^^^^^^^^^^^^^^^^^^^^^^^^^^^^^^^^^^^^^^^^^^^^^^^^^^^^^^^^^^^^
    )
    ^
  File "C:\Users\arsry\AppData\Local\Programs\Python\Python313\Lib\site-packages\aiogram\dispatcher\router.py", line 166, in _propagate_event
    response = await observer.trigger(event, **kwargs)
               ^^^^^^^^^^^^^^^^^^^^^^^^^^^^^^^^^^^^^^^
  File "C:\Users\arsry\AppData\Local\Programs\Python\Python313\Lib\site-packages\aiogram\dispatcher\event\telegram.py", line 121, in trigger
    return await wrapped_inner(event, kwargs)
           ^^^^^^^^^^^^^^^^^^^^^^^^^^^^^^^^^^
  File "C:\Users\arsry\AppData\Local\Programs\Python\Python313\Lib\site-packages\aiogram\dispatcher\event\handler.py", line 43, in call
    return await wrapped()
           ^^^^^^^^^^^^^^^
  File "C:\Users\arsry\OneDrive\Рабочий стол\запись на секции\tg_bot\routers\unsub.py", line 70, in dell_all
    if await del_all_user_record(int(message.from_user.id)):
                                     ^^^^^^^
NameError: name 'message' is not defined. Did you mean: 'Message'?
[2026-01-21 22:14:42] INFO in dispatcher: Start polling
[2026-01-21 22:14:42] INFO in dispatcher: Run polling for bot @prot_xafda_bot id=7616289372 - 'prot_bot'
[2026-01-21 22:14:43] INFO in dispatcher: Update id=219029667 is handled. Duration 237 ms by bot id=7616289372
[2026-01-21 22:14:45] INFO in dispatcher: Update id=219029668 is handled. Duration 172 ms by bot id=7616289372
[2026-01-21 22:14:46] INFO in dispatcher: Update id=219029669 is handled. Duration 121 ms by bot id=7616289372
[2026-01-21 22:14:49] INFO in dispatcher: Update id=219029670 is handled. Duration 75 ms by bot id=7616289372
[2026-01-21 22:14:50] INFO in dispatcher: Update id=219029671 is handled. Duration 126 ms by bot id=7616289372
[2026-01-21 22:14:51] INFO in dispatcher: Update id=219029672 is handled. Duration 95 ms by bot id=7616289372
[2026-01-21 22:14:55] INFO in dispatcher: Update id=219029673 is not handled. Duration 7 ms by bot id=7616289372
[2026-01-21 22:16:07] INFO in dispatcher: Start polling
[2026-01-21 22:16:07] INFO in dispatcher: Run polling for bot @prot_xafda_bot id=7616289372 - 'prot_bot'
[2026-01-21 22:16:10] INFO in dispatcher: Update id=219029674 is handled. Duration 188 ms by bot id=7616289372
[2026-01-21 22:16:12] INFO in dispatcher: Update id=219029675 is handled. Duration 69 ms by bot id=7616289372
[2026-01-21 22:16:12] INFO in dispatcher: Update id=219029676 is not handled. Duration 5 ms by bot id=7616289372
[2026-01-21 22:16:12] ERROR in dispatcher: Cause exception while process update id=219029676 by bot id=7616289372
NameError: name 'callback_query' is not defined
Traceback (most recent call last):
  File "C:\Users\arsry\AppData\Local\Programs\Python\Python313\Lib\site-packages\aiogram\dispatcher\dispatcher.py", line 309, in _process_update
    response = await self.feed_update(bot, update, **kwargs)
               ^^^^^^^^^^^^^^^^^^^^^^^^^^^^^^^^^^^^^^^^^^^^^
  File "C:\Users\arsry\AppData\Local\Programs\Python\Python313\Lib\site-packages\aiogram\dispatcher\dispatcher.py", line 158, in feed_update
    response = await self.update.wrap_outer_middleware(
               ^^^^^^^^^^^^^^^^^^^^^^^^^^^^^^^^^^^^^^^^
    ...<7 lines>...
    )
    ^
  File "C:\Users\arsry\AppData\Local\Programs\Python\Python313\Lib\site-packages\aiogram\dispatcher\middlewares\error.py", line 25, in __call__
    return await handler(event, data)
           ^^^^^^^^^^^^^^^^^^^^^^^^^^
  File "C:\Users\arsry\AppData\Local\Programs\Python\Python313\Lib\site-packages\aiogram\dispatcher\middlewares\user_context.py", line 56, in __call__
    return await handler(event, data)
           ^^^^^^^^^^^^^^^^^^^^^^^^^^
  File "C:\Users\arsry\AppData\Local\Programs\Python\Python313\Lib\site-packages\aiogram\fsm\middleware.py", line 42, in __call__
    return await handler(event, data)
           ^^^^^^^^^^^^^^^^^^^^^^^^^^
  File "C:\Users\arsry\AppData\Local\Programs\Python\Python313\Lib\site-packages\aiogram\dispatcher\event\telegram.py", line 121, in trigger
    return await wrapped_inner(event, kwargs)
           ^^^^^^^^^^^^^^^^^^^^^^^^^^^^^^^^^^
  File "C:\Users\arsry\AppData\Local\Programs\Python\Python313\Lib\site-packages\aiogram\dispatcher\event\handler.py", line 43, in call
    return await wrapped()
           ^^^^^^^^^^^^^^^
  File "C:\Users\arsry\AppData\Local\Programs\Python\Python313\Lib\site-packages\aiogram\dispatcher\dispatcher.py", line 276, in _listen_update
    return await self.propagate_event(update_type=update_type, event=event, **kwargs)
           ^^^^^^^^^^^^^^^^^^^^^^^^^^^^^^^^^^^^^^^^^^^^^^^^^^^^^^^^^^^^^^^^^^^^^^^^^^
  File "C:\Users\arsry\AppData\Local\Programs\Python\Python313\Lib\site-packages\aiogram\dispatcher\router.py", line 146, in propagate_event
    return await observer.wrap_outer_middleware(_wrapped, event=event, data=kwargs)
           ^^^^^^^^^^^^^^^^^^^^^^^^^^^^^^^^^^^^^^^^^^^^^^^^^^^^^^^^^^^^^^^^^^^^^^^^
  File "C:\Users\arsry\AppData\Local\Programs\Python\Python313\Lib\site-packages\aiogram\dispatcher\router.py", line 141, in _wrapped
    return await self._propagate_event(
           ^^^^^^^^^^^^^^^^^^^^^^^^^^^^
        observer=observer, update_type=update_type, event=telegram_event, **data
        ^^^^^^^^^^^^^^^^^^^^^^^^^^^^^^^^^^^^^^^^^^^^^^^^^^^^^^^^^^^^^^^^^^^^^^^^
    )
    ^
  File "C:\Users\arsry\AppData\Local\Programs\Python\Python313\Lib\site-packages\aiogram\dispatcher\router.py", line 174, in _propagate_event
    response = await router.propagate_event(update_type=update_type, event=event, **kwargs)
               ^^^^^^^^^^^^^^^^^^^^^^^^^^^^^^^^^^^^^^^^^^^^^^^^^^^^^^^^^^^^^^^^^^^^^^^^^^^^
  File "C:\Users\arsry\AppData\Local\Programs\Python\Python313\Lib\site-packages\aiogram\dispatcher\router.py", line 146, in propagate_event
    return await observer.wrap_outer_middleware(_wrapped, event=event, data=kwargs)
           ^^^^^^^^^^^^^^^^^^^^^^^^^^^^^^^^^^^^^^^^^^^^^^^^^^^^^^^^^^^^^^^^^^^^^^^^
  File "C:\Users\arsry\AppData\Local\Programs\Python\Python313\Lib\site-packages\aiogram\dispatcher\router.py", line 141, in _wrapped
    return await self._propagate_event(
           ^^^^^^^^^^^^^^^^^^^^^^^^^^^^
        observer=observer, update_type=update_type, event=telegram_event, **data
        ^^^^^^^^^^^^^^^^^^^^^^^^^^^^^^^^^^^^^^^^^^^^^^^^^^^^^^^^^^^^^^^^^^^^^^^^
    )
    ^
  File "C:\Users\arsry\AppData\Local\Programs\Python\Python313\Lib\site-packages\aiogram\dispatcher\router.py", line 166, in _propagate_event
    response = await observer.trigger(event, **kwargs)
               ^^^^^^^^^^^^^^^^^^^^^^^^^^^^^^^^^^^^^^^
  File "C:\Users\arsry\AppData\Local\Programs\Python\Python313\Lib\site-packages\aiogram\dispatcher\event\telegram.py", line 121, in trigger
    return await wrapped_inner(event, kwargs)
           ^^^^^^^^^^^^^^^^^^^^^^^^^^^^^^^^^^
  File "C:\Users\arsry\AppData\Local\Programs\Python\Python313\Lib\site-packages\aiogram\dispatcher\event\handler.py", line 43, in call
    return await wrapped()
           ^^^^^^^^^^^^^^^
  File "C:\Users\arsry\OneDrive\Рабочий стол\запись на секции\tg_bot\routers\unsub.py", line 25, in cmd_unsub
    await callback_query.message.edit_text("Отписаться от",reply_markup=unsub_kb)
          ^^^^^^^^^^^^^^
NameError: name 'callback_query' is not defined
[2026-01-21 22:16:32] INFO in dispatcher: Start polling
[2026-01-21 22:16:32] INFO in dispatcher: Run polling for bot @prot_xafda_bot id=7616289372 - 'prot_bot'
[2026-01-21 22:16:35] INFO in dispatcher: Update id=219029677 is handled. Duration 256 ms by bot id=7616289372
[2026-01-21 22:16:36] INFO in dispatcher: Update id=219029678 is handled. Duration 70 ms by bot id=7616289372
[2026-01-21 22:16:37] INFO in dispatcher: Update id=219029679 is handled. Duration 70 ms by bot id=7616289372
[2026-01-21 22:16:38] ERROR in postgre_db: Команда: SELECT r.section_id, s.section, d.name_day, t.name_time FROM records r
                             WHERE user_id=7616289372
                             JOIN sections s ON r.section_id = s.id
                             JOIN days d ON s.day_id = d.day_id
                             JOIN time t ON s.time_id = t.time_id
Ошибка при получении данных: ошибка синтаксиса (примерное положение: "JOIN")
[2026-01-21 22:16:38] INFO in dispatcher: Update id=219029680 is handled. Duration 124 ms by bot id=7616289372
[2026-01-21 22:16:39] INFO in dispatcher: Update id=219029681 is handled. Duration 91 ms by bot id=7616289372
[2026-01-21 22:16:42] INFO in dispatcher: Update id=219029682 is handled. Duration 114 ms by bot id=7616289372
[2026-01-21 22:16:43] INFO in dispatcher: Update id=219029683 is handled. Duration 173 ms by bot id=7616289372
[2026-01-21 22:16:45] INFO in dispatcher: Update id=219029684 is handled. Duration 960 ms by bot id=7616289372
[2026-01-21 22:16:46] INFO in dispatcher: Update id=219029685 is handled. Duration 750 ms by bot id=7616289372
[2026-01-21 22:16:48] INFO in dispatcher: Update id=219029686 is handled. Duration 277 ms by bot id=7616289372
[2026-01-21 22:16:50] INFO in dispatcher: Update id=219029687 is handled. Duration 186 ms by bot id=7616289372
[2026-01-21 22:16:52] INFO in dispatcher: Update id=219029688 is handled. Duration 174 ms by bot id=7616289372
[2026-01-21 22:17:30] INFO in dispatcher: Update id=219029689 is handled. Duration 355 ms by bot id=7616289372
[2026-01-21 22:17:31] ERROR in postgre_db: Команда: SELECT r.section_id, s.section, d.name_day, t.name_time FROM records r
                             WHERE user_id=7616289372
                             JOIN sections s ON r.section_id = s.id
                             JOIN days d ON s.day_id = d.day_id
                             JOIN time t ON s.time_id = t.time_id
Ошибка при получении данных: ошибка синтаксиса (примерное положение: "JOIN")
[2026-01-21 22:17:31] INFO in dispatcher: Update id=219029690 is handled. Duration 133 ms by bot id=7616289372
[2026-01-21 22:19:37] INFO in dispatcher: Start polling
[2026-01-21 22:19:37] INFO in dispatcher: Run polling for bot @prot_xafda_bot id=7616289372 - 'prot_bot'
[2026-01-21 22:19:41] INFO in dispatcher: Update id=219029691 is handled. Duration 188 ms by bot id=7616289372
[2026-01-21 22:19:42] INFO in dispatcher: Update id=219029692 is handled. Duration 125 ms by bot id=7616289372
[2026-01-21 22:19:51] INFO in dispatcher: Update id=219029693 is not handled. Duration 4 ms by bot id=7616289372
[2026-01-21 22:19:51] ERROR in dispatcher: Cause exception while process update id=219029693 by bot id=7616289372
TypeError: list indices must be integers or slices, not str
Traceback (most recent call last):
  File "C:\Users\arsry\AppData\Local\Programs\Python\Python313\Lib\site-packages\aiogram\dispatcher\dispatcher.py", line 309, in _process_update
    response = await self.feed_update(bot, update, **kwargs)
               ^^^^^^^^^^^^^^^^^^^^^^^^^^^^^^^^^^^^^^^^^^^^^
  File "C:\Users\arsry\AppData\Local\Programs\Python\Python313\Lib\site-packages\aiogram\dispatcher\dispatcher.py", line 158, in feed_update
    response = await self.update.wrap_outer_middleware(
               ^^^^^^^^^^^^^^^^^^^^^^^^^^^^^^^^^^^^^^^^
    ...<7 lines>...
    )
    ^
  File "C:\Users\arsry\AppData\Local\Programs\Python\Python313\Lib\site-packages\aiogram\dispatcher\middlewares\error.py", line 25, in __call__
    return await handler(event, data)
           ^^^^^^^^^^^^^^^^^^^^^^^^^^
  File "C:\Users\arsry\AppData\Local\Programs\Python\Python313\Lib\site-packages\aiogram\dispatcher\middlewares\user_context.py", line 56, in __call__
    return await handler(event, data)
           ^^^^^^^^^^^^^^^^^^^^^^^^^^
  File "C:\Users\arsry\AppData\Local\Programs\Python\Python313\Lib\site-packages\aiogram\fsm\middleware.py", line 42, in __call__
    return await handler(event, data)
           ^^^^^^^^^^^^^^^^^^^^^^^^^^
  File "C:\Users\arsry\AppData\Local\Programs\Python\Python313\Lib\site-packages\aiogram\dispatcher\event\telegram.py", line 121, in trigger
    return await wrapped_inner(event, kwargs)
           ^^^^^^^^^^^^^^^^^^^^^^^^^^^^^^^^^^
  File "C:\Users\arsry\AppData\Local\Programs\Python\Python313\Lib\site-packages\aiogram\dispatcher\event\handler.py", line 43, in call
    return await wrapped()
           ^^^^^^^^^^^^^^^
  File "C:\Users\arsry\AppData\Local\Programs\Python\Python313\Lib\site-packages\aiogram\dispatcher\dispatcher.py", line 276, in _listen_update
    return await self.propagate_event(update_type=update_type, event=event, **kwargs)
           ^^^^^^^^^^^^^^^^^^^^^^^^^^^^^^^^^^^^^^^^^^^^^^^^^^^^^^^^^^^^^^^^^^^^^^^^^^
  File "C:\Users\arsry\AppData\Local\Programs\Python\Python313\Lib\site-packages\aiogram\dispatcher\router.py", line 146, in propagate_event
    return await observer.wrap_outer_middleware(_wrapped, event=event, data=kwargs)
           ^^^^^^^^^^^^^^^^^^^^^^^^^^^^^^^^^^^^^^^^^^^^^^^^^^^^^^^^^^^^^^^^^^^^^^^^
  File "C:\Users\arsry\AppData\Local\Programs\Python\Python313\Lib\site-packages\aiogram\dispatcher\router.py", line 141, in _wrapped
    return await self._propagate_event(
           ^^^^^^^^^^^^^^^^^^^^^^^^^^^^
        observer=observer, update_type=update_type, event=telegram_event, **data
        ^^^^^^^^^^^^^^^^^^^^^^^^^^^^^^^^^^^^^^^^^^^^^^^^^^^^^^^^^^^^^^^^^^^^^^^^
    )
    ^
  File "C:\Users\arsry\AppData\Local\Programs\Python\Python313\Lib\site-packages\aiogram\dispatcher\router.py", line 174, in _propagate_event
    response = await router.propagate_event(update_type=update_type, event=event, **kwargs)
               ^^^^^^^^^^^^^^^^^^^^^^^^^^^^^^^^^^^^^^^^^^^^^^^^^^^^^^^^^^^^^^^^^^^^^^^^^^^^
  File "C:\Users\arsry\AppData\Local\Programs\Python\Python313\Lib\site-packages\aiogram\dispatcher\router.py", line 146, in propagate_event
    return await observer.wrap_outer_middleware(_wrapped, event=event, data=kwargs)
           ^^^^^^^^^^^^^^^^^^^^^^^^^^^^^^^^^^^^^^^^^^^^^^^^^^^^^^^^^^^^^^^^^^^^^^^^
  File "C:\Users\arsry\AppData\Local\Programs\Python\Python313\Lib\site-packages\aiogram\dispatcher\router.py", line 141, in _wrapped
    return await self._propagate_event(
           ^^^^^^^^^^^^^^^^^^^^^^^^^^^^
        observer=observer, update_type=update_type, event=telegram_event, **data
        ^^^^^^^^^^^^^^^^^^^^^^^^^^^^^^^^^^^^^^^^^^^^^^^^^^^^^^^^^^^^^^^^^^^^^^^^
    )
    ^
  File "C:\Users\arsry\AppData\Local\Programs\Python\Python313\Lib\site-packages\aiogram\dispatcher\router.py", line 166, in _propagate_event
    response = await observer.trigger(event, **kwargs)
               ^^^^^^^^^^^^^^^^^^^^^^^^^^^^^^^^^^^^^^^
  File "C:\Users\arsry\AppData\Local\Programs\Python\Python313\Lib\site-packages\aiogram\dispatcher\event\telegram.py", line 121, in trigger
    return await wrapped_inner(event, kwargs)
           ^^^^^^^^^^^^^^^^^^^^^^^^^^^^^^^^^^
  File "C:\Users\arsry\AppData\Local\Programs\Python\Python313\Lib\site-packages\aiogram\dispatcher\event\handler.py", line 43, in call
    return await wrapped()
           ^^^^^^^^^^^^^^^
  File "C:\Users\arsry\OneDrive\Рабочий стол\запись на секции\tg_bot\routers\unsub.py", line 47, in select_conf_del
    record = data['records'][num]
             ~~~~~~~~~~~~~~~^^^^^
TypeError: list indices must be integers or slices, not str
[2026-01-21 22:19:53] INFO in dispatcher: Update id=219029694 is not handled. Duration 60 ms by bot id=7616289372
[2026-01-21 22:19:53] ERROR in dispatcher: Cause exception while process update id=219029694 by bot id=7616289372
TelegramBadRequest: Telegram server says - Bad Request: message is not modified: specified new message content and reply markup are exactly the same as a current content and reply markup of the message
Traceback (most recent call last):
  File "C:\Users\arsry\AppData\Local\Programs\Python\Python313\Lib\site-packages\aiogram\dispatcher\dispatcher.py", line 309, in _process_update
    response = await self.feed_update(bot, update, **kwargs)
               ^^^^^^^^^^^^^^^^^^^^^^^^^^^^^^^^^^^^^^^^^^^^^
  File "C:\Users\arsry\AppData\Local\Programs\Python\Python313\Lib\site-packages\aiogram\dispatcher\dispatcher.py", line 158, in feed_update
    response = await self.update.wrap_outer_middleware(
               ^^^^^^^^^^^^^^^^^^^^^^^^^^^^^^^^^^^^^^^^
    ...<7 lines>...
    )
    ^
  File "C:\Users\arsry\AppData\Local\Programs\Python\Python313\Lib\site-packages\aiogram\dispatcher\middlewares\error.py", line 25, in __call__
    return await handler(event, data)
           ^^^^^^^^^^^^^^^^^^^^^^^^^^
  File "C:\Users\arsry\AppData\Local\Programs\Python\Python313\Lib\site-packages\aiogram\dispatcher\middlewares\user_context.py", line 56, in __call__
    return await handler(event, data)
           ^^^^^^^^^^^^^^^^^^^^^^^^^^
  File "C:\Users\arsry\AppData\Local\Programs\Python\Python313\Lib\site-packages\aiogram\fsm\middleware.py", line 42, in __call__
    return await handler(event, data)
           ^^^^^^^^^^^^^^^^^^^^^^^^^^
  File "C:\Users\arsry\AppData\Local\Programs\Python\Python313\Lib\site-packages\aiogram\dispatcher\event\telegram.py", line 121, in trigger
    return await wrapped_inner(event, kwargs)
           ^^^^^^^^^^^^^^^^^^^^^^^^^^^^^^^^^^
  File "C:\Users\arsry\AppData\Local\Programs\Python\Python313\Lib\site-packages\aiogram\dispatcher\event\handler.py", line 43, in call
    return await wrapped()
           ^^^^^^^^^^^^^^^
  File "C:\Users\arsry\AppData\Local\Programs\Python\Python313\Lib\site-packages\aiogram\dispatcher\dispatcher.py", line 276, in _listen_update
    return await self.propagate_event(update_type=update_type, event=event, **kwargs)
           ^^^^^^^^^^^^^^^^^^^^^^^^^^^^^^^^^^^^^^^^^^^^^^^^^^^^^^^^^^^^^^^^^^^^^^^^^^
  File "C:\Users\arsry\AppData\Local\Programs\Python\Python313\Lib\site-packages\aiogram\dispatcher\router.py", line 146, in propagate_event
    return await observer.wrap_outer_middleware(_wrapped, event=event, data=kwargs)
           ^^^^^^^^^^^^^^^^^^^^^^^^^^^^^^^^^^^^^^^^^^^^^^^^^^^^^^^^^^^^^^^^^^^^^^^^
  File "C:\Users\arsry\AppData\Local\Programs\Python\Python313\Lib\site-packages\aiogram\dispatcher\router.py", line 141, in _wrapped
    return await self._propagate_event(
           ^^^^^^^^^^^^^^^^^^^^^^^^^^^^
        observer=observer, update_type=update_type, event=telegram_event, **data
        ^^^^^^^^^^^^^^^^^^^^^^^^^^^^^^^^^^^^^^^^^^^^^^^^^^^^^^^^^^^^^^^^^^^^^^^^
    )
    ^
  File "C:\Users\arsry\AppData\Local\Programs\Python\Python313\Lib\site-packages\aiogram\dispatcher\router.py", line 174, in _propagate_event
    response = await router.propagate_event(update_type=update_type, event=event, **kwargs)
               ^^^^^^^^^^^^^^^^^^^^^^^^^^^^^^^^^^^^^^^^^^^^^^^^^^^^^^^^^^^^^^^^^^^^^^^^^^^^
  File "C:\Users\arsry\AppData\Local\Programs\Python\Python313\Lib\site-packages\aiogram\dispatcher\router.py", line 146, in propagate_event
    return await observer.wrap_outer_middleware(_wrapped, event=event, data=kwargs)
           ^^^^^^^^^^^^^^^^^^^^^^^^^^^^^^^^^^^^^^^^^^^^^^^^^^^^^^^^^^^^^^^^^^^^^^^^
  File "C:\Users\arsry\AppData\Local\Programs\Python\Python313\Lib\site-packages\aiogram\dispatcher\router.py", line 141, in _wrapped
    return await self._propagate_event(
           ^^^^^^^^^^^^^^^^^^^^^^^^^^^^
        observer=observer, update_type=update_type, event=telegram_event, **data
        ^^^^^^^^^^^^^^^^^^^^^^^^^^^^^^^^^^^^^^^^^^^^^^^^^^^^^^^^^^^^^^^^^^^^^^^^
    )
    ^
  File "C:\Users\arsry\AppData\Local\Programs\Python\Python313\Lib\site-packages\aiogram\dispatcher\router.py", line 166, in _propagate_event
    response = await observer.trigger(event, **kwargs)
               ^^^^^^^^^^^^^^^^^^^^^^^^^^^^^^^^^^^^^^^
  File "C:\Users\arsry\AppData\Local\Programs\Python\Python313\Lib\site-packages\aiogram\dispatcher\event\telegram.py", line 121, in trigger
    return await wrapped_inner(event, kwargs)
           ^^^^^^^^^^^^^^^^^^^^^^^^^^^^^^^^^^
  File "C:\Users\arsry\AppData\Local\Programs\Python\Python313\Lib\site-packages\aiogram\dispatcher\event\handler.py", line 43, in call
    return await wrapped()
           ^^^^^^^^^^^^^^^
  File "C:\Users\arsry\OneDrive\Рабочий стол\запись на секции\tg_bot\routers\unsub.py", line 38, in select_section
    await callback_query.message.edit_text('Секцию, чтобы отписаться',reply_markup=make_kb_list(ls, 'Выйти'))
  File "C:\Users\arsry\AppData\Local\Programs\Python\Python313\Lib\site-packages\aiogram\methods\base.py", line 84, in emit
    return await bot(self)
           ^^^^^^^^^^^^^^^
  File "C:\Users\arsry\AppData\Local\Programs\Python\Python313\Lib\site-packages\aiogram\client\bot.py", line 478, in __call__
    return await self.session(self, method, timeout=request_timeout)
           ^^^^^^^^^^^^^^^^^^^^^^^^^^^^^^^^^^^^^^^^^^^^^^^^^^^^^^^^^
  File "C:\Users\arsry\AppData\Local\Programs\Python\Python313\Lib\site-packages\aiogram\client\session\base.py", line 254, in __call__
    return cast(TelegramType, await middleware(bot, method))
                              ^^^^^^^^^^^^^^^^^^^^^^^^^^^^^
  File "C:\Users\arsry\AppData\Local\Programs\Python\Python313\Lib\site-packages\aiogram\client\session\aiohttp.py", line 185, in make_request
    response = self.check_response(
        bot=bot, method=method, status_code=resp.status, content=raw_result
    )
  File "C:\Users\arsry\AppData\Local\Programs\Python\Python313\Lib\site-packages\aiogram\client\session\base.py", line 120, in check_response
    raise TelegramBadRequest(method=method, message=description)
aiogram.exceptions.TelegramBadRequest: Telegram server says - Bad Request: message is not modified: specified new message content and reply markup are exactly the same as a current content and reply markup of the message
[2026-01-21 22:21:42] INFO in dispatcher: Start polling
[2026-01-21 22:21:42] INFO in dispatcher: Run polling for bot @prot_xafda_bot id=7616289372 - 'prot_bot'
[2026-01-21 22:21:44] INFO in dispatcher: Update id=219029695 is handled. Duration 197 ms by bot id=7616289372
[2026-01-21 22:21:45] INFO in dispatcher: Update id=219029696 is handled. Duration 146 ms by bot id=7616289372
[2026-01-21 22:24:08] INFO in dispatcher: Start polling
[2026-01-21 22:24:08] INFO in dispatcher: Run polling for bot @prot_xafda_bot id=7616289372 - 'prot_bot'
[2026-01-21 22:24:43] INFO in dispatcher: Update id=219029697 is handled. Duration 231 ms by bot id=7616289372
[2026-01-21 22:24:44] INFO in dispatcher: Update id=219029698 is handled. Duration 165 ms by bot id=7616289372
[2026-01-21 22:27:15] ERROR in dispatcher: Failed to fetch updates - TelegramNetworkError: HTTP Client says - Request timeout error
[2026-01-21 22:27:15] WARNING in dispatcher: Sleep for 1.000000 seconds and try again... (tryings = 0, bot id = 7616289372)
[2026-01-21 22:27:26] INFO in dispatcher: Connection established (tryings = 1, bot id = 7616289372)
[2026-01-21 22:30:33] INFO in dispatcher: Start polling
[2026-01-21 22:30:33] INFO in dispatcher: Run polling for bot @prot_xafda_bot id=7616289372 - 'prot_bot'
[2026-01-21 22:30:34] INFO in dispatcher: Update id=219029699 is handled. Duration 197 ms by bot id=7616289372
[2026-01-21 22:30:35] INFO in dispatcher: Update id=219029700 is handled. Duration 126 ms by bot id=7616289372
[2026-01-21 22:31:04] INFO in dispatcher: Start polling
[2026-01-21 22:31:04] INFO in dispatcher: Run polling for bot @prot_xafda_bot id=7616289372 - 'prot_bot'
[2026-01-21 22:31:06] INFO in dispatcher: Update id=219029701 is handled. Duration 306 ms by bot id=7616289372
[2026-01-21 22:31:13] INFO in dispatcher: Update id=219029702 is handled. Duration 149 ms by bot id=7616289372
[2026-01-21 22:33:14] ERROR in dispatcher: Failed to fetch updates - TelegramNetworkError: HTTP Client says - Request timeout error
[2026-01-21 22:33:14] WARNING in dispatcher: Sleep for 1.000000 seconds and try again... (tryings = 0, bot id = 7616289372)
[2026-01-21 22:33:25] INFO in dispatcher: Connection established (tryings = 1, bot id = 7616289372)
[2026-01-21 22:37:07] ERROR in dispatcher: Failed to fetch updates - TelegramNetworkError: HTTP Client says - Request timeout error
[2026-01-21 22:37:07] WARNING in dispatcher: Sleep for 1.000000 seconds and try again... (tryings = 0, bot id = 7616289372)
[2026-01-21 22:37:18] INFO in dispatcher: Connection established (tryings = 1, bot id = 7616289372)
[2026-01-21 22:38:55] INFO in dispatcher: Start polling
[2026-01-21 22:38:55] INFO in dispatcher: Run polling for bot @prot_xafda_bot id=7616289372 - 'prot_bot'
[2026-01-21 22:40:07] INFO in dispatcher: Update id=219029703 is handled. Duration 222 ms by bot id=7616289372
[2026-01-21 22:40:08] INFO in dispatcher: Update id=219029704 is not handled. Duration 85 ms by bot id=7616289372
[2026-01-21 22:40:08] ERROR in dispatcher: Cause exception while process update id=219029704 by bot id=7616289372
KeyError: 'day'
Traceback (most recent call last):
  File "C:\Users\arsry\AppData\Local\Programs\Python\Python313\Lib\site-packages\aiogram\dispatcher\dispatcher.py", line 309, in _process_update
    response = await self.feed_update(bot, update, **kwargs)
               ^^^^^^^^^^^^^^^^^^^^^^^^^^^^^^^^^^^^^^^^^^^^^
  File "C:\Users\arsry\AppData\Local\Programs\Python\Python313\Lib\site-packages\aiogram\dispatcher\dispatcher.py", line 158, in feed_update
    response = await self.update.wrap_outer_middleware(
               ^^^^^^^^^^^^^^^^^^^^^^^^^^^^^^^^^^^^^^^^
    ...<7 lines>...
    )
    ^
  File "C:\Users\arsry\AppData\Local\Programs\Python\Python313\Lib\site-packages\aiogram\dispatcher\middlewares\error.py", line 25, in __call__
    return await handler(event, data)
           ^^^^^^^^^^^^^^^^^^^^^^^^^^
  File "C:\Users\arsry\AppData\Local\Programs\Python\Python313\Lib\site-packages\aiogram\dispatcher\middlewares\user_context.py", line 56, in __call__
    return await handler(event, data)
           ^^^^^^^^^^^^^^^^^^^^^^^^^^
  File "C:\Users\arsry\AppData\Local\Programs\Python\Python313\Lib\site-packages\aiogram\fsm\middleware.py", line 42, in __call__
    return await handler(event, data)
           ^^^^^^^^^^^^^^^^^^^^^^^^^^
  File "C:\Users\arsry\AppData\Local\Programs\Python\Python313\Lib\site-packages\aiogram\dispatcher\event\telegram.py", line 121, in trigger
    return await wrapped_inner(event, kwargs)
           ^^^^^^^^^^^^^^^^^^^^^^^^^^^^^^^^^^
  File "C:\Users\arsry\AppData\Local\Programs\Python\Python313\Lib\site-packages\aiogram\dispatcher\event\handler.py", line 43, in call
    return await wrapped()
           ^^^^^^^^^^^^^^^
  File "C:\Users\arsry\AppData\Local\Programs\Python\Python313\Lib\site-packages\aiogram\dispatcher\dispatcher.py", line 276, in _listen_update
    return await self.propagate_event(update_type=update_type, event=event, **kwargs)
           ^^^^^^^^^^^^^^^^^^^^^^^^^^^^^^^^^^^^^^^^^^^^^^^^^^^^^^^^^^^^^^^^^^^^^^^^^^
  File "C:\Users\arsry\AppData\Local\Programs\Python\Python313\Lib\site-packages\aiogram\dispatcher\router.py", line 146, in propagate_event
    return await observer.wrap_outer_middleware(_wrapped, event=event, data=kwargs)
           ^^^^^^^^^^^^^^^^^^^^^^^^^^^^^^^^^^^^^^^^^^^^^^^^^^^^^^^^^^^^^^^^^^^^^^^^
  File "C:\Users\arsry\AppData\Local\Programs\Python\Python313\Lib\site-packages\aiogram\dispatcher\router.py", line 141, in _wrapped
    return await self._propagate_event(
           ^^^^^^^^^^^^^^^^^^^^^^^^^^^^
        observer=observer, update_type=update_type, event=telegram_event, **data
        ^^^^^^^^^^^^^^^^^^^^^^^^^^^^^^^^^^^^^^^^^^^^^^^^^^^^^^^^^^^^^^^^^^^^^^^^
    )
    ^
  File "C:\Users\arsry\AppData\Local\Programs\Python\Python313\Lib\site-packages\aiogram\dispatcher\router.py", line 174, in _propagate_event
    response = await router.propagate_event(update_type=update_type, event=event, **kwargs)
               ^^^^^^^^^^^^^^^^^^^^^^^^^^^^^^^^^^^^^^^^^^^^^^^^^^^^^^^^^^^^^^^^^^^^^^^^^^^^
  File "C:\Users\arsry\AppData\Local\Programs\Python\Python313\Lib\site-packages\aiogram\dispatcher\router.py", line 146, in propagate_event
    return await observer.wrap_outer_middleware(_wrapped, event=event, data=kwargs)
           ^^^^^^^^^^^^^^^^^^^^^^^^^^^^^^^^^^^^^^^^^^^^^^^^^^^^^^^^^^^^^^^^^^^^^^^^
  File "C:\Users\arsry\AppData\Local\Programs\Python\Python313\Lib\site-packages\aiogram\dispatcher\router.py", line 141, in _wrapped
    return await self._propagate_event(
           ^^^^^^^^^^^^^^^^^^^^^^^^^^^^
        observer=observer, update_type=update_type, event=telegram_event, **data
        ^^^^^^^^^^^^^^^^^^^^^^^^^^^^^^^^^^^^^^^^^^^^^^^^^^^^^^^^^^^^^^^^^^^^^^^^
    )
    ^
  File "C:\Users\arsry\AppData\Local\Programs\Python\Python313\Lib\site-packages\aiogram\dispatcher\router.py", line 166, in _propagate_event
    response = await observer.trigger(event, **kwargs)
               ^^^^^^^^^^^^^^^^^^^^^^^^^^^^^^^^^^^^^^^
  File "C:\Users\arsry\AppData\Local\Programs\Python\Python313\Lib\site-packages\aiogram\dispatcher\event\telegram.py", line 121, in trigger
    return await wrapped_inner(event, kwargs)
           ^^^^^^^^^^^^^^^^^^^^^^^^^^^^^^^^^^
  File "C:\Users\arsry\AppData\Local\Programs\Python\Python313\Lib\site-packages\aiogram\dispatcher\event\handler.py", line 43, in call
    return await wrapped()
           ^^^^^^^^^^^^^^^
  File "C:\Users\arsry\OneDrive\Рабочий стол\запись на секции\tg_bot\routers\unsub.py", line 40, in select_section
    ls = [f"{i['section']}, {i['day']}, {i['time']}" for i in records]
                             ~^^^^^^^
KeyError: 'day'
[2026-01-21 22:40:47] INFO in dispatcher: Start polling
[2026-01-21 22:40:47] INFO in dispatcher: Run polling for bot @prot_xafda_bot id=7616289372 - 'prot_bot'
[2026-01-21 22:40:50] INFO in dispatcher: Update id=219029705 is handled. Duration 231 ms by bot id=7616289372
[2026-01-21 22:40:57] INFO in dispatcher: Update id=219029706 is handled. Duration 184 ms by bot id=7616289372
[2026-01-21 22:40:58] INFO in dispatcher: Update id=219029707 is not handled. Duration 5 ms by bot id=7616289372
[2026-01-21 22:40:58] ERROR in dispatcher: Cause exception while process update id=219029707 by bot id=7616289372
TypeError: list indices must be integers or slices, not str
Traceback (most recent call last):
  File "C:\Users\arsry\AppData\Local\Programs\Python\Python313\Lib\site-packages\aiogram\dispatcher\dispatcher.py", line 309, in _process_update
    response = await self.feed_update(bot, update, **kwargs)
               ^^^^^^^^^^^^^^^^^^^^^^^^^^^^^^^^^^^^^^^^^^^^^
  File "C:\Users\arsry\AppData\Local\Programs\Python\Python313\Lib\site-packages\aiogram\dispatcher\dispatcher.py", line 158, in feed_update
    response = await self.update.wrap_outer_middleware(
               ^^^^^^^^^^^^^^^^^^^^^^^^^^^^^^^^^^^^^^^^
    ...<7 lines>...
    )
    ^
  File "C:\Users\arsry\AppData\Local\Programs\Python\Python313\Lib\site-packages\aiogram\dispatcher\middlewares\error.py", line 25, in __call__
    return await handler(event, data)
           ^^^^^^^^^^^^^^^^^^^^^^^^^^
  File "C:\Users\arsry\AppData\Local\Programs\Python\Python313\Lib\site-packages\aiogram\dispatcher\middlewares\user_context.py", line 56, in __call__
    return await handler(event, data)
           ^^^^^^^^^^^^^^^^^^^^^^^^^^
  File "C:\Users\arsry\AppData\Local\Programs\Python\Python313\Lib\site-packages\aiogram\fsm\middleware.py", line 42, in __call__
    return await handler(event, data)
           ^^^^^^^^^^^^^^^^^^^^^^^^^^
  File "C:\Users\arsry\AppData\Local\Programs\Python\Python313\Lib\site-packages\aiogram\dispatcher\event\telegram.py", line 121, in trigger
    return await wrapped_inner(event, kwargs)
           ^^^^^^^^^^^^^^^^^^^^^^^^^^^^^^^^^^
  File "C:\Users\arsry\AppData\Local\Programs\Python\Python313\Lib\site-packages\aiogram\dispatcher\event\handler.py", line 43, in call
    return await wrapped()
           ^^^^^^^^^^^^^^^
  File "C:\Users\arsry\AppData\Local\Programs\Python\Python313\Lib\site-packages\aiogram\dispatcher\dispatcher.py", line 276, in _listen_update
    return await self.propagate_event(update_type=update_type, event=event, **kwargs)
           ^^^^^^^^^^^^^^^^^^^^^^^^^^^^^^^^^^^^^^^^^^^^^^^^^^^^^^^^^^^^^^^^^^^^^^^^^^
  File "C:\Users\arsry\AppData\Local\Programs\Python\Python313\Lib\site-packages\aiogram\dispatcher\router.py", line 146, in propagate_event
    return await observer.wrap_outer_middleware(_wrapped, event=event, data=kwargs)
           ^^^^^^^^^^^^^^^^^^^^^^^^^^^^^^^^^^^^^^^^^^^^^^^^^^^^^^^^^^^^^^^^^^^^^^^^
  File "C:\Users\arsry\AppData\Local\Programs\Python\Python313\Lib\site-packages\aiogram\dispatcher\router.py", line 141, in _wrapped
    return await self._propagate_event(
           ^^^^^^^^^^^^^^^^^^^^^^^^^^^^
        observer=observer, update_type=update_type, event=telegram_event, **data
        ^^^^^^^^^^^^^^^^^^^^^^^^^^^^^^^^^^^^^^^^^^^^^^^^^^^^^^^^^^^^^^^^^^^^^^^^
    )
    ^
  File "C:\Users\arsry\AppData\Local\Programs\Python\Python313\Lib\site-packages\aiogram\dispatcher\router.py", line 174, in _propagate_event
    response = await router.propagate_event(update_type=update_type, event=event, **kwargs)
               ^^^^^^^^^^^^^^^^^^^^^^^^^^^^^^^^^^^^^^^^^^^^^^^^^^^^^^^^^^^^^^^^^^^^^^^^^^^^
  File "C:\Users\arsry\AppData\Local\Programs\Python\Python313\Lib\site-packages\aiogram\dispatcher\router.py", line 146, in propagate_event
    return await observer.wrap_outer_middleware(_wrapped, event=event, data=kwargs)
           ^^^^^^^^^^^^^^^^^^^^^^^^^^^^^^^^^^^^^^^^^^^^^^^^^^^^^^^^^^^^^^^^^^^^^^^^
  File "C:\Users\arsry\AppData\Local\Programs\Python\Python313\Lib\site-packages\aiogram\dispatcher\router.py", line 141, in _wrapped
    return await self._propagate_event(
           ^^^^^^^^^^^^^^^^^^^^^^^^^^^^
        observer=observer, update_type=update_type, event=telegram_event, **data
        ^^^^^^^^^^^^^^^^^^^^^^^^^^^^^^^^^^^^^^^^^^^^^^^^^^^^^^^^^^^^^^^^^^^^^^^^
    )
    ^
  File "C:\Users\arsry\AppData\Local\Programs\Python\Python313\Lib\site-packages\aiogram\dispatcher\router.py", line 166, in _propagate_event
    response = await observer.trigger(event, **kwargs)
               ^^^^^^^^^^^^^^^^^^^^^^^^^^^^^^^^^^^^^^^
  File "C:\Users\arsry\AppData\Local\Programs\Python\Python313\Lib\site-packages\aiogram\dispatcher\event\telegram.py", line 121, in trigger
    return await wrapped_inner(event, kwargs)
           ^^^^^^^^^^^^^^^^^^^^^^^^^^^^^^^^^^
  File "C:\Users\arsry\AppData\Local\Programs\Python\Python313\Lib\site-packages\aiogram\dispatcher\event\handler.py", line 43, in call
    return await wrapped()
           ^^^^^^^^^^^^^^^
  File "C:\Users\arsry\OneDrive\Рабочий стол\запись на секции\tg_bot\routers\unsub.py", line 47, in select_conf_del
    record = data['records'][num]
             ~~~~~~~~~~~~~~~^^^^^
TypeError: list indices must be integers or slices, not str
[2026-01-21 22:41:46] INFO in dispatcher: Start polling
[2026-01-21 22:41:46] INFO in dispatcher: Run polling for bot @prot_xafda_bot id=7616289372 - 'prot_bot'
[2026-01-21 22:41:47] INFO in dispatcher: Update id=219029708 is handled. Duration 304 ms by bot id=7616289372
[2026-01-21 22:41:48] INFO in dispatcher: Update id=219029709 is handled. Duration 115 ms by bot id=7616289372
[2026-01-21 22:41:48] INFO in dispatcher: Update id=219029710 is not handled. Duration 57 ms by bot id=7616289372
[2026-01-21 22:41:48] ERROR in dispatcher: Cause exception while process update id=219029710 by bot id=7616289372
TypeError: list indices must be integers or slices, not str
Traceback (most recent call last):
  File "C:\Users\arsry\AppData\Local\Programs\Python\Python313\Lib\site-packages\aiogram\dispatcher\dispatcher.py", line 309, in _process_update
    response = await self.feed_update(bot, update, **kwargs)
               ^^^^^^^^^^^^^^^^^^^^^^^^^^^^^^^^^^^^^^^^^^^^^
  File "C:\Users\arsry\AppData\Local\Programs\Python\Python313\Lib\site-packages\aiogram\dispatcher\dispatcher.py", line 158, in feed_update
    response = await self.update.wrap_outer_middleware(
               ^^^^^^^^^^^^^^^^^^^^^^^^^^^^^^^^^^^^^^^^
    ...<7 lines>...
    )
    ^
  File "C:\Users\arsry\AppData\Local\Programs\Python\Python313\Lib\site-packages\aiogram\dispatcher\middlewares\error.py", line 25, in __call__
    return await handler(event, data)
           ^^^^^^^^^^^^^^^^^^^^^^^^^^
  File "C:\Users\arsry\AppData\Local\Programs\Python\Python313\Lib\site-packages\aiogram\dispatcher\middlewares\user_context.py", line 56, in __call__
    return await handler(event, data)
           ^^^^^^^^^^^^^^^^^^^^^^^^^^
  File "C:\Users\arsry\AppData\Local\Programs\Python\Python313\Lib\site-packages\aiogram\fsm\middleware.py", line 42, in __call__
    return await handler(event, data)
           ^^^^^^^^^^^^^^^^^^^^^^^^^^
  File "C:\Users\arsry\AppData\Local\Programs\Python\Python313\Lib\site-packages\aiogram\dispatcher\event\telegram.py", line 121, in trigger
    return await wrapped_inner(event, kwargs)
           ^^^^^^^^^^^^^^^^^^^^^^^^^^^^^^^^^^
  File "C:\Users\arsry\AppData\Local\Programs\Python\Python313\Lib\site-packages\aiogram\dispatcher\event\handler.py", line 43, in call
    return await wrapped()
           ^^^^^^^^^^^^^^^
  File "C:\Users\arsry\AppData\Local\Programs\Python\Python313\Lib\site-packages\aiogram\dispatcher\dispatcher.py", line 276, in _listen_update
    return await self.propagate_event(update_type=update_type, event=event, **kwargs)
           ^^^^^^^^^^^^^^^^^^^^^^^^^^^^^^^^^^^^^^^^^^^^^^^^^^^^^^^^^^^^^^^^^^^^^^^^^^
  File "C:\Users\arsry\AppData\Local\Programs\Python\Python313\Lib\site-packages\aiogram\dispatcher\router.py", line 146, in propagate_event
    return await observer.wrap_outer_middleware(_wrapped, event=event, data=kwargs)
           ^^^^^^^^^^^^^^^^^^^^^^^^^^^^^^^^^^^^^^^^^^^^^^^^^^^^^^^^^^^^^^^^^^^^^^^^
  File "C:\Users\arsry\AppData\Local\Programs\Python\Python313\Lib\site-packages\aiogram\dispatcher\router.py", line 141, in _wrapped
    return await self._propagate_event(
           ^^^^^^^^^^^^^^^^^^^^^^^^^^^^
        observer=observer, update_type=update_type, event=telegram_event, **data
        ^^^^^^^^^^^^^^^^^^^^^^^^^^^^^^^^^^^^^^^^^^^^^^^^^^^^^^^^^^^^^^^^^^^^^^^^
    )
    ^
  File "C:\Users\arsry\AppData\Local\Programs\Python\Python313\Lib\site-packages\aiogram\dispatcher\router.py", line 174, in _propagate_event
    response = await router.propagate_event(update_type=update_type, event=event, **kwargs)
               ^^^^^^^^^^^^^^^^^^^^^^^^^^^^^^^^^^^^^^^^^^^^^^^^^^^^^^^^^^^^^^^^^^^^^^^^^^^^
  File "C:\Users\arsry\AppData\Local\Programs\Python\Python313\Lib\site-packages\aiogram\dispatcher\router.py", line 146, in propagate_event
    return await observer.wrap_outer_middleware(_wrapped, event=event, data=kwargs)
           ^^^^^^^^^^^^^^^^^^^^^^^^^^^^^^^^^^^^^^^^^^^^^^^^^^^^^^^^^^^^^^^^^^^^^^^^
  File "C:\Users\arsry\AppData\Local\Programs\Python\Python313\Lib\site-packages\aiogram\dispatcher\router.py", line 141, in _wrapped
    return await self._propagate_event(
           ^^^^^^^^^^^^^^^^^^^^^^^^^^^^
        observer=observer, update_type=update_type, event=telegram_event, **data
        ^^^^^^^^^^^^^^^^^^^^^^^^^^^^^^^^^^^^^^^^^^^^^^^^^^^^^^^^^^^^^^^^^^^^^^^^
    )
    ^
  File "C:\Users\arsry\AppData\Local\Programs\Python\Python313\Lib\site-packages\aiogram\dispatcher\router.py", line 166, in _propagate_event
    response = await observer.trigger(event, **kwargs)
               ^^^^^^^^^^^^^^^^^^^^^^^^^^^^^^^^^^^^^^^
  File "C:\Users\arsry\AppData\Local\Programs\Python\Python313\Lib\site-packages\aiogram\dispatcher\event\telegram.py", line 121, in trigger
    return await wrapped_inner(event, kwargs)
           ^^^^^^^^^^^^^^^^^^^^^^^^^^^^^^^^^^
  File "C:\Users\arsry\AppData\Local\Programs\Python\Python313\Lib\site-packages\aiogram\dispatcher\event\handler.py", line 43, in call
    return await wrapped()
           ^^^^^^^^^^^^^^^
  File "C:\Users\arsry\OneDrive\Рабочий стол\запись на секции\tg_bot\routers\unsub.py", line 48, in select_conf_del
    record = data['records'][num]
             ~~~~~~~~~~~~~~~^^^^^
TypeError: list indices must be integers or slices, not str
[2026-01-21 22:42:24] INFO in dispatcher: Start polling
[2026-01-21 22:42:24] INFO in dispatcher: Run polling for bot @prot_xafda_bot id=7616289372 - 'prot_bot'
[2026-01-21 22:42:24] INFO in dispatcher: Update id=219029711 is handled. Duration 191 ms by bot id=7616289372
[2026-01-21 22:42:26] INFO in dispatcher: Update id=219029712 is handled. Duration 136 ms by bot id=7616289372
[2026-01-21 22:42:26] INFO in dispatcher: Update id=219029713 is not handled. Duration 4 ms by bot id=7616289372
[2026-01-21 22:42:26] ERROR in dispatcher: Cause exception while process update id=219029713 by bot id=7616289372
KeyError: 'day'
Traceback (most recent call last):
  File "C:\Users\arsry\AppData\Local\Programs\Python\Python313\Lib\site-packages\aiogram\dispatcher\dispatcher.py", line 309, in _process_update
    response = await self.feed_update(bot, update, **kwargs)
               ^^^^^^^^^^^^^^^^^^^^^^^^^^^^^^^^^^^^^^^^^^^^^
  File "C:\Users\arsry\AppData\Local\Programs\Python\Python313\Lib\site-packages\aiogram\dispatcher\dispatcher.py", line 158, in feed_update
    response = await self.update.wrap_outer_middleware(
               ^^^^^^^^^^^^^^^^^^^^^^^^^^^^^^^^^^^^^^^^
    ...<7 lines>...
    )
    ^
  File "C:\Users\arsry\AppData\Local\Programs\Python\Python313\Lib\site-packages\aiogram\dispatcher\middlewares\error.py", line 25, in __call__
    return await handler(event, data)
           ^^^^^^^^^^^^^^^^^^^^^^^^^^
  File "C:\Users\arsry\AppData\Local\Programs\Python\Python313\Lib\site-packages\aiogram\dispatcher\middlewares\user_context.py", line 56, in __call__
    return await handler(event, data)
           ^^^^^^^^^^^^^^^^^^^^^^^^^^
  File "C:\Users\arsry\AppData\Local\Programs\Python\Python313\Lib\site-packages\aiogram\fsm\middleware.py", line 42, in __call__
    return await handler(event, data)
           ^^^^^^^^^^^^^^^^^^^^^^^^^^
  File "C:\Users\arsry\AppData\Local\Programs\Python\Python313\Lib\site-packages\aiogram\dispatcher\event\telegram.py", line 121, in trigger
    return await wrapped_inner(event, kwargs)
           ^^^^^^^^^^^^^^^^^^^^^^^^^^^^^^^^^^
  File "C:\Users\arsry\AppData\Local\Programs\Python\Python313\Lib\site-packages\aiogram\dispatcher\event\handler.py", line 43, in call
    return await wrapped()
           ^^^^^^^^^^^^^^^
  File "C:\Users\arsry\AppData\Local\Programs\Python\Python313\Lib\site-packages\aiogram\dispatcher\dispatcher.py", line 276, in _listen_update
    return await self.propagate_event(update_type=update_type, event=event, **kwargs)
           ^^^^^^^^^^^^^^^^^^^^^^^^^^^^^^^^^^^^^^^^^^^^^^^^^^^^^^^^^^^^^^^^^^^^^^^^^^
  File "C:\Users\arsry\AppData\Local\Programs\Python\Python313\Lib\site-packages\aiogram\dispatcher\router.py", line 146, in propagate_event
    return await observer.wrap_outer_middleware(_wrapped, event=event, data=kwargs)
           ^^^^^^^^^^^^^^^^^^^^^^^^^^^^^^^^^^^^^^^^^^^^^^^^^^^^^^^^^^^^^^^^^^^^^^^^
  File "C:\Users\arsry\AppData\Local\Programs\Python\Python313\Lib\site-packages\aiogram\dispatcher\router.py", line 141, in _wrapped
    return await self._propagate_event(
           ^^^^^^^^^^^^^^^^^^^^^^^^^^^^
        observer=observer, update_type=update_type, event=telegram_event, **data
        ^^^^^^^^^^^^^^^^^^^^^^^^^^^^^^^^^^^^^^^^^^^^^^^^^^^^^^^^^^^^^^^^^^^^^^^^
    )
    ^
  File "C:\Users\arsry\AppData\Local\Programs\Python\Python313\Lib\site-packages\aiogram\dispatcher\router.py", line 174, in _propagate_event
    response = await router.propagate_event(update_type=update_type, event=event, **kwargs)
               ^^^^^^^^^^^^^^^^^^^^^^^^^^^^^^^^^^^^^^^^^^^^^^^^^^^^^^^^^^^^^^^^^^^^^^^^^^^^
  File "C:\Users\arsry\AppData\Local\Programs\Python\Python313\Lib\site-packages\aiogram\dispatcher\router.py", line 146, in propagate_event
    return await observer.wrap_outer_middleware(_wrapped, event=event, data=kwargs)
           ^^^^^^^^^^^^^^^^^^^^^^^^^^^^^^^^^^^^^^^^^^^^^^^^^^^^^^^^^^^^^^^^^^^^^^^^
  File "C:\Users\arsry\AppData\Local\Programs\Python\Python313\Lib\site-packages\aiogram\dispatcher\router.py", line 141, in _wrapped
    return await self._propagate_event(
           ^^^^^^^^^^^^^^^^^^^^^^^^^^^^
        observer=observer, update_type=update_type, event=telegram_event, **data
        ^^^^^^^^^^^^^^^^^^^^^^^^^^^^^^^^^^^^^^^^^^^^^^^^^^^^^^^^^^^^^^^^^^^^^^^^
    )
    ^
  File "C:\Users\arsry\AppData\Local\Programs\Python\Python313\Lib\site-packages\aiogram\dispatcher\router.py", line 166, in _propagate_event
    response = await observer.trigger(event, **kwargs)
               ^^^^^^^^^^^^^^^^^^^^^^^^^^^^^^^^^^^^^^^
  File "C:\Users\arsry\AppData\Local\Programs\Python\Python313\Lib\site-packages\aiogram\dispatcher\event\telegram.py", line 121, in trigger
    return await wrapped_inner(event, kwargs)
           ^^^^^^^^^^^^^^^^^^^^^^^^^^^^^^^^^^
  File "C:\Users\arsry\AppData\Local\Programs\Python\Python313\Lib\site-packages\aiogram\dispatcher\event\handler.py", line 43, in call
    return await wrapped()
           ^^^^^^^^^^^^^^^
  File "C:\Users\arsry\OneDrive\Рабочий стол\запись на секции\tg_bot\routers\unsub.py", line 48, in select_conf_del
    await callback_query.message.edit_text(f"Подтвердите удаление:\n\n{record['section']}\n{record['day']}\n{record['time']}",reply_markup=confirm_kb)
                                                                                            ~~~~~~^^^^^^^
KeyError: 'day'
[2026-01-21 22:43:20] INFO in dispatcher: Start polling
[2026-01-21 22:43:21] INFO in dispatcher: Run polling for bot @prot_xafda_bot id=7616289372 - 'prot_bot'
[2026-01-21 22:43:21] INFO in dispatcher: Update id=219029714 is handled. Duration 188 ms by bot id=7616289372
[2026-01-21 22:43:24] INFO in dispatcher: Update id=219029715 is handled. Duration 117 ms by bot id=7616289372
[2026-01-21 22:43:25] INFO in dispatcher: Update id=219029716 is handled. Duration 68 ms by bot id=7616289372
[2026-01-21 22:43:28] INFO in dispatcher: Update id=219029717 is not handled. Duration 5 ms by bot id=7616289372
[2026-01-21 22:43:28] ERROR in dispatcher: Cause exception while process update id=219029717 by bot id=7616289372
KeyError: 'records'
Traceback (most recent call last):
  File "C:\Users\arsry\AppData\Local\Programs\Python\Python313\Lib\site-packages\aiogram\dispatcher\dispatcher.py", line 309, in _process_update
    response = await self.feed_update(bot, update, **kwargs)
               ^^^^^^^^^^^^^^^^^^^^^^^^^^^^^^^^^^^^^^^^^^^^^
  File "C:\Users\arsry\AppData\Local\Programs\Python\Python313\Lib\site-packages\aiogram\dispatcher\dispatcher.py", line 158, in feed_update
    response = await self.update.wrap_outer_middleware(
               ^^^^^^^^^^^^^^^^^^^^^^^^^^^^^^^^^^^^^^^^
    ...<7 lines>...
    )
    ^
  File "C:\Users\arsry\AppData\Local\Programs\Python\Python313\Lib\site-packages\aiogram\dispatcher\middlewares\error.py", line 25, in __call__
    return await handler(event, data)
           ^^^^^^^^^^^^^^^^^^^^^^^^^^
  File "C:\Users\arsry\AppData\Local\Programs\Python\Python313\Lib\site-packages\aiogram\dispatcher\middlewares\user_context.py", line 56, in __call__
    return await handler(event, data)
           ^^^^^^^^^^^^^^^^^^^^^^^^^^
  File "C:\Users\arsry\AppData\Local\Programs\Python\Python313\Lib\site-packages\aiogram\fsm\middleware.py", line 42, in __call__
    return await handler(event, data)
           ^^^^^^^^^^^^^^^^^^^^^^^^^^
  File "C:\Users\arsry\AppData\Local\Programs\Python\Python313\Lib\site-packages\aiogram\dispatcher\event\telegram.py", line 121, in trigger
    return await wrapped_inner(event, kwargs)
           ^^^^^^^^^^^^^^^^^^^^^^^^^^^^^^^^^^
  File "C:\Users\arsry\AppData\Local\Programs\Python\Python313\Lib\site-packages\aiogram\dispatcher\event\handler.py", line 43, in call
    return await wrapped()
           ^^^^^^^^^^^^^^^
  File "C:\Users\arsry\AppData\Local\Programs\Python\Python313\Lib\site-packages\aiogram\dispatcher\dispatcher.py", line 276, in _listen_update
    return await self.propagate_event(update_type=update_type, event=event, **kwargs)
           ^^^^^^^^^^^^^^^^^^^^^^^^^^^^^^^^^^^^^^^^^^^^^^^^^^^^^^^^^^^^^^^^^^^^^^^^^^
  File "C:\Users\arsry\AppData\Local\Programs\Python\Python313\Lib\site-packages\aiogram\dispatcher\router.py", line 146, in propagate_event
    return await observer.wrap_outer_middleware(_wrapped, event=event, data=kwargs)
           ^^^^^^^^^^^^^^^^^^^^^^^^^^^^^^^^^^^^^^^^^^^^^^^^^^^^^^^^^^^^^^^^^^^^^^^^
  File "C:\Users\arsry\AppData\Local\Programs\Python\Python313\Lib\site-packages\aiogram\dispatcher\router.py", line 141, in _wrapped
    return await self._propagate_event(
           ^^^^^^^^^^^^^^^^^^^^^^^^^^^^
        observer=observer, update_type=update_type, event=telegram_event, **data
        ^^^^^^^^^^^^^^^^^^^^^^^^^^^^^^^^^^^^^^^^^^^^^^^^^^^^^^^^^^^^^^^^^^^^^^^^
    )
    ^
  File "C:\Users\arsry\AppData\Local\Programs\Python\Python313\Lib\site-packages\aiogram\dispatcher\router.py", line 174, in _propagate_event
    response = await router.propagate_event(update_type=update_type, event=event, **kwargs)
               ^^^^^^^^^^^^^^^^^^^^^^^^^^^^^^^^^^^^^^^^^^^^^^^^^^^^^^^^^^^^^^^^^^^^^^^^^^^^
  File "C:\Users\arsry\AppData\Local\Programs\Python\Python313\Lib\site-packages\aiogram\dispatcher\router.py", line 146, in propagate_event
    return await observer.wrap_outer_middleware(_wrapped, event=event, data=kwargs)
           ^^^^^^^^^^^^^^^^^^^^^^^^^^^^^^^^^^^^^^^^^^^^^^^^^^^^^^^^^^^^^^^^^^^^^^^^
  File "C:\Users\arsry\AppData\Local\Programs\Python\Python313\Lib\site-packages\aiogram\dispatcher\router.py", line 141, in _wrapped
    return await self._propagate_event(
           ^^^^^^^^^^^^^^^^^^^^^^^^^^^^
        observer=observer, update_type=update_type, event=telegram_event, **data
        ^^^^^^^^^^^^^^^^^^^^^^^^^^^^^^^^^^^^^^^^^^^^^^^^^^^^^^^^^^^^^^^^^^^^^^^^
    )
    ^
  File "C:\Users\arsry\AppData\Local\Programs\Python\Python313\Lib\site-packages\aiogram\dispatcher\router.py", line 166, in _propagate_event
    response = await observer.trigger(event, **kwargs)
               ^^^^^^^^^^^^^^^^^^^^^^^^^^^^^^^^^^^^^^^
  File "C:\Users\arsry\AppData\Local\Programs\Python\Python313\Lib\site-packages\aiogram\dispatcher\event\telegram.py", line 121, in trigger
    return await wrapped_inner(event, kwargs)
           ^^^^^^^^^^^^^^^^^^^^^^^^^^^^^^^^^^
  File "C:\Users\arsry\AppData\Local\Programs\Python\Python313\Lib\site-packages\aiogram\dispatcher\event\handler.py", line 43, in call
    return await wrapped()
           ^^^^^^^^^^^^^^^
  File "C:\Users\arsry\OneDrive\Рабочий стол\запись на секции\tg_bot\routers\unsub.py", line 59, in select_del
    section = data['records'][data['num']]
              ~~~~^^^^^^^^^^^
KeyError: 'records'
[2026-01-21 22:44:53] INFO in dispatcher: Start polling
[2026-01-21 22:44:54] INFO in dispatcher: Run polling for bot @prot_xafda_bot id=7616289372 - 'prot_bot'
[2026-01-21 22:44:54] INFO in dispatcher: Update id=219029718 is handled. Duration 195 ms by bot id=7616289372
[2026-01-21 22:44:55] INFO in dispatcher: Update id=219029719 is handled. Duration 124 ms by bot id=7616289372
[2026-01-21 22:44:55] INFO in dispatcher: Update id=219029720 is handled. Duration 63 ms by bot id=7616289372
[2026-01-21 22:44:56] INFO in dispatcher: Update id=219029721 is not handled. Duration 6 ms by bot id=7616289372
[2026-01-21 22:44:56] ERROR in dispatcher: Cause exception while process update id=219029721 by bot id=7616289372
KeyError: 'records'
Traceback (most recent call last):
  File "C:\Users\arsry\AppData\Local\Programs\Python\Python313\Lib\site-packages\aiogram\dispatcher\dispatcher.py", line 309, in _process_update
    response = await self.feed_update(bot, update, **kwargs)
               ^^^^^^^^^^^^^^^^^^^^^^^^^^^^^^^^^^^^^^^^^^^^^
  File "C:\Users\arsry\AppData\Local\Programs\Python\Python313\Lib\site-packages\aiogram\dispatcher\dispatcher.py", line 158, in feed_update
    response = await self.update.wrap_outer_middleware(
               ^^^^^^^^^^^^^^^^^^^^^^^^^^^^^^^^^^^^^^^^
    ...<7 lines>...
    )
    ^
  File "C:\Users\arsry\AppData\Local\Programs\Python\Python313\Lib\site-packages\aiogram\dispatcher\middlewares\error.py", line 25, in __call__
    return await handler(event, data)
           ^^^^^^^^^^^^^^^^^^^^^^^^^^
  File "C:\Users\arsry\AppData\Local\Programs\Python\Python313\Lib\site-packages\aiogram\dispatcher\middlewares\user_context.py", line 56, in __call__
    return await handler(event, data)
           ^^^^^^^^^^^^^^^^^^^^^^^^^^
  File "C:\Users\arsry\AppData\Local\Programs\Python\Python313\Lib\site-packages\aiogram\fsm\middleware.py", line 42, in __call__
    return await handler(event, data)
           ^^^^^^^^^^^^^^^^^^^^^^^^^^
  File "C:\Users\arsry\AppData\Local\Programs\Python\Python313\Lib\site-packages\aiogram\dispatcher\event\telegram.py", line 121, in trigger
    return await wrapped_inner(event, kwargs)
           ^^^^^^^^^^^^^^^^^^^^^^^^^^^^^^^^^^
  File "C:\Users\arsry\AppData\Local\Programs\Python\Python313\Lib\site-packages\aiogram\dispatcher\event\handler.py", line 43, in call
    return await wrapped()
           ^^^^^^^^^^^^^^^
  File "C:\Users\arsry\AppData\Local\Programs\Python\Python313\Lib\site-packages\aiogram\dispatcher\dispatcher.py", line 276, in _listen_update
    return await self.propagate_event(update_type=update_type, event=event, **kwargs)
           ^^^^^^^^^^^^^^^^^^^^^^^^^^^^^^^^^^^^^^^^^^^^^^^^^^^^^^^^^^^^^^^^^^^^^^^^^^
  File "C:\Users\arsry\AppData\Local\Programs\Python\Python313\Lib\site-packages\aiogram\dispatcher\router.py", line 146, in propagate_event
    return await observer.wrap_outer_middleware(_wrapped, event=event, data=kwargs)
           ^^^^^^^^^^^^^^^^^^^^^^^^^^^^^^^^^^^^^^^^^^^^^^^^^^^^^^^^^^^^^^^^^^^^^^^^
  File "C:\Users\arsry\AppData\Local\Programs\Python\Python313\Lib\site-packages\aiogram\dispatcher\router.py", line 141, in _wrapped
    return await self._propagate_event(
           ^^^^^^^^^^^^^^^^^^^^^^^^^^^^
        observer=observer, update_type=update_type, event=telegram_event, **data
        ^^^^^^^^^^^^^^^^^^^^^^^^^^^^^^^^^^^^^^^^^^^^^^^^^^^^^^^^^^^^^^^^^^^^^^^^
    )
    ^
  File "C:\Users\arsry\AppData\Local\Programs\Python\Python313\Lib\site-packages\aiogram\dispatcher\router.py", line 174, in _propagate_event
    response = await router.propagate_event(update_type=update_type, event=event, **kwargs)
               ^^^^^^^^^^^^^^^^^^^^^^^^^^^^^^^^^^^^^^^^^^^^^^^^^^^^^^^^^^^^^^^^^^^^^^^^^^^^
  File "C:\Users\arsry\AppData\Local\Programs\Python\Python313\Lib\site-packages\aiogram\dispatcher\router.py", line 146, in propagate_event
    return await observer.wrap_outer_middleware(_wrapped, event=event, data=kwargs)
           ^^^^^^^^^^^^^^^^^^^^^^^^^^^^^^^^^^^^^^^^^^^^^^^^^^^^^^^^^^^^^^^^^^^^^^^^
  File "C:\Users\arsry\AppData\Local\Programs\Python\Python313\Lib\site-packages\aiogram\dispatcher\router.py", line 141, in _wrapped
    return await self._propagate_event(
           ^^^^^^^^^^^^^^^^^^^^^^^^^^^^
        observer=observer, update_type=update_type, event=telegram_event, **data
        ^^^^^^^^^^^^^^^^^^^^^^^^^^^^^^^^^^^^^^^^^^^^^^^^^^^^^^^^^^^^^^^^^^^^^^^^
    )
    ^
  File "C:\Users\arsry\AppData\Local\Programs\Python\Python313\Lib\site-packages\aiogram\dispatcher\router.py", line 166, in _propagate_event
    response = await observer.trigger(event, **kwargs)
               ^^^^^^^^^^^^^^^^^^^^^^^^^^^^^^^^^^^^^^^
  File "C:\Users\arsry\AppData\Local\Programs\Python\Python313\Lib\site-packages\aiogram\dispatcher\event\telegram.py", line 121, in trigger
    return await wrapped_inner(event, kwargs)
           ^^^^^^^^^^^^^^^^^^^^^^^^^^^^^^^^^^
  File "C:\Users\arsry\AppData\Local\Programs\Python\Python313\Lib\site-packages\aiogram\dispatcher\event\handler.py", line 43, in call
    return await wrapped()
           ^^^^^^^^^^^^^^^
  File "C:\Users\arsry\OneDrive\Рабочий стол\запись на секции\tg_bot\routers\unsub.py", line 59, in select_del
    record = data['records'][data['num']]
             ~~~~^^^^^^^^^^^
KeyError: 'records'
[2026-01-21 22:45:46] INFO in dispatcher: Start polling
[2026-01-21 22:45:46] INFO in dispatcher: Run polling for bot @prot_xafda_bot id=7616289372 - 'prot_bot'
[2026-01-21 22:45:47] INFO in dispatcher: Update id=219029722 is handled. Duration 189 ms by bot id=7616289372
[2026-01-21 22:45:48] INFO in dispatcher: Update id=219029723 is handled. Duration 124 ms by bot id=7616289372
[2026-01-21 22:45:48] INFO in dispatcher: Update id=219029724 is handled. Duration 70 ms by bot id=7616289372
[2026-01-21 22:45:49] INFO in dispatcher: Update id=219029725 is handled. Duration 104 ms by bot id=7616289372
[2026-01-21 22:45:50] INFO in dispatcher: Update id=219029726 is handled. Duration 101 ms by bot id=7616289372
[2026-01-21 22:45:51] INFO in dispatcher: Update id=219029727 is not handled. Duration 6 ms by bot id=7616289372
[2026-01-21 22:45:51] ERROR in dispatcher: Cause exception while process update id=219029727 by bot id=7616289372
NameError: name 'message' is not defined
Traceback (most recent call last):
  File "C:\Users\arsry\AppData\Local\Programs\Python\Python313\Lib\site-packages\aiogram\dispatcher\dispatcher.py", line 309, in _process_update
    response = await self.feed_update(bot, update, **kwargs)
               ^^^^^^^^^^^^^^^^^^^^^^^^^^^^^^^^^^^^^^^^^^^^^
  File "C:\Users\arsry\AppData\Local\Programs\Python\Python313\Lib\site-packages\aiogram\dispatcher\dispatcher.py", line 158, in feed_update
    response = await self.update.wrap_outer_middleware(
               ^^^^^^^^^^^^^^^^^^^^^^^^^^^^^^^^^^^^^^^^
    ...<7 lines>...
    )
    ^
  File "C:\Users\arsry\AppData\Local\Programs\Python\Python313\Lib\site-packages\aiogram\dispatcher\middlewares\error.py", line 25, in __call__
    return await handler(event, data)
           ^^^^^^^^^^^^^^^^^^^^^^^^^^
  File "C:\Users\arsry\AppData\Local\Programs\Python\Python313\Lib\site-packages\aiogram\dispatcher\middlewares\user_context.py", line 56, in __call__
    return await handler(event, data)
           ^^^^^^^^^^^^^^^^^^^^^^^^^^
  File "C:\Users\arsry\AppData\Local\Programs\Python\Python313\Lib\site-packages\aiogram\fsm\middleware.py", line 42, in __call__
    return await handler(event, data)
           ^^^^^^^^^^^^^^^^^^^^^^^^^^
  File "C:\Users\arsry\AppData\Local\Programs\Python\Python313\Lib\site-packages\aiogram\dispatcher\event\telegram.py", line 121, in trigger
    return await wrapped_inner(event, kwargs)
           ^^^^^^^^^^^^^^^^^^^^^^^^^^^^^^^^^^
  File "C:\Users\arsry\AppData\Local\Programs\Python\Python313\Lib\site-packages\aiogram\dispatcher\event\handler.py", line 43, in call
    return await wrapped()
           ^^^^^^^^^^^^^^^
  File "C:\Users\arsry\AppData\Local\Programs\Python\Python313\Lib\site-packages\aiogram\dispatcher\dispatcher.py", line 276, in _listen_update
    return await self.propagate_event(update_type=update_type, event=event, **kwargs)
           ^^^^^^^^^^^^^^^^^^^^^^^^^^^^^^^^^^^^^^^^^^^^^^^^^^^^^^^^^^^^^^^^^^^^^^^^^^
  File "C:\Users\arsry\AppData\Local\Programs\Python\Python313\Lib\site-packages\aiogram\dispatcher\router.py", line 146, in propagate_event
    return await observer.wrap_outer_middleware(_wrapped, event=event, data=kwargs)
           ^^^^^^^^^^^^^^^^^^^^^^^^^^^^^^^^^^^^^^^^^^^^^^^^^^^^^^^^^^^^^^^^^^^^^^^^
  File "C:\Users\arsry\AppData\Local\Programs\Python\Python313\Lib\site-packages\aiogram\dispatcher\router.py", line 141, in _wrapped
    return await self._propagate_event(
           ^^^^^^^^^^^^^^^^^^^^^^^^^^^^
        observer=observer, update_type=update_type, event=telegram_event, **data
        ^^^^^^^^^^^^^^^^^^^^^^^^^^^^^^^^^^^^^^^^^^^^^^^^^^^^^^^^^^^^^^^^^^^^^^^^
    )
    ^
  File "C:\Users\arsry\AppData\Local\Programs\Python\Python313\Lib\site-packages\aiogram\dispatcher\router.py", line 174, in _propagate_event
    response = await router.propagate_event(update_type=update_type, event=event, **kwargs)
               ^^^^^^^^^^^^^^^^^^^^^^^^^^^^^^^^^^^^^^^^^^^^^^^^^^^^^^^^^^^^^^^^^^^^^^^^^^^^
  File "C:\Users\arsry\AppData\Local\Programs\Python\Python313\Lib\site-packages\aiogram\dispatcher\router.py", line 146, in propagate_event
    return await observer.wrap_outer_middleware(_wrapped, event=event, data=kwargs)
           ^^^^^^^^^^^^^^^^^^^^^^^^^^^^^^^^^^^^^^^^^^^^^^^^^^^^^^^^^^^^^^^^^^^^^^^^
  File "C:\Users\arsry\AppData\Local\Programs\Python\Python313\Lib\site-packages\aiogram\dispatcher\router.py", line 141, in _wrapped
    return await self._propagate_event(
           ^^^^^^^^^^^^^^^^^^^^^^^^^^^^
        observer=observer, update_type=update_type, event=telegram_event, **data
        ^^^^^^^^^^^^^^^^^^^^^^^^^^^^^^^^^^^^^^^^^^^^^^^^^^^^^^^^^^^^^^^^^^^^^^^^
    )
    ^
  File "C:\Users\arsry\AppData\Local\Programs\Python\Python313\Lib\site-packages\aiogram\dispatcher\router.py", line 166, in _propagate_event
    response = await observer.trigger(event, **kwargs)
               ^^^^^^^^^^^^^^^^^^^^^^^^^^^^^^^^^^^^^^^
  File "C:\Users\arsry\AppData\Local\Programs\Python\Python313\Lib\site-packages\aiogram\dispatcher\event\telegram.py", line 121, in trigger
    return await wrapped_inner(event, kwargs)
           ^^^^^^^^^^^^^^^^^^^^^^^^^^^^^^^^^^
  File "C:\Users\arsry\AppData\Local\Programs\Python\Python313\Lib\site-packages\aiogram\dispatcher\event\handler.py", line 43, in call
    return await wrapped()
           ^^^^^^^^^^^^^^^
  File "C:\Users\arsry\OneDrive\Рабочий стол\запись на секции\tg_bot\routers\unsub.py", line 60, in select_del
    if await del_user_record(int(message.from_user.id), section_id):
                                 ^^^^^^^
NameError: name 'message' is not defined. Did you mean: 'Message'?
[2026-01-21 22:46:13] INFO in dispatcher: Start polling
[2026-01-21 22:46:13] INFO in dispatcher: Run polling for bot @prot_xafda_bot id=7616289372 - 'prot_bot'
[2026-01-21 22:46:13] INFO in dispatcher: Update id=219029728 is handled. Duration 183 ms by bot id=7616289372
[2026-01-21 22:46:14] INFO in dispatcher: Update id=219029729 is handled. Duration 137 ms by bot id=7616289372
[2026-01-21 22:46:15] INFO in dispatcher: Update id=219029730 is handled. Duration 69 ms by bot id=7616289372
[2026-01-21 22:46:16] ERROR in postgre_db: Команда: DELETE FROM records WHERE (user_id = 485083720) and (section_id = 902) )
Ошибка при удалении данных: ошибка синтаксиса (примерное положение: ")")
[2026-01-21 22:46:16] INFO in dispatcher: Update id=219029731 is handled. Duration 119 ms by bot id=7616289372
[2026-01-21 22:46:57] INFO in dispatcher: Start polling
[2026-01-21 22:46:57] INFO in dispatcher: Run polling for bot @prot_xafda_bot id=7616289372 - 'prot_bot'
[2026-01-21 22:47:00] INFO in dispatcher: Update id=219029732 is handled. Duration 191 ms by bot id=7616289372
[2026-01-21 22:47:01] INFO in dispatcher: Update id=219029733 is handled. Duration 129 ms by bot id=7616289372
[2026-01-21 22:47:01] INFO in dispatcher: Update id=219029734 is handled. Duration 66 ms by bot id=7616289372
[2026-01-21 22:47:02] INFO in dispatcher: Update id=219029735 is not handled. Duration 165 ms by bot id=7616289372
[2026-01-21 22:47:02] ERROR in dispatcher: Cause exception while process update id=219029735 by bot id=7616289372
NameError: name 'section' is not defined
Traceback (most recent call last):
  File "C:\Users\arsry\AppData\Local\Programs\Python\Python313\Lib\site-packages\aiogram\dispatcher\dispatcher.py", line 309, in _process_update
    response = await self.feed_update(bot, update, **kwargs)
               ^^^^^^^^^^^^^^^^^^^^^^^^^^^^^^^^^^^^^^^^^^^^^
  File "C:\Users\arsry\AppData\Local\Programs\Python\Python313\Lib\site-packages\aiogram\dispatcher\dispatcher.py", line 158, in feed_update
    response = await self.update.wrap_outer_middleware(
               ^^^^^^^^^^^^^^^^^^^^^^^^^^^^^^^^^^^^^^^^
    ...<7 lines>...
    )
    ^
  File "C:\Users\arsry\AppData\Local\Programs\Python\Python313\Lib\site-packages\aiogram\dispatcher\middlewares\error.py", line 25, in __call__
    return await handler(event, data)
           ^^^^^^^^^^^^^^^^^^^^^^^^^^
  File "C:\Users\arsry\AppData\Local\Programs\Python\Python313\Lib\site-packages\aiogram\dispatcher\middlewares\user_context.py", line 56, in __call__
    return await handler(event, data)
           ^^^^^^^^^^^^^^^^^^^^^^^^^^
  File "C:\Users\arsry\AppData\Local\Programs\Python\Python313\Lib\site-packages\aiogram\fsm\middleware.py", line 42, in __call__
    return await handler(event, data)
           ^^^^^^^^^^^^^^^^^^^^^^^^^^
  File "C:\Users\arsry\AppData\Local\Programs\Python\Python313\Lib\site-packages\aiogram\dispatcher\event\telegram.py", line 121, in trigger
    return await wrapped_inner(event, kwargs)
           ^^^^^^^^^^^^^^^^^^^^^^^^^^^^^^^^^^
  File "C:\Users\arsry\AppData\Local\Programs\Python\Python313\Lib\site-packages\aiogram\dispatcher\event\handler.py", line 43, in call
    return await wrapped()
           ^^^^^^^^^^^^^^^
  File "C:\Users\arsry\AppData\Local\Programs\Python\Python313\Lib\site-packages\aiogram\dispatcher\dispatcher.py", line 276, in _listen_update
    return await self.propagate_event(update_type=update_type, event=event, **kwargs)
           ^^^^^^^^^^^^^^^^^^^^^^^^^^^^^^^^^^^^^^^^^^^^^^^^^^^^^^^^^^^^^^^^^^^^^^^^^^
  File "C:\Users\arsry\AppData\Local\Programs\Python\Python313\Lib\site-packages\aiogram\dispatcher\router.py", line 146, in propagate_event
    return await observer.wrap_outer_middleware(_wrapped, event=event, data=kwargs)
           ^^^^^^^^^^^^^^^^^^^^^^^^^^^^^^^^^^^^^^^^^^^^^^^^^^^^^^^^^^^^^^^^^^^^^^^^
  File "C:\Users\arsry\AppData\Local\Programs\Python\Python313\Lib\site-packages\aiogram\dispatcher\router.py", line 141, in _wrapped
    return await self._propagate_event(
           ^^^^^^^^^^^^^^^^^^^^^^^^^^^^
        observer=observer, update_type=update_type, event=telegram_event, **data
        ^^^^^^^^^^^^^^^^^^^^^^^^^^^^^^^^^^^^^^^^^^^^^^^^^^^^^^^^^^^^^^^^^^^^^^^^
    )
    ^
  File "C:\Users\arsry\AppData\Local\Programs\Python\Python313\Lib\site-packages\aiogram\dispatcher\router.py", line 174, in _propagate_event
    response = await router.propagate_event(update_type=update_type, event=event, **kwargs)
               ^^^^^^^^^^^^^^^^^^^^^^^^^^^^^^^^^^^^^^^^^^^^^^^^^^^^^^^^^^^^^^^^^^^^^^^^^^^^
  File "C:\Users\arsry\AppData\Local\Programs\Python\Python313\Lib\site-packages\aiogram\dispatcher\router.py", line 146, in propagate_event
    return await observer.wrap_outer_middleware(_wrapped, event=event, data=kwargs)
           ^^^^^^^^^^^^^^^^^^^^^^^^^^^^^^^^^^^^^^^^^^^^^^^^^^^^^^^^^^^^^^^^^^^^^^^^
  File "C:\Users\arsry\AppData\Local\Programs\Python\Python313\Lib\site-packages\aiogram\dispatcher\router.py", line 141, in _wrapped
    return await self._propagate_event(
           ^^^^^^^^^^^^^^^^^^^^^^^^^^^^
        observer=observer, update_type=update_type, event=telegram_event, **data
        ^^^^^^^^^^^^^^^^^^^^^^^^^^^^^^^^^^^^^^^^^^^^^^^^^^^^^^^^^^^^^^^^^^^^^^^^
    )
    ^
  File "C:\Users\arsry\AppData\Local\Programs\Python\Python313\Lib\site-packages\aiogram\dispatcher\router.py", line 166, in _propagate_event
    response = await observer.trigger(event, **kwargs)
               ^^^^^^^^^^^^^^^^^^^^^^^^^^^^^^^^^^^^^^^
  File "C:\Users\arsry\AppData\Local\Programs\Python\Python313\Lib\site-packages\aiogram\dispatcher\event\telegram.py", line 121, in trigger
    return await wrapped_inner(event, kwargs)
           ^^^^^^^^^^^^^^^^^^^^^^^^^^^^^^^^^^
  File "C:\Users\arsry\AppData\Local\Programs\Python\Python313\Lib\site-packages\aiogram\dispatcher\event\handler.py", line 43, in call
    return await wrapped()
           ^^^^^^^^^^^^^^^
  File "C:\Users\arsry\OneDrive\Рабочий стол\запись на секции\tg_bot\routers\unsub.py", line 61, in select_del
    await callback_query.message.edit_text(f"Вы отписались от секции\n{section}")
                                                                       ^^^^^^^
NameError: name 'section' is not defined. Did you mean: 'section_id'?
[2026-01-21 22:47:36] INFO in dispatcher: Start polling
[2026-01-21 22:47:36] INFO in dispatcher: Run polling for bot @prot_xafda_bot id=7616289372 - 'prot_bot'
[2026-01-21 22:47:38] INFO in dispatcher: Update id=219029736 is handled. Duration 186 ms by bot id=7616289372
[2026-01-21 22:47:39] INFO in dispatcher: Update id=219029737 is handled. Duration 114 ms by bot id=7616289372
[2026-01-21 22:47:44] INFO in dispatcher: Update id=219029738 is handled. Duration 65 ms by bot id=7616289372
[2026-01-21 22:47:46] INFO in dispatcher: Update id=219029739 is handled. Duration 114 ms by bot id=7616289372
[2026-01-21 22:47:47] INFO in dispatcher: Update id=219029740 is handled. Duration 65 ms by bot id=7616289372
[2026-01-21 22:47:49] INFO in dispatcher: Update id=219029741 is handled. Duration 113 ms by bot id=7616289372
[2026-01-21 22:47:50] INFO in dispatcher: Update id=219029742 is handled. Duration 112 ms by bot id=7616289372
[2026-01-21 22:47:51] INFO in dispatcher: Update id=219029743 is handled. Duration 165 ms by bot id=7616289372
[2026-01-21 22:47:53] INFO in dispatcher: Update id=219029744 is handled. Duration 115 ms by bot id=7616289372
[2026-01-21 22:47:54] INFO in dispatcher: Update id=219029745 is handled. Duration 251 ms by bot id=7616289372
[2026-01-21 22:47:56] INFO in dispatcher: Update id=219029746 is handled. Duration 199 ms by bot id=7616289372
[2026-01-21 22:47:59] INFO in dispatcher: Update id=219029747 is handled. Duration 81 ms by bot id=7616289372
[2026-01-21 22:48:00] INFO in dispatcher: Update id=219029748 is handled. Duration 277 ms by bot id=7616289372
[2026-01-21 22:48:02] INFO in dispatcher: Update id=219029749 is handled. Duration 472 ms by bot id=7616289372
[2026-01-21 22:48:04] INFO in dispatcher: Update id=219029750 is handled. Duration 560 ms by bot id=7616289372
[2026-01-21 22:48:07] INFO in dispatcher: Update id=219029751 is handled. Duration 119 ms by bot id=7616289372
[2026-01-21 22:48:08] INFO in dispatcher: Update id=219029752 is handled. Duration 172 ms by bot id=7616289372
[2026-01-21 22:48:09] INFO in dispatcher: Update id=219029753 is handled. Duration 238 ms by bot id=7616289372
[2026-01-21 22:48:11] INFO in dispatcher: Update id=219029754 is handled. Duration 195 ms by bot id=7616289372
[2026-01-21 22:48:12] INFO in dispatcher: Update id=219029755 is handled. Duration 145 ms by bot id=7616289372
[2026-01-21 22:48:13] INFO in dispatcher: Update id=219029756 is handled. Duration 210 ms by bot id=7616289372
[2026-01-21 22:48:14] INFO in dispatcher: Update id=219029757 is handled. Duration 107 ms by bot id=7616289372
[2026-01-21 22:48:15] INFO in dispatcher: Update id=219029758 is handled. Duration 171 ms by bot id=7616289372
[2026-01-21 22:48:17] INFO in dispatcher: Update id=219029759 is handled. Duration 122 ms by bot id=7616289372
[2026-01-21 22:48:18] INFO in dispatcher: Update id=219029760 is handled. Duration 209 ms by bot id=7616289372
[2026-01-21 22:48:21] INFO in dispatcher: Update id=219029761 is handled. Duration 72 ms by bot id=7616289372
[2026-01-21 22:48:22] INFO in dispatcher: Update id=219029762 is handled. Duration 132 ms by bot id=7616289372
[2026-01-21 22:48:24] INFO in dispatcher: Update id=219029763 is handled. Duration 104 ms by bot id=7616289372
[2026-01-21 22:48:27] INFO in dispatcher: Update id=219029764 is handled. Duration 214 ms by bot id=7616289372
[2026-01-21 22:48:30] INFO in dispatcher: Update id=219029765 is handled. Duration 63 ms by bot id=7616289372
[2026-01-21 22:48:32] INFO in dispatcher: Update id=219029766 is handled. Duration 531 ms by bot id=7616289372
[2026-01-21 22:48:34] INFO in dispatcher: Update id=219029767 is handled. Duration 319 ms by bot id=7616289372
[2026-01-21 22:48:35] INFO in dispatcher: Update id=219029768 is handled. Duration 121 ms by bot id=7616289372
[2026-01-21 22:48:36] INFO in dispatcher: Update id=219029769 is handled. Duration 259 ms by bot id=7616289372
[2026-01-21 22:48:37] INFO in dispatcher: Update id=219029770 is handled. Duration 69 ms by bot id=7616289372
[2026-01-21 22:48:38] INFO in dispatcher: Update id=219029771 is handled. Duration 321 ms by bot id=7616289372
[2026-01-21 22:48:39] INFO in dispatcher: Update id=219029772 is not handled. Duration 5 ms by bot id=7616289372
[2026-01-21 22:48:39] ERROR in dispatcher: Cause exception while process update id=219029772 by bot id=7616289372
ValueError: invalid literal for int() with base 10: 'Выйти'
Traceback (most recent call last):
  File "C:\Users\arsry\AppData\Local\Programs\Python\Python313\Lib\site-packages\aiogram\dispatcher\dispatcher.py", line 309, in _process_update
    response = await self.feed_update(bot, update, **kwargs)
               ^^^^^^^^^^^^^^^^^^^^^^^^^^^^^^^^^^^^^^^^^^^^^
  File "C:\Users\arsry\AppData\Local\Programs\Python\Python313\Lib\site-packages\aiogram\dispatcher\dispatcher.py", line 158, in feed_update
    response = await self.update.wrap_outer_middleware(
               ^^^^^^^^^^^^^^^^^^^^^^^^^^^^^^^^^^^^^^^^
    ...<7 lines>...
    )
    ^
  File "C:\Users\arsry\AppData\Local\Programs\Python\Python313\Lib\site-packages\aiogram\dispatcher\middlewares\error.py", line 25, in __call__
    return await handler(event, data)
           ^^^^^^^^^^^^^^^^^^^^^^^^^^
  File "C:\Users\arsry\AppData\Local\Programs\Python\Python313\Lib\site-packages\aiogram\dispatcher\middlewares\user_context.py", line 56, in __call__
    return await handler(event, data)
           ^^^^^^^^^^^^^^^^^^^^^^^^^^
  File "C:\Users\arsry\AppData\Local\Programs\Python\Python313\Lib\site-packages\aiogram\fsm\middleware.py", line 42, in __call__
    return await handler(event, data)
           ^^^^^^^^^^^^^^^^^^^^^^^^^^
  File "C:\Users\arsry\AppData\Local\Programs\Python\Python313\Lib\site-packages\aiogram\dispatcher\event\telegram.py", line 121, in trigger
    return await wrapped_inner(event, kwargs)
           ^^^^^^^^^^^^^^^^^^^^^^^^^^^^^^^^^^
  File "C:\Users\arsry\AppData\Local\Programs\Python\Python313\Lib\site-packages\aiogram\dispatcher\event\handler.py", line 43, in call
    return await wrapped()
           ^^^^^^^^^^^^^^^
  File "C:\Users\arsry\AppData\Local\Programs\Python\Python313\Lib\site-packages\aiogram\dispatcher\dispatcher.py", line 276, in _listen_update
    return await self.propagate_event(update_type=update_type, event=event, **kwargs)
           ^^^^^^^^^^^^^^^^^^^^^^^^^^^^^^^^^^^^^^^^^^^^^^^^^^^^^^^^^^^^^^^^^^^^^^^^^^
  File "C:\Users\arsry\AppData\Local\Programs\Python\Python313\Lib\site-packages\aiogram\dispatcher\router.py", line 146, in propagate_event
    return await observer.wrap_outer_middleware(_wrapped, event=event, data=kwargs)
           ^^^^^^^^^^^^^^^^^^^^^^^^^^^^^^^^^^^^^^^^^^^^^^^^^^^^^^^^^^^^^^^^^^^^^^^^
  File "C:\Users\arsry\AppData\Local\Programs\Python\Python313\Lib\site-packages\aiogram\dispatcher\router.py", line 141, in _wrapped
    return await self._propagate_event(
           ^^^^^^^^^^^^^^^^^^^^^^^^^^^^
        observer=observer, update_type=update_type, event=telegram_event, **data
        ^^^^^^^^^^^^^^^^^^^^^^^^^^^^^^^^^^^^^^^^^^^^^^^^^^^^^^^^^^^^^^^^^^^^^^^^
    )
    ^
  File "C:\Users\arsry\AppData\Local\Programs\Python\Python313\Lib\site-packages\aiogram\dispatcher\router.py", line 174, in _propagate_event
    response = await router.propagate_event(update_type=update_type, event=event, **kwargs)
               ^^^^^^^^^^^^^^^^^^^^^^^^^^^^^^^^^^^^^^^^^^^^^^^^^^^^^^^^^^^^^^^^^^^^^^^^^^^^
  File "C:\Users\arsry\AppData\Local\Programs\Python\Python313\Lib\site-packages\aiogram\dispatcher\router.py", line 146, in propagate_event
    return await observer.wrap_outer_middleware(_wrapped, event=event, data=kwargs)
           ^^^^^^^^^^^^^^^^^^^^^^^^^^^^^^^^^^^^^^^^^^^^^^^^^^^^^^^^^^^^^^^^^^^^^^^^
  File "C:\Users\arsry\AppData\Local\Programs\Python\Python313\Lib\site-packages\aiogram\dispatcher\router.py", line 141, in _wrapped
    return await self._propagate_event(
           ^^^^^^^^^^^^^^^^^^^^^^^^^^^^
        observer=observer, update_type=update_type, event=telegram_event, **data
        ^^^^^^^^^^^^^^^^^^^^^^^^^^^^^^^^^^^^^^^^^^^^^^^^^^^^^^^^^^^^^^^^^^^^^^^^
    )
    ^
  File "C:\Users\arsry\AppData\Local\Programs\Python\Python313\Lib\site-packages\aiogram\dispatcher\router.py", line 166, in _propagate_event
    response = await observer.trigger(event, **kwargs)
               ^^^^^^^^^^^^^^^^^^^^^^^^^^^^^^^^^^^^^^^
  File "C:\Users\arsry\AppData\Local\Programs\Python\Python313\Lib\site-packages\aiogram\dispatcher\event\telegram.py", line 121, in trigger
    return await wrapped_inner(event, kwargs)
           ^^^^^^^^^^^^^^^^^^^^^^^^^^^^^^^^^^
  File "C:\Users\arsry\AppData\Local\Programs\Python\Python313\Lib\site-packages\aiogram\dispatcher\event\handler.py", line 43, in call
    return await wrapped()
           ^^^^^^^^^^^^^^^
  File "C:\Users\arsry\OneDrive\Рабочий стол\запись на секции\tg_bot\routers\unsub.py", line 44, in select_conf_del
    num = int(callback_query.data)
ValueError: invalid literal for int() with base 10: 'Выйти'
[2026-01-21 22:51:46] INFO in dispatcher: Start polling
[2026-01-21 22:51:46] INFO in dispatcher: Run polling for bot @prot_xafda_bot id=7616289372 - 'prot_bot'
[2026-01-21 22:51:52] INFO in dispatcher: Update id=219029773 is handled. Duration 188 ms by bot id=7616289372
[2026-01-21 22:51:53] INFO in dispatcher: Update id=219029774 is handled. Duration 121 ms by bot id=7616289372
[2026-01-21 22:51:55] INFO in dispatcher: Update id=219029775 is handled. Duration 78 ms by bot id=7616289372
[2026-01-21 22:51:57] INFO in dispatcher: Update id=219029776 is handled. Duration 174 ms by bot id=7616289372
[2026-01-21 22:51:58] INFO in dispatcher: Update id=219029777 is handled. Duration 69 ms by bot id=7616289372
[2026-01-21 22:51:59] INFO in dispatcher: Update id=219029778 is handled. Duration 468 ms by bot id=7616289372
[2026-01-21 22:52:00] INFO in dispatcher: Update id=219029779 is handled. Duration 193 ms by bot id=7616289372
[2026-01-21 22:52:01] INFO in dispatcher: Update id=219029780 is handled. Duration 184 ms by bot id=7616289372
[2026-01-21 22:52:02] INFO in dispatcher: Update id=219029781 is handled. Duration 150 ms by bot id=7616289372
[2026-01-21 22:52:04] INFO in dispatcher: Update id=219029782 is handled. Duration 344 ms by bot id=7616289372
[2026-01-21 22:52:07] INFO in dispatcher: Update id=219029783 is handled. Duration 64 ms by bot id=7616289372
[2026-01-21 22:52:08] INFO in dispatcher: Update id=219029784 is handled. Duration 128 ms by bot id=7616289372
[2026-01-21 22:52:09] INFO in dispatcher: Update id=219029785 is handled. Duration 69 ms by bot id=7616289372
[2026-01-21 22:52:10] INFO in dispatcher: Update id=219029786 is handled. Duration 325 ms by bot id=7616289372
[2026-01-21 22:52:11] INFO in dispatcher: Update id=219029787 is handled. Duration 119 ms by bot id=7616289372
[2026-01-21 22:52:12] INFO in dispatcher: Update id=219029788 is handled. Duration 66 ms by bot id=7616289372
[2026-01-21 22:52:12] INFO in dispatcher: Update id=219029789 is handled. Duration 119 ms by bot id=7616289372
[2026-01-21 22:52:14] INFO in dispatcher: Update id=219029790 is handled. Duration 63 ms by bot id=7616289372
[2026-01-21 23:03:09] ERROR in dispatcher: Failed to fetch updates - TelegramNetworkError: HTTP Client says - Request timeout error
[2026-01-21 23:03:09] WARNING in dispatcher: Sleep for 1.000000 seconds and try again... (tryings = 0, bot id = 7616289372)
[2026-01-21 23:03:20] INFO in dispatcher: Connection established (tryings = 1, bot id = 7616289372)
[2026-01-21 23:12:14] ERROR in dispatcher: Failed to fetch updates - TelegramNetworkError: HTTP Client says - Request timeout error
[2026-01-21 23:12:14] WARNING in dispatcher: Sleep for 1.000000 seconds and try again... (tryings = 0, bot id = 7616289372)
[2026-01-21 23:12:25] INFO in dispatcher: Connection established (tryings = 1, bot id = 7616289372)
[2026-01-21 23:19:08] ERROR in dispatcher: Failed to fetch updates - TelegramNetworkError: HTTP Client says - Request timeout error
[2026-01-21 23:19:08] WARNING in dispatcher: Sleep for 1.000000 seconds and try again... (tryings = 0, bot id = 7616289372)
[2026-01-21 23:19:19] INFO in dispatcher: Connection established (tryings = 1, bot id = 7616289372)
[2026-01-22 05:58:27] INFO in dispatcher: Start polling
[2026-01-22 05:58:27] INFO in dispatcher: Run polling for bot @prot_xafda_bot id=7616289372 - 'prot_bot'
[2026-01-22 05:58:29] INFO in dispatcher: Update id=219029791 is handled. Duration 188 ms by bot id=7616289372
[2026-01-22 05:58:35] INFO in dispatcher: Update id=219029792 is handled. Duration 147 ms by bot id=7616289372
[2026-01-22 05:58:39] INFO in dispatcher: Update id=219029793 is handled. Duration 112 ms by bot id=7616289372
[2026-01-22 05:58:40] INFO in dispatcher: Update id=219029794 is handled. Duration 57 ms by bot id=7616289372
[2026-01-22 05:58:41] INFO in dispatcher: Update id=219029795 is handled. Duration 108 ms by bot id=7616289372
[2026-01-22 05:58:42] INFO in dispatcher: Update id=219029796 is handled. Duration 455 ms by bot id=7616289372
[2026-01-22 05:58:43] INFO in dispatcher: Update id=219029797 is handled. Duration 700 ms by bot id=7616289372
[2026-01-22 05:58:44] INFO in dispatcher: Update id=219029798 is handled. Duration 107 ms by bot id=7616289372
[2026-01-22 05:58:51] INFO in dispatcher: Update id=219029799 is not handled. Duration 2 ms by bot id=7616289372
[2026-01-22 05:58:51] ERROR in dispatcher: Cause exception while process update id=219029799 by bot id=7616289372
AttributeError: 'BanStorage' object has no attribute '_write_all'
Traceback (most recent call last):
  File "C:\Users\arsry\AppData\Local\Programs\Python\Python313\Lib\site-packages\aiogram\dispatcher\dispatcher.py", line 309, in _process_update
    response = await self.feed_update(bot, update, **kwargs)
               ^^^^^^^^^^^^^^^^^^^^^^^^^^^^^^^^^^^^^^^^^^^^^
  File "C:\Users\arsry\AppData\Local\Programs\Python\Python313\Lib\site-packages\aiogram\dispatcher\dispatcher.py", line 158, in feed_update
    response = await self.update.wrap_outer_middleware(
               ^^^^^^^^^^^^^^^^^^^^^^^^^^^^^^^^^^^^^^^^
    ...<7 lines>...
    )
    ^
  File "C:\Users\arsry\AppData\Local\Programs\Python\Python313\Lib\site-packages\aiogram\dispatcher\middlewares\error.py", line 25, in __call__
    return await handler(event, data)
           ^^^^^^^^^^^^^^^^^^^^^^^^^^
  File "C:\Users\arsry\AppData\Local\Programs\Python\Python313\Lib\site-packages\aiogram\dispatcher\middlewares\user_context.py", line 56, in __call__
    return await handler(event, data)
           ^^^^^^^^^^^^^^^^^^^^^^^^^^
  File "C:\Users\arsry\AppData\Local\Programs\Python\Python313\Lib\site-packages\aiogram\fsm\middleware.py", line 42, in __call__
    return await handler(event, data)
           ^^^^^^^^^^^^^^^^^^^^^^^^^^
  File "C:\Users\arsry\AppData\Local\Programs\Python\Python313\Lib\site-packages\aiogram\dispatcher\event\telegram.py", line 121, in trigger
    return await wrapped_inner(event, kwargs)
           ^^^^^^^^^^^^^^^^^^^^^^^^^^^^^^^^^^
  File "C:\Users\arsry\AppData\Local\Programs\Python\Python313\Lib\site-packages\aiogram\dispatcher\event\handler.py", line 43, in call
    return await wrapped()
           ^^^^^^^^^^^^^^^
  File "C:\Users\arsry\AppData\Local\Programs\Python\Python313\Lib\site-packages\aiogram\dispatcher\dispatcher.py", line 276, in _listen_update
    return await self.propagate_event(update_type=update_type, event=event, **kwargs)
           ^^^^^^^^^^^^^^^^^^^^^^^^^^^^^^^^^^^^^^^^^^^^^^^^^^^^^^^^^^^^^^^^^^^^^^^^^^
  File "C:\Users\arsry\AppData\Local\Programs\Python\Python313\Lib\site-packages\aiogram\dispatcher\router.py", line 146, in propagate_event
    return await observer.wrap_outer_middleware(_wrapped, event=event, data=kwargs)
           ^^^^^^^^^^^^^^^^^^^^^^^^^^^^^^^^^^^^^^^^^^^^^^^^^^^^^^^^^^^^^^^^^^^^^^^^
  File "C:\Users\arsry\AppData\Local\Programs\Python\Python313\Lib\site-packages\aiogram\dispatcher\router.py", line 141, in _wrapped
    return await self._propagate_event(
           ^^^^^^^^^^^^^^^^^^^^^^^^^^^^
        observer=observer, update_type=update_type, event=telegram_event, **data
        ^^^^^^^^^^^^^^^^^^^^^^^^^^^^^^^^^^^^^^^^^^^^^^^^^^^^^^^^^^^^^^^^^^^^^^^^
    )
    ^
  File "C:\Users\arsry\AppData\Local\Programs\Python\Python313\Lib\site-packages\aiogram\dispatcher\router.py", line 174, in _propagate_event
    response = await router.propagate_event(update_type=update_type, event=event, **kwargs)
               ^^^^^^^^^^^^^^^^^^^^^^^^^^^^^^^^^^^^^^^^^^^^^^^^^^^^^^^^^^^^^^^^^^^^^^^^^^^^
  File "C:\Users\arsry\AppData\Local\Programs\Python\Python313\Lib\site-packages\aiogram\dispatcher\router.py", line 146, in propagate_event
    return await observer.wrap_outer_middleware(_wrapped, event=event, data=kwargs)
           ^^^^^^^^^^^^^^^^^^^^^^^^^^^^^^^^^^^^^^^^^^^^^^^^^^^^^^^^^^^^^^^^^^^^^^^^
  File "C:\Users\arsry\AppData\Local\Programs\Python\Python313\Lib\site-packages\aiogram\dispatcher\router.py", line 141, in _wrapped
    return await self._propagate_event(
           ^^^^^^^^^^^^^^^^^^^^^^^^^^^^
        observer=observer, update_type=update_type, event=telegram_event, **data
        ^^^^^^^^^^^^^^^^^^^^^^^^^^^^^^^^^^^^^^^^^^^^^^^^^^^^^^^^^^^^^^^^^^^^^^^^
    )
    ^
  File "C:\Users\arsry\AppData\Local\Programs\Python\Python313\Lib\site-packages\aiogram\dispatcher\router.py", line 166, in _propagate_event
    response = await observer.trigger(event, **kwargs)
               ^^^^^^^^^^^^^^^^^^^^^^^^^^^^^^^^^^^^^^^
  File "C:\Users\arsry\AppData\Local\Programs\Python\Python313\Lib\site-packages\aiogram\dispatcher\event\telegram.py", line 121, in trigger
    return await wrapped_inner(event, kwargs)
           ^^^^^^^^^^^^^^^^^^^^^^^^^^^^^^^^^^
  File "C:\Users\arsry\OneDrive\Рабочий стол\запись на секции\tg_bot\middlewares\throttling.py", line 33, in __call__
    await self.ban_storage._write_all(self.banned_users)
          ^^^^^^^^^^^^^^^^^^^^^^^^^^^
AttributeError: 'BanStorage' object has no attribute '_write_all'. Did you mean: 'write_all'?
[2026-01-22 06:00:20] INFO in dispatcher: Start polling
[2026-01-22 06:00:21] INFO in dispatcher: Run polling for bot @prot_xafda_bot id=7616289372 - 'prot_bot'
[2026-01-22 06:00:29] INFO in dispatcher: Update id=219029800 is not handled. Duration 1 ms by bot id=7616289372
[2026-01-22 06:00:35] INFO in dispatcher: Update id=219029801 is handled. Duration 233 ms by bot id=7616289372
[2026-01-22 06:00:37] INFO in dispatcher: Update id=219029802 is handled. Duration 63 ms by bot id=7616289372
[2026-01-22 06:00:37] INFO in dispatcher: Update id=219029803 is handled. Duration 151 ms by bot id=7616289372
[2026-01-22 06:00:38] INFO in dispatcher: Update id=219029804 is handled. Duration 102 ms by bot id=7616289372
[2026-01-22 06:00:39] INFO in dispatcher: Update id=219029805 is handled. Duration 156 ms by bot id=7616289372
[2026-01-22 06:00:40] INFO in dispatcher: Update id=219029806 is handled. Duration 102 ms by bot id=7616289372
[2026-01-22 06:00:42] INFO in dispatcher: Update id=219029807 is handled. Duration 403 ms by bot id=7616289372
[2026-01-22 06:34:25] INFO in dispatcher: Start polling
[2026-01-22 06:34:26] INFO in dispatcher: Run polling for bot @prot_xafda_bot id=7616289372 - 'prot_bot'
[2026-01-22 06:34:27] INFO in dispatcher: Update id=219029808 is handled. Duration 282 ms by bot id=7616289372
[2026-01-22 06:34:29] INFO in dispatcher: Update id=219029809 is handled. Duration 64 ms by bot id=7616289372
[2026-01-22 06:34:29] INFO in dispatcher: Update id=219029810 is handled. Duration 110 ms by bot id=7616289372
[2026-01-22 06:34:30] INFO in dispatcher: Update id=219029811 is handled. Duration 106 ms by bot id=7616289372
[2026-01-22 06:34:31] INFO in dispatcher: Update id=219029812 is handled. Duration 151 ms by bot id=7616289372
[2026-01-22 06:34:32] INFO in dispatcher: Update id=219029813 is handled. Duration 128 ms by bot id=7616289372
[2026-01-22 06:34:41] INFO in dispatcher: Update id=219029814 is handled. Duration 327 ms by bot id=7616289372
[2026-01-22 06:34:48] INFO in dispatcher: Update id=219029815 is handled. Duration 138 ms by bot id=7616289372
[2026-01-22 06:36:08] ERROR in dispatcher: Failed to fetch updates - TelegramNetworkError: HTTP Client says - Request timeout error
[2026-01-22 06:36:08] WARNING in dispatcher: Sleep for 1.000000 seconds and try again... (tryings = 0, bot id = 7616289372)
[2026-01-22 06:36:20] INFO in dispatcher: Connection established (tryings = 1, bot id = 7616289372)
[2026-01-22 06:39:10] ERROR in dispatcher: Failed to fetch updates - TelegramNetworkError: HTTP Client says - Request timeout error
[2026-01-22 06:39:10] WARNING in dispatcher: Sleep for 1.000000 seconds and try again... (tryings = 0, bot id = 7616289372)
[2026-01-22 06:39:22] INFO in dispatcher: Connection established (tryings = 1, bot id = 7616289372)
[2026-01-22 06:44:13] ERROR in dispatcher: Failed to fetch updates - TelegramNetworkError: HTTP Client says - Request timeout error
[2026-01-22 06:44:13] WARNING in dispatcher: Sleep for 1.000000 seconds and try again... (tryings = 0, bot id = 7616289372)
[2026-01-22 06:44:25] INFO in dispatcher: Connection established (tryings = 1, bot id = 7616289372)
[2026-01-22 06:45:59] INFO in dispatcher: Start polling
[2026-01-22 06:45:59] INFO in dispatcher: Run polling for bot @prot_xafda_bot id=7616289372 - 'prot_bot'
[2026-01-22 06:46:02] INFO in dispatcher: Update id=219029816 is handled. Duration 225 ms by bot id=7616289372
[2026-01-22 06:46:03] INFO in dispatcher: Update id=219029817 is handled. Duration 80 ms by bot id=7616289372
[2026-01-22 06:46:04] INFO in dispatcher: Update id=219029818 is handled. Duration 105 ms by bot id=7616289372
[2026-01-22 06:46:06] INFO in dispatcher: Update id=219029819 is handled. Duration 134 ms by bot id=7616289372
[2026-01-22 06:46:07] INFO in dispatcher: Update id=219029820 is handled. Duration 159 ms by bot id=7616289372
[2026-01-22 06:46:08] INFO in dispatcher: Update id=219029821 is handled. Duration 359 ms by bot id=7616289372
[2026-01-22 06:46:21] INFO in dispatcher: Update id=219029822 is handled. Duration 69 ms by bot id=7616289372
[2026-01-22 06:46:28] INFO in dispatcher: Update id=219029823 is handled. Duration 115 ms by bot id=7616289372
[2026-01-22 06:46:57] INFO in dispatcher: Start polling
[2026-01-22 06:46:57] INFO in dispatcher: Run polling for bot @prot_xafda_bot id=7616289372 - 'prot_bot'
[2026-01-22 06:47:05] INFO in dispatcher: Update id=219029824 is handled. Duration 223 ms by bot id=7616289372
[2026-01-22 06:47:07] INFO in dispatcher: Update id=219029825 is handled. Duration 62 ms by bot id=7616289372
[2026-01-22 06:47:07] INFO in dispatcher: Update id=219029826 is handled. Duration 102 ms by bot id=7616289372
[2026-01-22 06:47:08] INFO in dispatcher: Update id=219029827 is handled. Duration 105 ms by bot id=7616289372
[2026-01-22 06:47:09] INFO in dispatcher: Update id=219029828 is handled. Duration 153 ms by bot id=7616289372
[2026-01-22 06:47:10] INFO in dispatcher: Update id=219029829 is handled. Duration 820 ms by bot id=7616289372
[2026-01-22 06:47:20] INFO in dispatcher: Update id=219029830 is handled. Duration 324 ms by bot id=7616289372
[2026-01-22 06:47:23] INFO in dispatcher: Update id=219029831 is not handled. Duration 49 ms by bot id=7616289372
[2026-01-22 06:47:23] ERROR in dispatcher: Cause exception while process update id=219029831 by bot id=7616289372
IndexError: list index out of range
Traceback (most recent call last):
  File "C:\Users\arsry\AppData\Local\Programs\Python\Python313\Lib\site-packages\aiogram\dispatcher\dispatcher.py", line 309, in _process_update
    response = await self.feed_update(bot, update, **kwargs)
               ^^^^^^^^^^^^^^^^^^^^^^^^^^^^^^^^^^^^^^^^^^^^^
  File "C:\Users\arsry\AppData\Local\Programs\Python\Python313\Lib\site-packages\aiogram\dispatcher\dispatcher.py", line 158, in feed_update
    response = await self.update.wrap_outer_middleware(
               ^^^^^^^^^^^^^^^^^^^^^^^^^^^^^^^^^^^^^^^^
    ...<7 lines>...
    )
    ^
  File "C:\Users\arsry\AppData\Local\Programs\Python\Python313\Lib\site-packages\aiogram\dispatcher\middlewares\error.py", line 25, in __call__
    return await handler(event, data)
           ^^^^^^^^^^^^^^^^^^^^^^^^^^
  File "C:\Users\arsry\AppData\Local\Programs\Python\Python313\Lib\site-packages\aiogram\dispatcher\middlewares\user_context.py", line 56, in __call__
    return await handler(event, data)
           ^^^^^^^^^^^^^^^^^^^^^^^^^^
  File "C:\Users\arsry\AppData\Local\Programs\Python\Python313\Lib\site-packages\aiogram\fsm\middleware.py", line 42, in __call__
    return await handler(event, data)
           ^^^^^^^^^^^^^^^^^^^^^^^^^^
  File "C:\Users\arsry\AppData\Local\Programs\Python\Python313\Lib\site-packages\aiogram\dispatcher\event\telegram.py", line 121, in trigger
    return await wrapped_inner(event, kwargs)
           ^^^^^^^^^^^^^^^^^^^^^^^^^^^^^^^^^^
  File "C:\Users\arsry\AppData\Local\Programs\Python\Python313\Lib\site-packages\aiogram\dispatcher\event\handler.py", line 43, in call
    return await wrapped()
           ^^^^^^^^^^^^^^^
  File "C:\Users\arsry\AppData\Local\Programs\Python\Python313\Lib\site-packages\aiogram\dispatcher\dispatcher.py", line 276, in _listen_update
    return await self.propagate_event(update_type=update_type, event=event, **kwargs)
           ^^^^^^^^^^^^^^^^^^^^^^^^^^^^^^^^^^^^^^^^^^^^^^^^^^^^^^^^^^^^^^^^^^^^^^^^^^
  File "C:\Users\arsry\AppData\Local\Programs\Python\Python313\Lib\site-packages\aiogram\dispatcher\router.py", line 146, in propagate_event
    return await observer.wrap_outer_middleware(_wrapped, event=event, data=kwargs)
           ^^^^^^^^^^^^^^^^^^^^^^^^^^^^^^^^^^^^^^^^^^^^^^^^^^^^^^^^^^^^^^^^^^^^^^^^
  File "C:\Users\arsry\AppData\Local\Programs\Python\Python313\Lib\site-packages\aiogram\dispatcher\router.py", line 141, in _wrapped
    return await self._propagate_event(
           ^^^^^^^^^^^^^^^^^^^^^^^^^^^^
        observer=observer, update_type=update_type, event=telegram_event, **data
        ^^^^^^^^^^^^^^^^^^^^^^^^^^^^^^^^^^^^^^^^^^^^^^^^^^^^^^^^^^^^^^^^^^^^^^^^
    )
    ^
  File "C:\Users\arsry\AppData\Local\Programs\Python\Python313\Lib\site-packages\aiogram\dispatcher\router.py", line 174, in _propagate_event
    response = await router.propagate_event(update_type=update_type, event=event, **kwargs)
               ^^^^^^^^^^^^^^^^^^^^^^^^^^^^^^^^^^^^^^^^^^^^^^^^^^^^^^^^^^^^^^^^^^^^^^^^^^^^
  File "C:\Users\arsry\AppData\Local\Programs\Python\Python313\Lib\site-packages\aiogram\dispatcher\router.py", line 146, in propagate_event
    return await observer.wrap_outer_middleware(_wrapped, event=event, data=kwargs)
           ^^^^^^^^^^^^^^^^^^^^^^^^^^^^^^^^^^^^^^^^^^^^^^^^^^^^^^^^^^^^^^^^^^^^^^^^
  File "C:\Users\arsry\AppData\Local\Programs\Python\Python313\Lib\site-packages\aiogram\dispatcher\router.py", line 141, in _wrapped
    return await self._propagate_event(
           ^^^^^^^^^^^^^^^^^^^^^^^^^^^^
        observer=observer, update_type=update_type, event=telegram_event, **data
        ^^^^^^^^^^^^^^^^^^^^^^^^^^^^^^^^^^^^^^^^^^^^^^^^^^^^^^^^^^^^^^^^^^^^^^^^
    )
    ^
  File "C:\Users\arsry\AppData\Local\Programs\Python\Python313\Lib\site-packages\aiogram\dispatcher\router.py", line 166, in _propagate_event
    response = await observer.trigger(event, **kwargs)
               ^^^^^^^^^^^^^^^^^^^^^^^^^^^^^^^^^^^^^^^
  File "C:\Users\arsry\AppData\Local\Programs\Python\Python313\Lib\site-packages\aiogram\dispatcher\event\telegram.py", line 121, in trigger
    return await wrapped_inner(event, kwargs)
           ^^^^^^^^^^^^^^^^^^^^^^^^^^^^^^^^^^
  File "C:\Users\arsry\OneDrive\Рабочий стол\запись на секции\tg_bot\middlewares\throttling.py", line 64, in __call__
    return await handler(message, data)
           ^^^^^^^^^^^^^^^^^^^^^^^^^^^^
  File "C:\Users\arsry\AppData\Local\Programs\Python\Python313\Lib\site-packages\aiogram\dispatcher\event\handler.py", line 43, in call
    return await wrapped()
           ^^^^^^^^^^^^^^^
  File "C:\Users\arsry\OneDrive\Рабочий стол\запись на секции\tg_bot\routers\record.py", line 225, in process_confirmation
    section_id = data_section[0]['section_id']
                 ~~~~~~~~~~~~^^^
IndexError: list index out of range
[2026-01-22 06:47:59] INFO in dispatcher: Start polling
[2026-01-22 06:47:59] INFO in dispatcher: Run polling for bot @prot_xafda_bot id=7616289372 - 'prot_bot'
[2026-01-22 06:48:01] INFO in dispatcher: Update id=219029832 is handled. Duration 226 ms by bot id=7616289372
[2026-01-22 06:48:02] INFO in dispatcher: Update id=219029833 is handled. Duration 60 ms by bot id=7616289372
[2026-01-22 06:48:04] INFO in dispatcher: Update id=219029834 is handled. Duration 102 ms by bot id=7616289372
[2026-01-22 06:48:05] INFO in dispatcher: Update id=219029835 is handled. Duration 111 ms by bot id=7616289372
[2026-01-22 06:48:06] INFO in dispatcher: Update id=219029836 is handled. Duration 164 ms by bot id=7616289372
[2026-01-22 06:48:07] INFO in dispatcher: Update id=219029837 is handled. Duration 452 ms by bot id=7616289372
[2026-01-22 06:48:11] INFO in dispatcher: Update id=219029838 is handled. Duration 575 ms by bot id=7616289372
[2026-01-22 06:48:13] INFO in dispatcher: Update id=219029839 is not handled. Duration 51 ms by bot id=7616289372
[2026-01-22 06:48:13] ERROR in dispatcher: Cause exception while process update id=219029839 by bot id=7616289372
NameError: name 'add_section_data_return_id' is not defined
Traceback (most recent call last):
  File "C:\Users\arsry\AppData\Local\Programs\Python\Python313\Lib\site-packages\aiogram\dispatcher\dispatcher.py", line 309, in _process_update
    response = await self.feed_update(bot, update, **kwargs)
               ^^^^^^^^^^^^^^^^^^^^^^^^^^^^^^^^^^^^^^^^^^^^^
  File "C:\Users\arsry\AppData\Local\Programs\Python\Python313\Lib\site-packages\aiogram\dispatcher\dispatcher.py", line 158, in feed_update
    response = await self.update.wrap_outer_middleware(
               ^^^^^^^^^^^^^^^^^^^^^^^^^^^^^^^^^^^^^^^^
    ...<7 lines>...
    )
    ^
  File "C:\Users\arsry\AppData\Local\Programs\Python\Python313\Lib\site-packages\aiogram\dispatcher\middlewares\error.py", line 25, in __call__
    return await handler(event, data)
           ^^^^^^^^^^^^^^^^^^^^^^^^^^
  File "C:\Users\arsry\AppData\Local\Programs\Python\Python313\Lib\site-packages\aiogram\dispatcher\middlewares\user_context.py", line 56, in __call__
    return await handler(event, data)
           ^^^^^^^^^^^^^^^^^^^^^^^^^^
  File "C:\Users\arsry\AppData\Local\Programs\Python\Python313\Lib\site-packages\aiogram\fsm\middleware.py", line 42, in __call__
    return await handler(event, data)
           ^^^^^^^^^^^^^^^^^^^^^^^^^^
  File "C:\Users\arsry\AppData\Local\Programs\Python\Python313\Lib\site-packages\aiogram\dispatcher\event\telegram.py", line 121, in trigger
    return await wrapped_inner(event, kwargs)
           ^^^^^^^^^^^^^^^^^^^^^^^^^^^^^^^^^^
  File "C:\Users\arsry\AppData\Local\Programs\Python\Python313\Lib\site-packages\aiogram\dispatcher\event\handler.py", line 43, in call
    return await wrapped()
           ^^^^^^^^^^^^^^^
  File "C:\Users\arsry\AppData\Local\Programs\Python\Python313\Lib\site-packages\aiogram\dispatcher\dispatcher.py", line 276, in _listen_update
    return await self.propagate_event(update_type=update_type, event=event, **kwargs)
           ^^^^^^^^^^^^^^^^^^^^^^^^^^^^^^^^^^^^^^^^^^^^^^^^^^^^^^^^^^^^^^^^^^^^^^^^^^
  File "C:\Users\arsry\AppData\Local\Programs\Python\Python313\Lib\site-packages\aiogram\dispatcher\router.py", line 146, in propagate_event
    return await observer.wrap_outer_middleware(_wrapped, event=event, data=kwargs)
           ^^^^^^^^^^^^^^^^^^^^^^^^^^^^^^^^^^^^^^^^^^^^^^^^^^^^^^^^^^^^^^^^^^^^^^^^
  File "C:\Users\arsry\AppData\Local\Programs\Python\Python313\Lib\site-packages\aiogram\dispatcher\router.py", line 141, in _wrapped
    return await self._propagate_event(
           ^^^^^^^^^^^^^^^^^^^^^^^^^^^^
        observer=observer, update_type=update_type, event=telegram_event, **data
        ^^^^^^^^^^^^^^^^^^^^^^^^^^^^^^^^^^^^^^^^^^^^^^^^^^^^^^^^^^^^^^^^^^^^^^^^
    )
    ^
  File "C:\Users\arsry\AppData\Local\Programs\Python\Python313\Lib\site-packages\aiogram\dispatcher\router.py", line 174, in _propagate_event
    response = await router.propagate_event(update_type=update_type, event=event, **kwargs)
               ^^^^^^^^^^^^^^^^^^^^^^^^^^^^^^^^^^^^^^^^^^^^^^^^^^^^^^^^^^^^^^^^^^^^^^^^^^^^
  File "C:\Users\arsry\AppData\Local\Programs\Python\Python313\Lib\site-packages\aiogram\dispatcher\router.py", line 146, in propagate_event
    return await observer.wrap_outer_middleware(_wrapped, event=event, data=kwargs)
           ^^^^^^^^^^^^^^^^^^^^^^^^^^^^^^^^^^^^^^^^^^^^^^^^^^^^^^^^^^^^^^^^^^^^^^^^
  File "C:\Users\arsry\AppData\Local\Programs\Python\Python313\Lib\site-packages\aiogram\dispatcher\router.py", line 141, in _wrapped
    return await self._propagate_event(
           ^^^^^^^^^^^^^^^^^^^^^^^^^^^^
        observer=observer, update_type=update_type, event=telegram_event, **data
        ^^^^^^^^^^^^^^^^^^^^^^^^^^^^^^^^^^^^^^^^^^^^^^^^^^^^^^^^^^^^^^^^^^^^^^^^
    )
    ^
  File "C:\Users\arsry\AppData\Local\Programs\Python\Python313\Lib\site-packages\aiogram\dispatcher\router.py", line 166, in _propagate_event
    response = await observer.trigger(event, **kwargs)
               ^^^^^^^^^^^^^^^^^^^^^^^^^^^^^^^^^^^^^^^
  File "C:\Users\arsry\AppData\Local\Programs\Python\Python313\Lib\site-packages\aiogram\dispatcher\event\telegram.py", line 121, in trigger
    return await wrapped_inner(event, kwargs)
           ^^^^^^^^^^^^^^^^^^^^^^^^^^^^^^^^^^
  File "C:\Users\arsry\OneDrive\Рабочий стол\запись на секции\tg_bot\middlewares\throttling.py", line 64, in __call__
    return await handler(message, data)
           ^^^^^^^^^^^^^^^^^^^^^^^^^^^^
  File "C:\Users\arsry\AppData\Local\Programs\Python\Python313\Lib\site-packages\aiogram\dispatcher\event\handler.py", line 43, in call
    return await wrapped()
           ^^^^^^^^^^^^^^^
  File "C:\Users\arsry\OneDrive\Рабочий стол\запись на секции\tg_bot\routers\record.py", line 223, in process_confirmation
    section_id = str(await add_section_data_return_id(message.from_user.id, section, data['coach'], data['day'], data['week'], data['time'], data['place']))
                           ^^^^^^^^^^^^^^^^^^^^^^^^^^
NameError: name 'add_section_data_return_id' is not defined
[2026-01-22 06:48:40] INFO in dispatcher: Start polling
[2026-01-22 06:48:40] INFO in dispatcher: Run polling for bot @prot_xafda_bot id=7616289372 - 'prot_bot'
[2026-01-22 06:48:42] INFO in dispatcher: Update id=219029840 is handled. Duration 347 ms by bot id=7616289372
[2026-01-22 06:48:43] INFO in dispatcher: Update id=219029841 is handled. Duration 59 ms by bot id=7616289372
[2026-01-22 06:48:43] INFO in dispatcher: Update id=219029842 is handled. Duration 138 ms by bot id=7616289372
[2026-01-22 06:48:44] INFO in dispatcher: Update id=219029843 is handled. Duration 105 ms by bot id=7616289372
[2026-01-22 06:48:45] INFO in dispatcher: Update id=219029844 is handled. Duration 180 ms by bot id=7616289372
[2026-01-22 06:48:46] INFO in dispatcher: Update id=219029845 is handled. Duration 367 ms by bot id=7616289372
[2026-01-22 06:48:52] INFO in dispatcher: Update id=219029846 is handled. Duration 564 ms by bot id=7616289372
[2026-01-22 06:48:54] ERROR in postgre_db: Команда: INSERT INTO sections (section, coach, day_id, time_id, on_even_numbers, location, is_parsing) VALUES ('485083720', 'Жёсткая ебля', Платонова, 2, 1, '5', Ломо) RETURNING id
Ошибка при получении данных: столбец "Платонова" не существует
[2026-01-22 06:48:54] ERROR in postgre_db: Команда: INSERT INTO records (user_id, section_id, period) VALUES (485083720, False, 1)
Ошибка при получении данных: столбец "section_id" имеет тип integer, а выражение - boolean
HINT:  Перепишите выражение или преобразуйте его тип.
[2026-01-22 06:48:54] INFO in dispatcher: Update id=219029847 is handled. Duration 421 ms by bot id=7616289372
[2026-01-22 06:52:18] INFO in dispatcher: Update id=219029848 is handled. Duration 499 ms by bot id=7616289372
[2026-01-22 06:52:20] INFO in dispatcher: Update id=219029849 is handled. Duration 109 ms by bot id=7616289372
[2026-01-22 06:52:22] INFO in dispatcher: Update id=219029850 is handled. Duration 376 ms by bot id=7616289372
[2026-01-22 06:52:23] INFO in dispatcher: Update id=219029851 is handled. Duration 120 ms by bot id=7616289372
[2026-01-22 06:52:25] INFO in dispatcher: Update id=219029852 is handled. Duration 165 ms by bot id=7616289372
[2026-01-22 06:52:29] INFO in dispatcher: Update id=219029853 is handled. Duration 118 ms by bot id=7616289372
[2026-01-22 06:52:37] INFO in dispatcher: Update id=219029854 is handled. Duration 76 ms by bot id=7616289372
[2026-01-22 06:52:40] ERROR in postgre_db: Команда: INSERT INTO sections (section, coach, day_id, time_id, on_even_numbers, location, is_parsing) VALUES ('485083720', 'Жёсткая ебля', Платонова, 2, 1, '5', Ломо) RETURNING id
Ошибка при получении данных: столбец "Платонова" не существует
[2026-01-22 06:52:41] ERROR in postgre_db: Команда: INSERT INTO records (user_id, section_id, period) VALUES (485083720, False, 1)
Ошибка при получении данных: столбец "section_id" имеет тип integer, а выражение - boolean
HINT:  Перепишите выражение или преобразуйте его тип.
[2026-01-22 06:52:41] INFO in dispatcher: Update id=219029855 is handled. Duration 249 ms by bot id=7616289372
[2026-01-22 06:56:00] INFO in dispatcher: Start polling
[2026-01-22 06:56:00] INFO in dispatcher: Run polling for bot @prot_xafda_bot id=7616289372 - 'prot_bot'
[2026-01-22 06:56:01] INFO in dispatcher: Update id=219029856 is handled. Duration 228 ms by bot id=7616289372
[2026-01-22 06:56:02] INFO in dispatcher: Update id=219029857 is handled. Duration 59 ms by bot id=7616289372
[2026-01-22 06:56:03] INFO in dispatcher: Update id=219029858 is handled. Duration 142 ms by bot id=7616289372
[2026-01-22 06:56:04] INFO in dispatcher: Update id=219029859 is handled. Duration 114 ms by bot id=7616289372
[2026-01-22 06:56:05] INFO in dispatcher: Update id=219029860 is handled. Duration 162 ms by bot id=7616289372
[2026-01-22 06:56:06] INFO in dispatcher: Update id=219029861 is handled. Duration 236 ms by bot id=7616289372
[2026-01-22 06:56:13] INFO in dispatcher: Update id=219029862 is handled. Duration 326 ms by bot id=7616289372
[2026-01-22 06:56:16] ERROR in postgre_db: Команда: INSERT INTO records (user_id, section_id, period) VALUES (485083720, True, 1)
Ошибка при получении данных: столбец "section_id" имеет тип integer, а выражение - boolean
HINT:  Перепишите выражение или преобразуйте его тип.
[2026-01-22 06:56:16] INFO in dispatcher: Update id=219029863 is handled. Duration 212 ms by bot id=7616289372
[2026-01-22 06:57:45] INFO in dispatcher: Start polling
[2026-01-22 06:57:45] INFO in dispatcher: Run polling for bot @prot_xafda_bot id=7616289372 - 'prot_bot'
[2026-01-22 06:57:50] INFO in dispatcher: Update id=219029864 is handled. Duration 236 ms by bot id=7616289372
[2026-01-22 06:57:51] INFO in dispatcher: Update id=219029865 is handled. Duration 62 ms by bot id=7616289372
[2026-01-22 06:57:52] INFO in dispatcher: Update id=219029866 is handled. Duration 108 ms by bot id=7616289372
[2026-01-22 06:57:52] INFO in dispatcher: Update id=219029867 is handled. Duration 108 ms by bot id=7616289372
[2026-01-22 06:57:53] INFO in dispatcher: Update id=219029868 is handled. Duration 161 ms by bot id=7616289372
[2026-01-22 06:57:58] INFO in dispatcher: Update id=219029869 is handled. Duration 787 ms by bot id=7616289372
[2026-01-22 06:58:04] INFO in dispatcher: Update id=219029870 is handled. Duration 86 ms by bot id=7616289372
[2026-01-22 06:58:05] INFO in dispatcher: Update id=219029871 is not handled. Duration 52 ms by bot id=7616289372
[2026-01-22 06:58:05] ERROR in dispatcher: Cause exception while process update id=219029871 by bot id=7616289372
KeyError: 'section_id'
Traceback (most recent call last):
  File "C:\Users\arsry\AppData\Local\Programs\Python\Python313\Lib\site-packages\aiogram\dispatcher\dispatcher.py", line 309, in _process_update
    response = await self.feed_update(bot, update, **kwargs)
               ^^^^^^^^^^^^^^^^^^^^^^^^^^^^^^^^^^^^^^^^^^^^^
  File "C:\Users\arsry\AppData\Local\Programs\Python\Python313\Lib\site-packages\aiogram\dispatcher\dispatcher.py", line 158, in feed_update
    response = await self.update.wrap_outer_middleware(
               ^^^^^^^^^^^^^^^^^^^^^^^^^^^^^^^^^^^^^^^^
    ...<7 lines>...
    )
    ^
  File "C:\Users\arsry\AppData\Local\Programs\Python\Python313\Lib\site-packages\aiogram\dispatcher\middlewares\error.py", line 25, in __call__
    return await handler(event, data)
           ^^^^^^^^^^^^^^^^^^^^^^^^^^
  File "C:\Users\arsry\AppData\Local\Programs\Python\Python313\Lib\site-packages\aiogram\dispatcher\middlewares\user_context.py", line 56, in __call__
    return await handler(event, data)
           ^^^^^^^^^^^^^^^^^^^^^^^^^^
  File "C:\Users\arsry\AppData\Local\Programs\Python\Python313\Lib\site-packages\aiogram\fsm\middleware.py", line 42, in __call__
    return await handler(event, data)
           ^^^^^^^^^^^^^^^^^^^^^^^^^^
  File "C:\Users\arsry\AppData\Local\Programs\Python\Python313\Lib\site-packages\aiogram\dispatcher\event\telegram.py", line 121, in trigger
    return await wrapped_inner(event, kwargs)
           ^^^^^^^^^^^^^^^^^^^^^^^^^^^^^^^^^^
  File "C:\Users\arsry\AppData\Local\Programs\Python\Python313\Lib\site-packages\aiogram\dispatcher\event\handler.py", line 43, in call
    return await wrapped()
           ^^^^^^^^^^^^^^^
  File "C:\Users\arsry\AppData\Local\Programs\Python\Python313\Lib\site-packages\aiogram\dispatcher\dispatcher.py", line 276, in _listen_update
    return await self.propagate_event(update_type=update_type, event=event, **kwargs)
           ^^^^^^^^^^^^^^^^^^^^^^^^^^^^^^^^^^^^^^^^^^^^^^^^^^^^^^^^^^^^^^^^^^^^^^^^^^
  File "C:\Users\arsry\AppData\Local\Programs\Python\Python313\Lib\site-packages\aiogram\dispatcher\router.py", line 146, in propagate_event
    return await observer.wrap_outer_middleware(_wrapped, event=event, data=kwargs)
           ^^^^^^^^^^^^^^^^^^^^^^^^^^^^^^^^^^^^^^^^^^^^^^^^^^^^^^^^^^^^^^^^^^^^^^^^
  File "C:\Users\arsry\AppData\Local\Programs\Python\Python313\Lib\site-packages\aiogram\dispatcher\router.py", line 141, in _wrapped
    return await self._propagate_event(
           ^^^^^^^^^^^^^^^^^^^^^^^^^^^^
        observer=observer, update_type=update_type, event=telegram_event, **data
        ^^^^^^^^^^^^^^^^^^^^^^^^^^^^^^^^^^^^^^^^^^^^^^^^^^^^^^^^^^^^^^^^^^^^^^^^
    )
    ^
  File "C:\Users\arsry\AppData\Local\Programs\Python\Python313\Lib\site-packages\aiogram\dispatcher\router.py", line 174, in _propagate_event
    response = await router.propagate_event(update_type=update_type, event=event, **kwargs)
               ^^^^^^^^^^^^^^^^^^^^^^^^^^^^^^^^^^^^^^^^^^^^^^^^^^^^^^^^^^^^^^^^^^^^^^^^^^^^
  File "C:\Users\arsry\AppData\Local\Programs\Python\Python313\Lib\site-packages\aiogram\dispatcher\router.py", line 146, in propagate_event
    return await observer.wrap_outer_middleware(_wrapped, event=event, data=kwargs)
           ^^^^^^^^^^^^^^^^^^^^^^^^^^^^^^^^^^^^^^^^^^^^^^^^^^^^^^^^^^^^^^^^^^^^^^^^
  File "C:\Users\arsry\AppData\Local\Programs\Python\Python313\Lib\site-packages\aiogram\dispatcher\router.py", line 141, in _wrapped
    return await self._propagate_event(
           ^^^^^^^^^^^^^^^^^^^^^^^^^^^^
        observer=observer, update_type=update_type, event=telegram_event, **data
        ^^^^^^^^^^^^^^^^^^^^^^^^^^^^^^^^^^^^^^^^^^^^^^^^^^^^^^^^^^^^^^^^^^^^^^^^
    )
    ^
  File "C:\Users\arsry\AppData\Local\Programs\Python\Python313\Lib\site-packages\aiogram\dispatcher\router.py", line 166, in _propagate_event
    response = await observer.trigger(event, **kwargs)
               ^^^^^^^^^^^^^^^^^^^^^^^^^^^^^^^^^^^^^^^
  File "C:\Users\arsry\AppData\Local\Programs\Python\Python313\Lib\site-packages\aiogram\dispatcher\event\telegram.py", line 121, in trigger
    return await wrapped_inner(event, kwargs)
           ^^^^^^^^^^^^^^^^^^^^^^^^^^^^^^^^^^
  File "C:\Users\arsry\OneDrive\Рабочий стол\запись на секции\tg_bot\middlewares\throttling.py", line 64, in __call__
    return await handler(message, data)
           ^^^^^^^^^^^^^^^^^^^^^^^^^^^^
  File "C:\Users\arsry\AppData\Local\Programs\Python\Python313\Lib\site-packages\aiogram\dispatcher\event\handler.py", line 43, in call
    return await wrapped()
           ^^^^^^^^^^^^^^^
  File "C:\Users\arsry\OneDrive\Рабочий стол\запись на секции\tg_bot\routers\record.py", line 225, in process_confirmation
    section_id = data_section[0]['section_id']
                 ~~~~~~~~~~~~~~~^^^^^^^^^^^^^^
KeyError: 'section_id'
[2026-01-22 06:58:27] INFO in dispatcher: Start polling
[2026-01-22 06:58:28] INFO in dispatcher: Run polling for bot @prot_xafda_bot id=7616289372 - 'prot_bot'
[2026-01-22 06:58:29] INFO in dispatcher: Update id=219029872 is handled. Duration 247 ms by bot id=7616289372
[2026-01-22 06:58:31] INFO in dispatcher: Update id=219029873 is handled. Duration 66 ms by bot id=7616289372
[2026-01-22 06:58:31] INFO in dispatcher: Update id=219029874 is handled. Duration 114 ms by bot id=7616289372
[2026-01-22 06:58:32] INFO in dispatcher: Update id=219029875 is handled. Duration 112 ms by bot id=7616289372
[2026-01-22 06:58:34] INFO in dispatcher: Update id=219029876 is handled. Duration 154 ms by bot id=7616289372
[2026-01-22 06:58:35] INFO in dispatcher: Update id=219029877 is handled. Duration 224 ms by bot id=7616289372
[2026-01-22 06:58:41] INFO in dispatcher: Update id=219029878 is handled. Duration 684 ms by bot id=7616289372
[2026-01-22 06:58:42] INFO in dispatcher: Update id=219029879 is handled. Duration 155 ms by bot id=7616289372
[2026-01-22 06:58:46] INFO in dispatcher: Update id=219029880 is handled. Duration 156 ms by bot id=7616289372
[2026-01-22 06:58:50] INFO in dispatcher: Update id=219029881 is handled. Duration 58 ms by bot id=7616289372
[2026-01-22 06:58:51] INFO in dispatcher: Update id=219029882 is handled. Duration 63 ms by bot id=7616289372
[2026-01-22 06:58:52] INFO in dispatcher: Update id=219029883 is handled. Duration 59 ms by bot id=7616289372
[2026-01-22 06:58:54] INFO in dispatcher: Update id=219029884 is handled. Duration 119 ms by bot id=7616289372
[2026-01-22 06:58:56] INFO in dispatcher: Update id=219029885 is handled. Duration 106 ms by bot id=7616289372
[2026-01-22 06:59:13] INFO in dispatcher: Update id=219029886 is handled. Duration 435 ms by bot id=7616289372
[2026-01-22 06:59:18] INFO in dispatcher: Update id=219029887 is not handled. Duration 1 ms by bot id=7616289372
[2026-01-22 06:59:20] INFO in dispatcher: Update id=219029888 is handled. Duration 178 ms by bot id=7616289372
[2026-01-22 06:59:23] INFO in dispatcher: Update id=219029889 is handled. Duration 133 ms by bot id=7616289372
[2026-01-22 06:59:27] ERROR in postgre_db: Команда: INSERT INTO records (user_id, section_id, period) VALUES (485083720, [{'id': 2}], 1)
Ошибка при получении данных: ошибка синтаксиса (примерное положение: "[")
[2026-01-22 06:59:27] INFO in dispatcher: Update id=219029890 is handled. Duration 454 ms by bot id=7616289372
[2026-01-22 06:59:35] INFO in dispatcher: Update id=219029891 is handled. Duration 57 ms by bot id=7616289372
[2026-01-22 06:59:36] INFO in dispatcher: Update id=219029892 is handled. Duration 126 ms by bot id=7616289372
[2026-01-22 06:59:38] INFO in dispatcher: Update id=219029893 is handled. Duration 115 ms by bot id=7616289372
[2026-01-22 07:00:02] INFO in dispatcher: Update id=219029894 is handled. Duration 59 ms by bot id=7616289372
[2026-01-22 07:00:28] INFO in dispatcher: Update id=219029895 is handled. Duration 115 ms by bot id=7616289372
[2026-01-22 07:00:29] INFO in dispatcher: Update id=219029896 is handled. Duration 428 ms by bot id=7616289372
[2026-01-22 07:00:31] INFO in dispatcher: Update id=219029897 is handled. Duration 112 ms by bot id=7616289372
[2026-01-22 07:00:32] INFO in dispatcher: Update id=219029898 is handled. Duration 114 ms by bot id=7616289372
[2026-01-22 07:00:33] INFO in dispatcher: Update id=219029899 is handled. Duration 158 ms by bot id=7616289372
[2026-01-22 07:00:34] INFO in dispatcher: Update id=219029900 is handled. Duration 108 ms by bot id=7616289372
[2026-01-22 07:00:39] INFO in dispatcher: Update id=219029901 is handled. Duration 63 ms by bot id=7616289372
[2026-01-22 07:00:42] ERROR in postgre_db: Команда: INSERT INTO records (user_id, section_id, period) VALUES (485083720, [{'id': 3}], 1)
Ошибка при получении данных: ошибка синтаксиса (примерное положение: "[")
[2026-01-22 07:00:42] INFO in dispatcher: Update id=219029902 is handled. Duration 279 ms by bot id=7616289372
[2026-01-22 07:02:01] INFO in dispatcher: Start polling
[2026-01-22 07:02:01] INFO in dispatcher: Run polling for bot @prot_xafda_bot id=7616289372 - 'prot_bot'
[2026-01-22 07:02:02] INFO in dispatcher: Update id=219029903 is handled. Duration 346 ms by bot id=7616289372
[2026-01-22 07:02:04] INFO in dispatcher: Update id=219029904 is handled. Duration 63 ms by bot id=7616289372
[2026-01-22 07:02:05] INFO in dispatcher: Update id=219029905 is handled. Duration 205 ms by bot id=7616289372
[2026-01-22 07:02:07] INFO in dispatcher: Update id=219029906 is handled. Duration 139 ms by bot id=7616289372
[2026-01-22 07:02:08] INFO in dispatcher: Update id=219029907 is handled. Duration 154 ms by bot id=7616289372
[2026-01-22 07:02:09] INFO in dispatcher: Update id=219029908 is handled. Duration 794 ms by bot id=7616289372
[2026-01-22 07:02:13] INFO in dispatcher: Update id=219029909 is handled. Duration 427 ms by bot id=7616289372
[2026-01-22 07:02:16] ERROR in postgre_db: Команда: INSERT INTO sections (section, coach, day_id, time_id, on_even_numbers, location, is_parsing) VALUES ('Жёсткая ебля', 'Платонова', 1, 1, 3, 'Ломо', False) RETURNING id
Ошибка при получении данных: повторяющееся значение ключа нарушает ограничение уникальности "sections_section_coach_day_id_time_id_on_even_numbers_key"
DETAIL:  Ключ "(section, coach, day_id, time_id, on_even_numbers)=(Жёсткая ебля, Платонова, 1, 1, 3)" уже существует.
[2026-01-22 07:02:16] ERROR in postgre_db: Команда: INSERT INTO records (user_id, section_id, period) VALUES (485083720, [], 1)
Ошибка при получении данных: ошибка синтаксиса (примерное положение: "[")
[2026-01-22 07:02:17] INFO in dispatcher: Update id=219029910 is handled. Duration 585 ms by bot id=7616289372
[2026-01-22 07:03:41] INFO in dispatcher: Start polling
[2026-01-22 07:03:41] INFO in dispatcher: Run polling for bot @prot_xafda_bot id=7616289372 - 'prot_bot'
[2026-01-22 07:03:42] INFO in dispatcher: Update id=219029911 is handled. Duration 339 ms by bot id=7616289372
[2026-01-22 07:03:43] INFO in dispatcher: Update id=219029912 is handled. Duration 77 ms by bot id=7616289372
[2026-01-22 07:03:44] INFO in dispatcher: Update id=219029913 is handled. Duration 110 ms by bot id=7616289372
[2026-01-22 07:03:45] INFO in dispatcher: Update id=219029914 is handled. Duration 104 ms by bot id=7616289372
[2026-01-22 07:03:47] INFO in dispatcher: Update id=219029915 is handled. Duration 172 ms by bot id=7616289372
[2026-01-22 07:03:48] INFO in dispatcher: Update id=219029916 is handled. Duration 123 ms by bot id=7616289372
[2026-01-22 07:03:52] INFO in dispatcher: Update id=219029917 is handled. Duration 343 ms by bot id=7616289372
[2026-01-22 07:03:56] ERROR in postgre_db: Команда: INSERT INTO records (user_id, section_id, period) VALUES (485083720, [{'id': 5}], 1)
Ошибка при получении данных: ошибка синтаксиса (примерное положение: "[")
[2026-01-22 07:03:56] INFO in dispatcher: Update id=219029918 is handled. Duration 224 ms by bot id=7616289372
[2026-01-22 07:09:18] INFO in dispatcher: Start polling
[2026-01-22 07:09:18] INFO in dispatcher: Run polling for bot @prot_xafda_bot id=7616289372 - 'prot_bot'
[2026-01-22 07:09:23] INFO in dispatcher: Update id=219029919 is handled. Duration 242 ms by bot id=7616289372
[2026-01-22 07:09:24] INFO in dispatcher: Update id=219029920 is handled. Duration 99 ms by bot id=7616289372
[2026-01-22 07:09:24] INFO in dispatcher: Update id=219029921 is handled. Duration 169 ms by bot id=7616289372
[2026-01-22 07:09:26] INFO in dispatcher: Update id=219029922 is handled. Duration 228 ms by bot id=7616289372
[2026-01-22 07:09:27] INFO in dispatcher: Update id=219029923 is handled. Duration 153 ms by bot id=7616289372
[2026-01-22 07:09:29] INFO in dispatcher: Update id=219029924 is handled. Duration 230 ms by bot id=7616289372
[2026-01-22 07:09:39] INFO in dispatcher: Update id=219029925 is handled. Duration 64 ms by bot id=7616289372
[2026-01-22 07:09:46] INFO in dispatcher: Update id=219029926 is handled. Duration 205 ms by bot id=7616289372
[2026-01-22 07:09:53] INFO in dispatcher: Update id=219029927 is handled. Duration 111 ms by bot id=7616289372
[2026-01-22 07:09:54] INFO in dispatcher: Update id=219029928 is handled. Duration 64 ms by bot id=7616289372
[2026-01-22 07:09:57] INFO in dispatcher: Update id=219029929 is handled. Duration 111 ms by bot id=7616289372
[2026-01-22 07:09:58] INFO in dispatcher: Update id=219029930 is handled. Duration 106 ms by bot id=7616289372
[2026-01-22 07:09:59] INFO in dispatcher: Update id=219029931 is handled. Duration 173 ms by bot id=7616289372
[2026-01-22 07:10:03] INFO in dispatcher: Update id=219029932 is handled. Duration 185 ms by bot id=7616289372
[2026-01-22 07:10:08] INFO in dispatcher: Update id=219029933 is handled. Duration 523 ms by bot id=7616289372
[2026-01-22 07:10:10] ERROR in postgre_db: Команда: INSERT INTO sections (section, coach, day_id, time_id, on_even_numbers, location, is_parsing) VALUES ('Жёсткая ебля', 'Платонова', 1, 1, 2, 'Ломо', False) RETURNING id
Ошибка при получении данных: повторяющееся значение ключа нарушает ограничение уникальности "sections_section_coach_day_id_time_id_on_even_numbers_key"
DETAIL:  Ключ "(section, coach, day_id, time_id, on_even_numbers)=(Жёсткая ебля, Платонова, 1, 1, 2)" уже существует.
[2026-01-22 07:10:10] INFO in dispatcher: Update id=219029934 is not handled. Duration 99 ms by bot id=7616289372
[2026-01-22 07:10:10] ERROR in dispatcher: Cause exception while process update id=219029934 by bot id=7616289372
IndexError: list index out of range
Traceback (most recent call last):
  File "C:\Users\arsry\AppData\Local\Programs\Python\Python313\Lib\site-packages\aiogram\dispatcher\dispatcher.py", line 309, in _process_update
    response = await self.feed_update(bot, update, **kwargs)
               ^^^^^^^^^^^^^^^^^^^^^^^^^^^^^^^^^^^^^^^^^^^^^
  File "C:\Users\arsry\AppData\Local\Programs\Python\Python313\Lib\site-packages\aiogram\dispatcher\dispatcher.py", line 158, in feed_update
    response = await self.update.wrap_outer_middleware(
               ^^^^^^^^^^^^^^^^^^^^^^^^^^^^^^^^^^^^^^^^
    ...<7 lines>...
    )
    ^
  File "C:\Users\arsry\AppData\Local\Programs\Python\Python313\Lib\site-packages\aiogram\dispatcher\middlewares\error.py", line 25, in __call__
    return await handler(event, data)
           ^^^^^^^^^^^^^^^^^^^^^^^^^^
  File "C:\Users\arsry\AppData\Local\Programs\Python\Python313\Lib\site-packages\aiogram\dispatcher\middlewares\user_context.py", line 56, in __call__
    return await handler(event, data)
           ^^^^^^^^^^^^^^^^^^^^^^^^^^
  File "C:\Users\arsry\AppData\Local\Programs\Python\Python313\Lib\site-packages\aiogram\fsm\middleware.py", line 42, in __call__
    return await handler(event, data)
           ^^^^^^^^^^^^^^^^^^^^^^^^^^
  File "C:\Users\arsry\AppData\Local\Programs\Python\Python313\Lib\site-packages\aiogram\dispatcher\event\telegram.py", line 121, in trigger
    return await wrapped_inner(event, kwargs)
           ^^^^^^^^^^^^^^^^^^^^^^^^^^^^^^^^^^
  File "C:\Users\arsry\AppData\Local\Programs\Python\Python313\Lib\site-packages\aiogram\dispatcher\event\handler.py", line 43, in call
    return await wrapped()
           ^^^^^^^^^^^^^^^
  File "C:\Users\arsry\AppData\Local\Programs\Python\Python313\Lib\site-packages\aiogram\dispatcher\dispatcher.py", line 276, in _listen_update
    return await self.propagate_event(update_type=update_type, event=event, **kwargs)
           ^^^^^^^^^^^^^^^^^^^^^^^^^^^^^^^^^^^^^^^^^^^^^^^^^^^^^^^^^^^^^^^^^^^^^^^^^^
  File "C:\Users\arsry\AppData\Local\Programs\Python\Python313\Lib\site-packages\aiogram\dispatcher\router.py", line 146, in propagate_event
    return await observer.wrap_outer_middleware(_wrapped, event=event, data=kwargs)
           ^^^^^^^^^^^^^^^^^^^^^^^^^^^^^^^^^^^^^^^^^^^^^^^^^^^^^^^^^^^^^^^^^^^^^^^^
  File "C:\Users\arsry\AppData\Local\Programs\Python\Python313\Lib\site-packages\aiogram\dispatcher\router.py", line 141, in _wrapped
    return await self._propagate_event(
           ^^^^^^^^^^^^^^^^^^^^^^^^^^^^
        observer=observer, update_type=update_type, event=telegram_event, **data
        ^^^^^^^^^^^^^^^^^^^^^^^^^^^^^^^^^^^^^^^^^^^^^^^^^^^^^^^^^^^^^^^^^^^^^^^^
    )
    ^
  File "C:\Users\arsry\AppData\Local\Programs\Python\Python313\Lib\site-packages\aiogram\dispatcher\router.py", line 174, in _propagate_event
    response = await router.propagate_event(update_type=update_type, event=event, **kwargs)
               ^^^^^^^^^^^^^^^^^^^^^^^^^^^^^^^^^^^^^^^^^^^^^^^^^^^^^^^^^^^^^^^^^^^^^^^^^^^^
  File "C:\Users\arsry\AppData\Local\Programs\Python\Python313\Lib\site-packages\aiogram\dispatcher\router.py", line 146, in propagate_event
    return await observer.wrap_outer_middleware(_wrapped, event=event, data=kwargs)
           ^^^^^^^^^^^^^^^^^^^^^^^^^^^^^^^^^^^^^^^^^^^^^^^^^^^^^^^^^^^^^^^^^^^^^^^^
  File "C:\Users\arsry\AppData\Local\Programs\Python\Python313\Lib\site-packages\aiogram\dispatcher\router.py", line 141, in _wrapped
    return await self._propagate_event(
           ^^^^^^^^^^^^^^^^^^^^^^^^^^^^
        observer=observer, update_type=update_type, event=telegram_event, **data
        ^^^^^^^^^^^^^^^^^^^^^^^^^^^^^^^^^^^^^^^^^^^^^^^^^^^^^^^^^^^^^^^^^^^^^^^^
    )
    ^
  File "C:\Users\arsry\AppData\Local\Programs\Python\Python313\Lib\site-packages\aiogram\dispatcher\router.py", line 166, in _propagate_event
    response = await observer.trigger(event, **kwargs)
               ^^^^^^^^^^^^^^^^^^^^^^^^^^^^^^^^^^^^^^^
  File "C:\Users\arsry\AppData\Local\Programs\Python\Python313\Lib\site-packages\aiogram\dispatcher\event\telegram.py", line 121, in trigger
    return await wrapped_inner(event, kwargs)
           ^^^^^^^^^^^^^^^^^^^^^^^^^^^^^^^^^^
  File "C:\Users\arsry\OneDrive\Рабочий стол\запись на секции\tg_bot\middlewares\throttling.py", line 64, in __call__
    return await handler(message, data)
           ^^^^^^^^^^^^^^^^^^^^^^^^^^^^
  File "C:\Users\arsry\AppData\Local\Programs\Python\Python313\Lib\site-packages\aiogram\dispatcher\event\handler.py", line 43, in call
    return await wrapped()
           ^^^^^^^^^^^^^^^
  File "C:\Users\arsry\OneDrive\Рабочий стол\запись на секции\tg_bot\routers\record.py", line 222, in process_confirmation
    section_id = data_section[0]['id']
                 ~~~~~~~~~~~~^^^
IndexError: list index out of range
[2026-01-22 07:10:51] INFO in dispatcher: Start polling
[2026-01-22 07:10:52] INFO in dispatcher: Run polling for bot @prot_xafda_bot id=7616289372 - 'prot_bot'
[2026-01-22 07:10:54] INFO in dispatcher: Update id=219029935 is handled. Duration 233 ms by bot id=7616289372
[2026-01-22 07:10:55] INFO in dispatcher: Update id=219029936 is handled. Duration 69 ms by bot id=7616289372
[2026-01-22 07:10:56] INFO in dispatcher: Update id=219029937 is handled. Duration 109 ms by bot id=7616289372
[2026-01-22 07:10:58] INFO in dispatcher: Update id=219029938 is handled. Duration 112 ms by bot id=7616289372
[2026-01-22 07:10:59] INFO in dispatcher: Update id=219029939 is handled. Duration 403 ms by bot id=7616289372
[2026-01-22 07:11:00] INFO in dispatcher: Update id=219029940 is handled. Duration 445 ms by bot id=7616289372
[2026-01-22 07:11:04] INFO in dispatcher: Update id=219029941 is handled. Duration 661 ms by bot id=7616289372
[2026-01-22 07:11:06] INFO in dispatcher: Update id=219029942 is handled. Duration 212 ms by bot id=7616289372
[2026-01-22 07:11:17] INFO in dispatcher: Update id=219029943 is handled. Duration 126 ms by bot id=7616289372
[2026-01-22 07:11:19] INFO in dispatcher: Update id=219029944 is handled. Duration 90 ms by bot id=7616289372
[2026-01-22 07:11:20] INFO in dispatcher: Update id=219029945 is handled. Duration 123 ms by bot id=7616289372
[2026-01-22 07:11:21] INFO in dispatcher: Update id=219029946 is handled. Duration 172 ms by bot id=7616289372
[2026-01-22 07:11:22] INFO in dispatcher: Update id=219029947 is handled. Duration 286 ms by bot id=7616289372
[2026-01-22 07:11:24] INFO in dispatcher: Update id=219029948 is handled. Duration 111 ms by bot id=7616289372
[2026-01-22 07:11:28] INFO in dispatcher: Update id=219029949 is handled. Duration 62 ms by bot id=7616289372
[2026-01-22 07:11:31] INFO in dispatcher: Update id=219029950 is handled. Duration 302 ms by bot id=7616289372
[2026-01-22 07:11:45] INFO in dispatcher: Update id=219029951 is handled. Duration 114 ms by bot id=7616289372
[2026-01-22 07:11:47] INFO in dispatcher: Update id=219029952 is handled. Duration 62 ms by bot id=7616289372
[2026-01-22 07:11:48] INFO in dispatcher: Update id=219029953 is handled. Duration 116 ms by bot id=7616289372
[2026-01-22 07:11:49] INFO in dispatcher: Update id=219029954 is handled. Duration 124 ms by bot id=7616289372
[2026-01-22 07:11:50] INFO in dispatcher: Update id=219029955 is handled. Duration 156 ms by bot id=7616289372
[2026-01-22 07:11:52] INFO in dispatcher: Update id=219029956 is handled. Duration 499 ms by bot id=7616289372
[2026-01-22 07:11:55] INFO in dispatcher: Update id=219029957 is handled. Duration 68 ms by bot id=7616289372
[2026-01-22 07:11:57] INFO in dispatcher: Update id=219029958 is handled. Duration 433 ms by bot id=7616289372
[2026-01-22 07:12:55] INFO in dispatcher: Update id=219029959 is handled. Duration 159 ms by bot id=7616289372
[2026-01-22 07:12:57] INFO in dispatcher: Update id=219029960 is handled. Duration 62 ms by bot id=7616289372
[2026-01-22 07:12:59] INFO in dispatcher: Update id=219029961 is handled. Duration 131 ms by bot id=7616289372
[2026-01-22 07:17:10] ERROR in dispatcher: Failed to fetch updates - TelegramNetworkError: HTTP Client says - Request timeout error
[2026-01-22 07:17:10] WARNING in dispatcher: Sleep for 1.000000 seconds and try again... (tryings = 0, bot id = 7616289372)
[2026-01-22 07:17:21] INFO in dispatcher: Connection established (tryings = 1, bot id = 7616289372)
[2026-01-22 07:18:26] INFO in dispatcher: Update id=219029962 is handled. Duration 175 ms by bot id=7616289372
[2026-01-22 07:18:28] INFO in dispatcher: Update id=219029963 is handled. Duration 227 ms by bot id=7616289372
[2026-01-22 07:18:29] INFO in dispatcher: Update id=219029964 is handled. Duration 111 ms by bot id=7616289372
[2026-01-22 07:18:30] INFO in dispatcher: Update id=219029965 is handled. Duration 80 ms by bot id=7616289372
[2026-01-22 07:18:31] INFO in dispatcher: Update id=219029966 is handled. Duration 220 ms by bot id=7616289372
[2026-01-22 07:18:33] INFO in dispatcher: Update id=219029967 is handled. Duration 62 ms by bot id=7616289372
[2026-01-22 07:22:14] INFO in dispatcher: Update id=219029968 is handled. Duration 60 ms by bot id=7616289372
[2026-01-22 07:22:18] INFO in dispatcher: Update id=219029969 is handled. Duration 187 ms by bot id=7616289372
[2026-01-22 07:22:19] INFO in dispatcher: Update id=219029970 is handled. Duration 60 ms by bot id=7616289372
[2026-01-22 07:22:20] INFO in dispatcher: Update id=219029971 is handled. Duration 433 ms by bot id=7616289372
[2026-01-22 07:22:20] INFO in dispatcher: Update id=219029972 is handled. Duration 144 ms by bot id=7616289372
[2026-01-22 07:22:21] INFO in dispatcher: Update id=219029973 is handled. Duration 289 ms by bot id=7616289372
[2026-01-22 07:22:23] INFO in dispatcher: Update id=219029974 is handled. Duration 742 ms by bot id=7616289372
[2026-01-22 07:22:24] INFO in dispatcher: Update id=219029975 is handled. Duration 163 ms by bot id=7616289372
[2026-01-22 07:22:26] INFO in dispatcher: Update id=219029976 is handled. Duration 102 ms by bot id=7616289372
[2026-01-22 07:22:28] INFO in dispatcher: Update id=219029977 is handled. Duration 497 ms by bot id=7616289372
[2026-01-22 07:22:30] INFO in dispatcher: Update id=219029978 is handled. Duration 125 ms by bot id=7616289372
[2026-01-22 07:22:31] INFO in dispatcher: Update id=219029979 is handled. Duration 127 ms by bot id=7616289372
[2026-01-22 07:22:32] INFO in dispatcher: Update id=219029980 is handled. Duration 107 ms by bot id=7616289372
[2026-01-22 07:22:34] INFO in dispatcher: Update id=219029981 is handled. Duration 109 ms by bot id=7616289372
[2026-01-22 07:22:36] INFO in dispatcher: Update id=219029982 is handled. Duration 167 ms by bot id=7616289372
[2026-01-22 07:22:40] INFO in dispatcher: Update id=219029983 is handled. Duration 218 ms by bot id=7616289372
[2026-01-22 07:22:49] INFO in dispatcher: Update id=219029984 is handled. Duration 59 ms by bot id=7616289372
[2026-01-22 07:22:54] ERROR in postgre_db: Команда: INSERT INTO sections (section, coach, day_id, time_id, on_even_numbers, location, is_parsing) VALUES ('Жёсткая ебля', 'Платонова', 2, 1, 2, 'Ломо', False) RETURNING id
Ошибка при получении данных: повторяющееся значение ключа нарушает ограничение уникальности "sections_section_coach_day_id_time_id_on_even_numbers_key"
DETAIL:  Ключ "(section, coach, day_id, time_id, on_even_numbers)=(Жёсткая ебля, Платонова, 2, 1, 2)" уже существует.
[2026-01-22 07:22:54] INFO in dispatcher: Update id=219029985 is not handled. Duration 107 ms by bot id=7616289372
[2026-01-22 07:22:54] ERROR in dispatcher: Cause exception while process update id=219029985 by bot id=7616289372
IndexError: list index out of range
Traceback (most recent call last):
  File "C:\Users\arsry\AppData\Local\Programs\Python\Python313\Lib\site-packages\aiogram\dispatcher\dispatcher.py", line 309, in _process_update
    response = await self.feed_update(bot, update, **kwargs)
               ^^^^^^^^^^^^^^^^^^^^^^^^^^^^^^^^^^^^^^^^^^^^^
  File "C:\Users\arsry\AppData\Local\Programs\Python\Python313\Lib\site-packages\aiogram\dispatcher\dispatcher.py", line 158, in feed_update
    response = await self.update.wrap_outer_middleware(
               ^^^^^^^^^^^^^^^^^^^^^^^^^^^^^^^^^^^^^^^^
    ...<7 lines>...
    )
    ^
  File "C:\Users\arsry\AppData\Local\Programs\Python\Python313\Lib\site-packages\aiogram\dispatcher\middlewares\error.py", line 25, in __call__
    return await handler(event, data)
           ^^^^^^^^^^^^^^^^^^^^^^^^^^
  File "C:\Users\arsry\AppData\Local\Programs\Python\Python313\Lib\site-packages\aiogram\dispatcher\middlewares\user_context.py", line 56, in __call__
    return await handler(event, data)
           ^^^^^^^^^^^^^^^^^^^^^^^^^^
  File "C:\Users\arsry\AppData\Local\Programs\Python\Python313\Lib\site-packages\aiogram\fsm\middleware.py", line 42, in __call__
    return await handler(event, data)
           ^^^^^^^^^^^^^^^^^^^^^^^^^^
  File "C:\Users\arsry\AppData\Local\Programs\Python\Python313\Lib\site-packages\aiogram\dispatcher\event\telegram.py", line 121, in trigger
    return await wrapped_inner(event, kwargs)
           ^^^^^^^^^^^^^^^^^^^^^^^^^^^^^^^^^^
  File "C:\Users\arsry\AppData\Local\Programs\Python\Python313\Lib\site-packages\aiogram\dispatcher\event\handler.py", line 43, in call
    return await wrapped()
           ^^^^^^^^^^^^^^^
  File "C:\Users\arsry\AppData\Local\Programs\Python\Python313\Lib\site-packages\aiogram\dispatcher\dispatcher.py", line 276, in _listen_update
    return await self.propagate_event(update_type=update_type, event=event, **kwargs)
           ^^^^^^^^^^^^^^^^^^^^^^^^^^^^^^^^^^^^^^^^^^^^^^^^^^^^^^^^^^^^^^^^^^^^^^^^^^
  File "C:\Users\arsry\AppData\Local\Programs\Python\Python313\Lib\site-packages\aiogram\dispatcher\router.py", line 146, in propagate_event
    return await observer.wrap_outer_middleware(_wrapped, event=event, data=kwargs)
           ^^^^^^^^^^^^^^^^^^^^^^^^^^^^^^^^^^^^^^^^^^^^^^^^^^^^^^^^^^^^^^^^^^^^^^^^
  File "C:\Users\arsry\AppData\Local\Programs\Python\Python313\Lib\site-packages\aiogram\dispatcher\router.py", line 141, in _wrapped
    return await self._propagate_event(
           ^^^^^^^^^^^^^^^^^^^^^^^^^^^^
        observer=observer, update_type=update_type, event=telegram_event, **data
        ^^^^^^^^^^^^^^^^^^^^^^^^^^^^^^^^^^^^^^^^^^^^^^^^^^^^^^^^^^^^^^^^^^^^^^^^
    )
    ^
  File "C:\Users\arsry\AppData\Local\Programs\Python\Python313\Lib\site-packages\aiogram\dispatcher\router.py", line 174, in _propagate_event
    response = await router.propagate_event(update_type=update_type, event=event, **kwargs)
               ^^^^^^^^^^^^^^^^^^^^^^^^^^^^^^^^^^^^^^^^^^^^^^^^^^^^^^^^^^^^^^^^^^^^^^^^^^^^
  File "C:\Users\arsry\AppData\Local\Programs\Python\Python313\Lib\site-packages\aiogram\dispatcher\router.py", line 146, in propagate_event
    return await observer.wrap_outer_middleware(_wrapped, event=event, data=kwargs)
           ^^^^^^^^^^^^^^^^^^^^^^^^^^^^^^^^^^^^^^^^^^^^^^^^^^^^^^^^^^^^^^^^^^^^^^^^
  File "C:\Users\arsry\AppData\Local\Programs\Python\Python313\Lib\site-packages\aiogram\dispatcher\router.py", line 141, in _wrapped
    return await self._propagate_event(
           ^^^^^^^^^^^^^^^^^^^^^^^^^^^^
        observer=observer, update_type=update_type, event=telegram_event, **data
        ^^^^^^^^^^^^^^^^^^^^^^^^^^^^^^^^^^^^^^^^^^^^^^^^^^^^^^^^^^^^^^^^^^^^^^^^
    )
    ^
  File "C:\Users\arsry\AppData\Local\Programs\Python\Python313\Lib\site-packages\aiogram\dispatcher\router.py", line 166, in _propagate_event
    response = await observer.trigger(event, **kwargs)
               ^^^^^^^^^^^^^^^^^^^^^^^^^^^^^^^^^^^^^^^
  File "C:\Users\arsry\AppData\Local\Programs\Python\Python313\Lib\site-packages\aiogram\dispatcher\event\telegram.py", line 121, in trigger
    return await wrapped_inner(event, kwargs)
           ^^^^^^^^^^^^^^^^^^^^^^^^^^^^^^^^^^
  File "C:\Users\arsry\OneDrive\Рабочий стол\запись на секции\tg_bot\middlewares\throttling.py", line 64, in __call__
    return await handler(message, data)
           ^^^^^^^^^^^^^^^^^^^^^^^^^^^^
  File "C:\Users\arsry\AppData\Local\Programs\Python\Python313\Lib\site-packages\aiogram\dispatcher\event\handler.py", line 43, in call
    return await wrapped()
           ^^^^^^^^^^^^^^^
  File "C:\Users\arsry\OneDrive\Рабочий стол\запись на секции\tg_bot\routers\record.py", line 223, in process_confirmation
IndexError: list index out of range
[2026-01-22 07:25:15] ERROR in dispatcher: Failed to fetch updates - TelegramNetworkError: HTTP Client says - Request timeout error
[2026-01-22 07:25:15] WARNING in dispatcher: Sleep for 1.000000 seconds and try again... (tryings = 0, bot id = 7616289372)
[2026-01-22 07:25:26] INFO in dispatcher: Connection established (tryings = 1, bot id = 7616289372)
[2026-01-22 07:29:23] INFO in dispatcher: Start polling
[2026-01-22 07:29:24] INFO in dispatcher: Run polling for bot @prot_xafda_bot id=7616289372 - 'prot_bot'
[2026-01-22 07:29:24] INFO in dispatcher: Update id=219029986 is handled. Duration 241 ms by bot id=7616289372
[2026-01-22 07:29:25] INFO in dispatcher: Update id=219029987 is handled. Duration 65 ms by bot id=7616289372
[2026-01-22 07:29:28] INFO in dispatcher: Update id=219029988 is handled. Duration 59 ms by bot id=7616289372
[2026-01-22 07:29:29] INFO in dispatcher: Update id=219029989 is handled. Duration 58 ms by bot id=7616289372
[2026-01-22 07:29:31] INFO in dispatcher: Update id=219029990 is handled. Duration 218 ms by bot id=7616289372
[2026-01-22 07:29:32] INFO in dispatcher: Update id=219029991 is handled. Duration 83 ms by bot id=7616289372
[2026-01-22 07:29:43] INFO in dispatcher: Update id=219029992 is handled. Duration 61 ms by bot id=7616289372
[2026-01-22 07:29:51] INFO in dispatcher: Update id=219029993 is not handled. Duration 49 ms by bot id=7616289372
[2026-01-22 07:29:51] ERROR in dispatcher: Cause exception while process update id=219029993 by bot id=7616289372
TypeError: string indices must be integers, not 'str'
Traceback (most recent call last):
  File "C:\Users\arsry\AppData\Local\Programs\Python\Python313\Lib\site-packages\aiogram\dispatcher\dispatcher.py", line 309, in _process_update
    response = await self.feed_update(bot, update, **kwargs)
               ^^^^^^^^^^^^^^^^^^^^^^^^^^^^^^^^^^^^^^^^^^^^^
  File "C:\Users\arsry\AppData\Local\Programs\Python\Python313\Lib\site-packages\aiogram\dispatcher\dispatcher.py", line 158, in feed_update
    response = await self.update.wrap_outer_middleware(
               ^^^^^^^^^^^^^^^^^^^^^^^^^^^^^^^^^^^^^^^^
    ...<7 lines>...
    )
    ^
  File "C:\Users\arsry\AppData\Local\Programs\Python\Python313\Lib\site-packages\aiogram\dispatcher\middlewares\error.py", line 25, in __call__
    return await handler(event, data)
           ^^^^^^^^^^^^^^^^^^^^^^^^^^
  File "C:\Users\arsry\AppData\Local\Programs\Python\Python313\Lib\site-packages\aiogram\dispatcher\middlewares\user_context.py", line 56, in __call__
    return await handler(event, data)
           ^^^^^^^^^^^^^^^^^^^^^^^^^^
  File "C:\Users\arsry\AppData\Local\Programs\Python\Python313\Lib\site-packages\aiogram\fsm\middleware.py", line 42, in __call__
    return await handler(event, data)
           ^^^^^^^^^^^^^^^^^^^^^^^^^^
  File "C:\Users\arsry\AppData\Local\Programs\Python\Python313\Lib\site-packages\aiogram\dispatcher\event\telegram.py", line 121, in trigger
    return await wrapped_inner(event, kwargs)
           ^^^^^^^^^^^^^^^^^^^^^^^^^^^^^^^^^^
  File "C:\Users\arsry\AppData\Local\Programs\Python\Python313\Lib\site-packages\aiogram\dispatcher\event\handler.py", line 43, in call
    return await wrapped()
           ^^^^^^^^^^^^^^^
  File "C:\Users\arsry\AppData\Local\Programs\Python\Python313\Lib\site-packages\aiogram\dispatcher\dispatcher.py", line 276, in _listen_update
    return await self.propagate_event(update_type=update_type, event=event, **kwargs)
           ^^^^^^^^^^^^^^^^^^^^^^^^^^^^^^^^^^^^^^^^^^^^^^^^^^^^^^^^^^^^^^^^^^^^^^^^^^
  File "C:\Users\arsry\AppData\Local\Programs\Python\Python313\Lib\site-packages\aiogram\dispatcher\router.py", line 146, in propagate_event
    return await observer.wrap_outer_middleware(_wrapped, event=event, data=kwargs)
           ^^^^^^^^^^^^^^^^^^^^^^^^^^^^^^^^^^^^^^^^^^^^^^^^^^^^^^^^^^^^^^^^^^^^^^^^
  File "C:\Users\arsry\AppData\Local\Programs\Python\Python313\Lib\site-packages\aiogram\dispatcher\router.py", line 141, in _wrapped
    return await self._propagate_event(
           ^^^^^^^^^^^^^^^^^^^^^^^^^^^^
        observer=observer, update_type=update_type, event=telegram_event, **data
        ^^^^^^^^^^^^^^^^^^^^^^^^^^^^^^^^^^^^^^^^^^^^^^^^^^^^^^^^^^^^^^^^^^^^^^^^
    )
    ^
  File "C:\Users\arsry\AppData\Local\Programs\Python\Python313\Lib\site-packages\aiogram\dispatcher\router.py", line 174, in _propagate_event
    response = await router.propagate_event(update_type=update_type, event=event, **kwargs)
               ^^^^^^^^^^^^^^^^^^^^^^^^^^^^^^^^^^^^^^^^^^^^^^^^^^^^^^^^^^^^^^^^^^^^^^^^^^^^
  File "C:\Users\arsry\AppData\Local\Programs\Python\Python313\Lib\site-packages\aiogram\dispatcher\router.py", line 146, in propagate_event
    return await observer.wrap_outer_middleware(_wrapped, event=event, data=kwargs)
           ^^^^^^^^^^^^^^^^^^^^^^^^^^^^^^^^^^^^^^^^^^^^^^^^^^^^^^^^^^^^^^^^^^^^^^^^
  File "C:\Users\arsry\AppData\Local\Programs\Python\Python313\Lib\site-packages\aiogram\dispatcher\router.py", line 141, in _wrapped
    return await self._propagate_event(
           ^^^^^^^^^^^^^^^^^^^^^^^^^^^^
        observer=observer, update_type=update_type, event=telegram_event, **data
        ^^^^^^^^^^^^^^^^^^^^^^^^^^^^^^^^^^^^^^^^^^^^^^^^^^^^^^^^^^^^^^^^^^^^^^^^
    )
    ^
  File "C:\Users\arsry\AppData\Local\Programs\Python\Python313\Lib\site-packages\aiogram\dispatcher\router.py", line 166, in _propagate_event
    response = await observer.trigger(event, **kwargs)
               ^^^^^^^^^^^^^^^^^^^^^^^^^^^^^^^^^^^^^^^
  File "C:\Users\arsry\AppData\Local\Programs\Python\Python313\Lib\site-packages\aiogram\dispatcher\event\telegram.py", line 121, in trigger
    return await wrapped_inner(event, kwargs)
           ^^^^^^^^^^^^^^^^^^^^^^^^^^^^^^^^^^
  File "C:\Users\arsry\OneDrive\Рабочий стол\запись на секции\tg_bot\middlewares\throttling.py", line 64, in __call__
    return await handler(message, data)
           ^^^^^^^^^^^^^^^^^^^^^^^^^^^^
  File "C:\Users\arsry\AppData\Local\Programs\Python\Python313\Lib\site-packages\aiogram\dispatcher\event\handler.py", line 43, in call
    return await wrapped()
           ^^^^^^^^^^^^^^^
  File "C:\Users\arsry\OneDrive\Рабочий стол\запись на секции\tg_bot\routers\record.py", line 212, in process_confirmation
    if section_id not in [i['section_id'] for i in data]:
                          ~^^^^^^^^^^^^^^
TypeError: string indices must be integers, not 'str'
[2026-01-22 07:30:41] INFO in dispatcher: Start polling
[2026-01-22 07:30:42] INFO in dispatcher: Run polling for bot @prot_xafda_bot id=7616289372 - 'prot_bot'
[2026-01-22 07:30:44] INFO in dispatcher: Update id=219029994 is handled. Duration 225 ms by bot id=7616289372
[2026-01-22 07:30:45] INFO in dispatcher: Update id=219029995 is handled. Duration 61 ms by bot id=7616289372
[2026-01-22 07:30:45] INFO in dispatcher: Update id=219029996 is handled. Duration 57 ms by bot id=7616289372
[2026-01-22 07:30:46] INFO in dispatcher: Update id=219029997 is handled. Duration 64 ms by bot id=7616289372
[2026-01-22 07:30:48] INFO in dispatcher: Update id=219029998 is handled. Duration 105 ms by bot id=7616289372
[2026-01-22 07:30:50] INFO in dispatcher: Update id=219029999 is handled. Duration 59 ms by bot id=7616289372
[2026-01-22 07:30:57] INFO in dispatcher: Update id=219030000 is handled. Duration 63 ms by bot id=7616289372
[2026-01-22 07:30:59] INFO in dispatcher: Update id=219030001 is not handled. Duration 101 ms by bot id=7616289372
[2026-01-22 07:30:59] ERROR in dispatcher: Cause exception while process update id=219030001 by bot id=7616289372
TypeError: string indices must be integers, not 'str'
Traceback (most recent call last):
  File "C:\Users\arsry\AppData\Local\Programs\Python\Python313\Lib\site-packages\aiogram\dispatcher\dispatcher.py", line 309, in _process_update
    response = await self.feed_update(bot, update, **kwargs)
               ^^^^^^^^^^^^^^^^^^^^^^^^^^^^^^^^^^^^^^^^^^^^^
  File "C:\Users\arsry\AppData\Local\Programs\Python\Python313\Lib\site-packages\aiogram\dispatcher\dispatcher.py", line 158, in feed_update
    response = await self.update.wrap_outer_middleware(
               ^^^^^^^^^^^^^^^^^^^^^^^^^^^^^^^^^^^^^^^^
    ...<7 lines>...
    )
    ^
  File "C:\Users\arsry\AppData\Local\Programs\Python\Python313\Lib\site-packages\aiogram\dispatcher\middlewares\error.py", line 25, in __call__
    return await handler(event, data)
           ^^^^^^^^^^^^^^^^^^^^^^^^^^
  File "C:\Users\arsry\AppData\Local\Programs\Python\Python313\Lib\site-packages\aiogram\dispatcher\middlewares\user_context.py", line 56, in __call__
    return await handler(event, data)
           ^^^^^^^^^^^^^^^^^^^^^^^^^^
  File "C:\Users\arsry\AppData\Local\Programs\Python\Python313\Lib\site-packages\aiogram\fsm\middleware.py", line 42, in __call__
    return await handler(event, data)
           ^^^^^^^^^^^^^^^^^^^^^^^^^^
  File "C:\Users\arsry\AppData\Local\Programs\Python\Python313\Lib\site-packages\aiogram\dispatcher\event\telegram.py", line 121, in trigger
    return await wrapped_inner(event, kwargs)
           ^^^^^^^^^^^^^^^^^^^^^^^^^^^^^^^^^^
  File "C:\Users\arsry\AppData\Local\Programs\Python\Python313\Lib\site-packages\aiogram\dispatcher\event\handler.py", line 43, in call
    return await wrapped()
           ^^^^^^^^^^^^^^^
  File "C:\Users\arsry\AppData\Local\Programs\Python\Python313\Lib\site-packages\aiogram\dispatcher\dispatcher.py", line 276, in _listen_update
    return await self.propagate_event(update_type=update_type, event=event, **kwargs)
           ^^^^^^^^^^^^^^^^^^^^^^^^^^^^^^^^^^^^^^^^^^^^^^^^^^^^^^^^^^^^^^^^^^^^^^^^^^
  File "C:\Users\arsry\AppData\Local\Programs\Python\Python313\Lib\site-packages\aiogram\dispatcher\router.py", line 146, in propagate_event
    return await observer.wrap_outer_middleware(_wrapped, event=event, data=kwargs)
           ^^^^^^^^^^^^^^^^^^^^^^^^^^^^^^^^^^^^^^^^^^^^^^^^^^^^^^^^^^^^^^^^^^^^^^^^
  File "C:\Users\arsry\AppData\Local\Programs\Python\Python313\Lib\site-packages\aiogram\dispatcher\router.py", line 141, in _wrapped
    return await self._propagate_event(
           ^^^^^^^^^^^^^^^^^^^^^^^^^^^^
        observer=observer, update_type=update_type, event=telegram_event, **data
        ^^^^^^^^^^^^^^^^^^^^^^^^^^^^^^^^^^^^^^^^^^^^^^^^^^^^^^^^^^^^^^^^^^^^^^^^
    )
    ^
  File "C:\Users\arsry\AppData\Local\Programs\Python\Python313\Lib\site-packages\aiogram\dispatcher\router.py", line 174, in _propagate_event
    response = await router.propagate_event(update_type=update_type, event=event, **kwargs)
               ^^^^^^^^^^^^^^^^^^^^^^^^^^^^^^^^^^^^^^^^^^^^^^^^^^^^^^^^^^^^^^^^^^^^^^^^^^^^
  File "C:\Users\arsry\AppData\Local\Programs\Python\Python313\Lib\site-packages\aiogram\dispatcher\router.py", line 146, in propagate_event
    return await observer.wrap_outer_middleware(_wrapped, event=event, data=kwargs)
           ^^^^^^^^^^^^^^^^^^^^^^^^^^^^^^^^^^^^^^^^^^^^^^^^^^^^^^^^^^^^^^^^^^^^^^^^
  File "C:\Users\arsry\AppData\Local\Programs\Python\Python313\Lib\site-packages\aiogram\dispatcher\router.py", line 141, in _wrapped
    return await self._propagate_event(
           ^^^^^^^^^^^^^^^^^^^^^^^^^^^^
        observer=observer, update_type=update_type, event=telegram_event, **data
        ^^^^^^^^^^^^^^^^^^^^^^^^^^^^^^^^^^^^^^^^^^^^^^^^^^^^^^^^^^^^^^^^^^^^^^^^
    )
    ^
  File "C:\Users\arsry\AppData\Local\Programs\Python\Python313\Lib\site-packages\aiogram\dispatcher\router.py", line 166, in _propagate_event
    response = await observer.trigger(event, **kwargs)
               ^^^^^^^^^^^^^^^^^^^^^^^^^^^^^^^^^^^^^^^
  File "C:\Users\arsry\AppData\Local\Programs\Python\Python313\Lib\site-packages\aiogram\dispatcher\event\telegram.py", line 121, in trigger
    return await wrapped_inner(event, kwargs)
           ^^^^^^^^^^^^^^^^^^^^^^^^^^^^^^^^^^
  File "C:\Users\arsry\OneDrive\Рабочий стол\запись на секции\tg_bot\middlewares\throttling.py", line 64, in __call__
    return await handler(message, data)
           ^^^^^^^^^^^^^^^^^^^^^^^^^^^^
  File "C:\Users\arsry\AppData\Local\Programs\Python\Python313\Lib\site-packages\aiogram\dispatcher\event\handler.py", line 43, in call
    return await wrapped()
           ^^^^^^^^^^^^^^^
  File "C:\Users\arsry\OneDrive\Рабочий стол\запись на секции\tg_bot\routers\record.py", line 213, in process_confirmation
    if section_id not in [i['section_id'] for i in data]:
                          ~^^^^^^^^^^^^^^
TypeError: string indices must be integers, not 'str'
[2026-01-22 07:31:36] INFO in dispatcher: Start polling
[2026-01-22 07:31:36] INFO in dispatcher: Run polling for bot @prot_xafda_bot id=7616289372 - 'prot_bot'
[2026-01-22 07:31:37] INFO in dispatcher: Update id=219030002 is handled. Duration 231 ms by bot id=7616289372
[2026-01-22 07:31:38] INFO in dispatcher: Update id=219030003 is handled. Duration 60 ms by bot id=7616289372
[2026-01-22 07:31:39] INFO in dispatcher: Update id=219030004 is handled. Duration 72 ms by bot id=7616289372
[2026-01-22 07:31:40] INFO in dispatcher: Update id=219030005 is handled. Duration 56 ms by bot id=7616289372
[2026-01-22 07:31:41] INFO in dispatcher: Update id=219030006 is handled. Duration 173 ms by bot id=7616289372
[2026-01-22 07:31:42] INFO in dispatcher: Update id=219030007 is handled. Duration 88 ms by bot id=7616289372
[2026-01-22 07:31:44] INFO in dispatcher: Update id=219030008 is handled. Duration 62 ms by bot id=7616289372
[2026-01-22 07:31:47] INFO in dispatcher: Update id=219030009 is handled. Duration 158 ms by bot id=7616289372
[2026-01-22 07:31:54] INFO in dispatcher: Update id=219030010 is handled. Duration 1000 ms by bot id=7616289372
[2026-01-22 07:31:55] INFO in dispatcher: Update id=219030011 is handled. Duration 64 ms by bot id=7616289372
[2026-01-22 07:31:57] INFO in dispatcher: Update id=219030012 is handled. Duration 157 ms by bot id=7616289372
[2026-01-22 07:32:02] INFO in dispatcher: Update id=219030013 is handled. Duration 59 ms by bot id=7616289372
[2026-01-22 07:32:04] INFO in dispatcher: Update id=219030014 is handled. Duration 175 ms by bot id=7616289372
[2026-01-22 07:32:05] INFO in dispatcher: Update id=219030015 is handled. Duration 128 ms by bot id=7616289372
[2026-01-22 07:32:07] INFO in dispatcher: Update id=219030016 is handled. Duration 59 ms by bot id=7616289372
[2026-01-22 07:32:08] INFO in dispatcher: Update id=219030017 is handled. Duration 78 ms by bot id=7616289372
[2026-01-22 07:32:09] INFO in dispatcher: Update id=219030018 is handled. Duration 252 ms by bot id=7616289372
[2026-01-22 07:32:10] INFO in dispatcher: Update id=219030019 is handled. Duration 57 ms by bot id=7616289372
[2026-01-22 07:32:11] INFO in dispatcher: Update id=219030020 is not handled. Duration 4 ms by bot id=7616289372
[2026-01-22 07:32:11] ERROR in dispatcher: Cause exception while process update id=219030020 by bot id=7616289372
NameError: name 'section_id' is not defined
Traceback (most recent call last):
  File "C:\Users\arsry\AppData\Local\Programs\Python\Python313\Lib\site-packages\aiogram\dispatcher\dispatcher.py", line 309, in _process_update
    response = await self.feed_update(bot, update, **kwargs)
               ^^^^^^^^^^^^^^^^^^^^^^^^^^^^^^^^^^^^^^^^^^^^^
  File "C:\Users\arsry\AppData\Local\Programs\Python\Python313\Lib\site-packages\aiogram\dispatcher\dispatcher.py", line 158, in feed_update
    response = await self.update.wrap_outer_middleware(
               ^^^^^^^^^^^^^^^^^^^^^^^^^^^^^^^^^^^^^^^^
    ...<7 lines>...
    )
    ^
  File "C:\Users\arsry\AppData\Local\Programs\Python\Python313\Lib\site-packages\aiogram\dispatcher\middlewares\error.py", line 25, in __call__
    return await handler(event, data)
           ^^^^^^^^^^^^^^^^^^^^^^^^^^
  File "C:\Users\arsry\AppData\Local\Programs\Python\Python313\Lib\site-packages\aiogram\dispatcher\middlewares\user_context.py", line 56, in __call__
    return await handler(event, data)
           ^^^^^^^^^^^^^^^^^^^^^^^^^^
  File "C:\Users\arsry\AppData\Local\Programs\Python\Python313\Lib\site-packages\aiogram\fsm\middleware.py", line 42, in __call__
    return await handler(event, data)
           ^^^^^^^^^^^^^^^^^^^^^^^^^^
  File "C:\Users\arsry\AppData\Local\Programs\Python\Python313\Lib\site-packages\aiogram\dispatcher\event\telegram.py", line 121, in trigger
    return await wrapped_inner(event, kwargs)
           ^^^^^^^^^^^^^^^^^^^^^^^^^^^^^^^^^^
  File "C:\Users\arsry\AppData\Local\Programs\Python\Python313\Lib\site-packages\aiogram\dispatcher\event\handler.py", line 43, in call
    return await wrapped()
           ^^^^^^^^^^^^^^^
  File "C:\Users\arsry\AppData\Local\Programs\Python\Python313\Lib\site-packages\aiogram\dispatcher\dispatcher.py", line 276, in _listen_update
    return await self.propagate_event(update_type=update_type, event=event, **kwargs)
           ^^^^^^^^^^^^^^^^^^^^^^^^^^^^^^^^^^^^^^^^^^^^^^^^^^^^^^^^^^^^^^^^^^^^^^^^^^
  File "C:\Users\arsry\AppData\Local\Programs\Python\Python313\Lib\site-packages\aiogram\dispatcher\router.py", line 146, in propagate_event
    return await observer.wrap_outer_middleware(_wrapped, event=event, data=kwargs)
           ^^^^^^^^^^^^^^^^^^^^^^^^^^^^^^^^^^^^^^^^^^^^^^^^^^^^^^^^^^^^^^^^^^^^^^^^
  File "C:\Users\arsry\AppData\Local\Programs\Python\Python313\Lib\site-packages\aiogram\dispatcher\router.py", line 141, in _wrapped
    return await self._propagate_event(
           ^^^^^^^^^^^^^^^^^^^^^^^^^^^^
        observer=observer, update_type=update_type, event=telegram_event, **data
        ^^^^^^^^^^^^^^^^^^^^^^^^^^^^^^^^^^^^^^^^^^^^^^^^^^^^^^^^^^^^^^^^^^^^^^^^
    )
    ^
  File "C:\Users\arsry\AppData\Local\Programs\Python\Python313\Lib\site-packages\aiogram\dispatcher\router.py", line 174, in _propagate_event
    response = await router.propagate_event(update_type=update_type, event=event, **kwargs)
               ^^^^^^^^^^^^^^^^^^^^^^^^^^^^^^^^^^^^^^^^^^^^^^^^^^^^^^^^^^^^^^^^^^^^^^^^^^^^
  File "C:\Users\arsry\AppData\Local\Programs\Python\Python313\Lib\site-packages\aiogram\dispatcher\router.py", line 146, in propagate_event
    return await observer.wrap_outer_middleware(_wrapped, event=event, data=kwargs)
           ^^^^^^^^^^^^^^^^^^^^^^^^^^^^^^^^^^^^^^^^^^^^^^^^^^^^^^^^^^^^^^^^^^^^^^^^
  File "C:\Users\arsry\AppData\Local\Programs\Python\Python313\Lib\site-packages\aiogram\dispatcher\router.py", line 141, in _wrapped
    return await self._propagate_event(
           ^^^^^^^^^^^^^^^^^^^^^^^^^^^^
        observer=observer, update_type=update_type, event=telegram_event, **data
        ^^^^^^^^^^^^^^^^^^^^^^^^^^^^^^^^^^^^^^^^^^^^^^^^^^^^^^^^^^^^^^^^^^^^^^^^
    )
    ^
  File "C:\Users\arsry\AppData\Local\Programs\Python\Python313\Lib\site-packages\aiogram\dispatcher\router.py", line 166, in _propagate_event
    response = await observer.trigger(event, **kwargs)
               ^^^^^^^^^^^^^^^^^^^^^^^^^^^^^^^^^^^^^^^
  File "C:\Users\arsry\AppData\Local\Programs\Python\Python313\Lib\site-packages\aiogram\dispatcher\event\telegram.py", line 121, in trigger
    return await wrapped_inner(event, kwargs)
           ^^^^^^^^^^^^^^^^^^^^^^^^^^^^^^^^^^
  File "C:\Users\arsry\AppData\Local\Programs\Python\Python313\Lib\site-packages\aiogram\dispatcher\event\handler.py", line 43, in call
    return await wrapped()
           ^^^^^^^^^^^^^^^
  File "C:\Users\arsry\OneDrive\Рабочий стол\запись на секции\tg_bot\routers\record.py", line 174, in confirm
    if section_id not in [i['section_id'] for i in data]:
       ^^^^^^^^^^
NameError: name 'section_id' is not defined
[2026-01-22 07:32:51] INFO in dispatcher: Start polling
[2026-01-22 07:32:52] INFO in dispatcher: Run polling for bot @prot_xafda_bot id=7616289372 - 'prot_bot'
[2026-01-22 07:32:52] INFO in dispatcher: Update id=219030021 is handled. Duration 221 ms by bot id=7616289372
[2026-01-22 07:32:53] INFO in dispatcher: Update id=219030022 is handled. Duration 68 ms by bot id=7616289372
[2026-01-22 07:32:54] INFO in dispatcher: Update id=219030023 is handled. Duration 59 ms by bot id=7616289372
[2026-01-22 07:32:55] INFO in dispatcher: Update id=219030024 is handled. Duration 62 ms by bot id=7616289372
[2026-01-22 07:32:55] INFO in dispatcher: Update id=219030025 is handled. Duration 116 ms by bot id=7616289372
[2026-01-22 07:32:57] INFO in dispatcher: Update id=219030026 is handled. Duration 227 ms by bot id=7616289372
[2026-01-22 07:33:01] INFO in dispatcher: Update id=219030027 is not handled. Duration 4 ms by bot id=7616289372
[2026-01-22 07:33:01] ERROR in dispatcher: Cause exception while process update id=219030027 by bot id=7616289372
NameError: name 'section_id' is not defined
Traceback (most recent call last):
  File "C:\Users\arsry\AppData\Local\Programs\Python\Python313\Lib\site-packages\aiogram\dispatcher\dispatcher.py", line 309, in _process_update
    response = await self.feed_update(bot, update, **kwargs)
               ^^^^^^^^^^^^^^^^^^^^^^^^^^^^^^^^^^^^^^^^^^^^^
  File "C:\Users\arsry\AppData\Local\Programs\Python\Python313\Lib\site-packages\aiogram\dispatcher\dispatcher.py", line 158, in feed_update
    response = await self.update.wrap_outer_middleware(
               ^^^^^^^^^^^^^^^^^^^^^^^^^^^^^^^^^^^^^^^^
    ...<7 lines>...
    )
    ^
  File "C:\Users\arsry\AppData\Local\Programs\Python\Python313\Lib\site-packages\aiogram\dispatcher\middlewares\error.py", line 25, in __call__
    return await handler(event, data)
           ^^^^^^^^^^^^^^^^^^^^^^^^^^
  File "C:\Users\arsry\AppData\Local\Programs\Python\Python313\Lib\site-packages\aiogram\dispatcher\middlewares\user_context.py", line 56, in __call__
    return await handler(event, data)
           ^^^^^^^^^^^^^^^^^^^^^^^^^^
  File "C:\Users\arsry\AppData\Local\Programs\Python\Python313\Lib\site-packages\aiogram\fsm\middleware.py", line 42, in __call__
    return await handler(event, data)
           ^^^^^^^^^^^^^^^^^^^^^^^^^^
  File "C:\Users\arsry\AppData\Local\Programs\Python\Python313\Lib\site-packages\aiogram\dispatcher\event\telegram.py", line 121, in trigger
    return await wrapped_inner(event, kwargs)
           ^^^^^^^^^^^^^^^^^^^^^^^^^^^^^^^^^^
  File "C:\Users\arsry\AppData\Local\Programs\Python\Python313\Lib\site-packages\aiogram\dispatcher\event\handler.py", line 43, in call
    return await wrapped()
           ^^^^^^^^^^^^^^^
  File "C:\Users\arsry\AppData\Local\Programs\Python\Python313\Lib\site-packages\aiogram\dispatcher\dispatcher.py", line 276, in _listen_update
    return await self.propagate_event(update_type=update_type, event=event, **kwargs)
           ^^^^^^^^^^^^^^^^^^^^^^^^^^^^^^^^^^^^^^^^^^^^^^^^^^^^^^^^^^^^^^^^^^^^^^^^^^
  File "C:\Users\arsry\AppData\Local\Programs\Python\Python313\Lib\site-packages\aiogram\dispatcher\router.py", line 146, in propagate_event
    return await observer.wrap_outer_middleware(_wrapped, event=event, data=kwargs)
           ^^^^^^^^^^^^^^^^^^^^^^^^^^^^^^^^^^^^^^^^^^^^^^^^^^^^^^^^^^^^^^^^^^^^^^^^
  File "C:\Users\arsry\AppData\Local\Programs\Python\Python313\Lib\site-packages\aiogram\dispatcher\router.py", line 141, in _wrapped
    return await self._propagate_event(
           ^^^^^^^^^^^^^^^^^^^^^^^^^^^^
        observer=observer, update_type=update_type, event=telegram_event, **data
        ^^^^^^^^^^^^^^^^^^^^^^^^^^^^^^^^^^^^^^^^^^^^^^^^^^^^^^^^^^^^^^^^^^^^^^^^
    )
    ^
  File "C:\Users\arsry\AppData\Local\Programs\Python\Python313\Lib\site-packages\aiogram\dispatcher\router.py", line 174, in _propagate_event
    response = await router.propagate_event(update_type=update_type, event=event, **kwargs)
               ^^^^^^^^^^^^^^^^^^^^^^^^^^^^^^^^^^^^^^^^^^^^^^^^^^^^^^^^^^^^^^^^^^^^^^^^^^^^
  File "C:\Users\arsry\AppData\Local\Programs\Python\Python313\Lib\site-packages\aiogram\dispatcher\router.py", line 146, in propagate_event
    return await observer.wrap_outer_middleware(_wrapped, event=event, data=kwargs)
           ^^^^^^^^^^^^^^^^^^^^^^^^^^^^^^^^^^^^^^^^^^^^^^^^^^^^^^^^^^^^^^^^^^^^^^^^
  File "C:\Users\arsry\AppData\Local\Programs\Python\Python313\Lib\site-packages\aiogram\dispatcher\router.py", line 141, in _wrapped
    return await self._propagate_event(
           ^^^^^^^^^^^^^^^^^^^^^^^^^^^^
        observer=observer, update_type=update_type, event=telegram_event, **data
        ^^^^^^^^^^^^^^^^^^^^^^^^^^^^^^^^^^^^^^^^^^^^^^^^^^^^^^^^^^^^^^^^^^^^^^^^
    )
    ^
  File "C:\Users\arsry\AppData\Local\Programs\Python\Python313\Lib\site-packages\aiogram\dispatcher\router.py", line 166, in _propagate_event
    response = await observer.trigger(event, **kwargs)
               ^^^^^^^^^^^^^^^^^^^^^^^^^^^^^^^^^^^^^^^
  File "C:\Users\arsry\AppData\Local\Programs\Python\Python313\Lib\site-packages\aiogram\dispatcher\event\telegram.py", line 121, in trigger
    return await wrapped_inner(event, kwargs)
           ^^^^^^^^^^^^^^^^^^^^^^^^^^^^^^^^^^
  File "C:\Users\arsry\AppData\Local\Programs\Python\Python313\Lib\site-packages\aiogram\dispatcher\event\handler.py", line 43, in call
    return await wrapped()
           ^^^^^^^^^^^^^^^
  File "C:\Users\arsry\OneDrive\Рабочий стол\запись на секции\tg_bot\routers\record.py", line 174, in confirm
    if section_id not in [i['section_id'] for i in data['record_data']]:
       ^^^^^^^^^^
NameError: name 'section_id' is not defined
[2026-01-22 07:33:11] INFO in dispatcher: Update id=219030028 is handled. Duration 147 ms by bot id=7616289372
[2026-01-22 07:33:17] INFO in dispatcher: Update id=219030029 is handled. Duration 735 ms by bot id=7616289372
[2026-01-22 07:33:18] INFO in dispatcher: Update id=219030030 is handled. Duration 65 ms by bot id=7616289372
[2026-01-22 07:33:19] INFO in dispatcher: Update id=219030031 is handled. Duration 60 ms by bot id=7616289372
[2026-01-22 07:33:19] INFO in dispatcher: Update id=219030032 is handled. Duration 58 ms by bot id=7616289372
[2026-01-22 07:33:20] INFO in dispatcher: Update id=219030033 is handled. Duration 66 ms by bot id=7616289372
[2026-01-22 07:35:16] INFO in dispatcher: Start polling
[2026-01-22 07:35:16] INFO in dispatcher: Run polling for bot @prot_xafda_bot id=7616289372 - 'prot_bot'
[2026-01-22 07:35:18] INFO in dispatcher: Update id=219030034 is handled. Duration 231 ms by bot id=7616289372
[2026-01-22 07:35:20] INFO in dispatcher: Update id=219030035 is handled. Duration 70 ms by bot id=7616289372
[2026-01-22 07:35:20] INFO in dispatcher: Update id=219030036 is handled. Duration 58 ms by bot id=7616289372
[2026-01-22 07:35:21] INFO in dispatcher: Update id=219030037 is handled. Duration 59 ms by bot id=7616289372
[2026-01-22 07:35:22] INFO in dispatcher: Update id=219030038 is handled. Duration 106 ms by bot id=7616289372
[2026-01-22 07:35:23] INFO in dispatcher: Update id=219030039 is handled. Duration 59 ms by bot id=7616289372
[2026-01-22 07:35:28] INFO in dispatcher: Update id=219030040 is handled. Duration 71 ms by bot id=7616289372
[2026-01-22 07:35:40] INFO in dispatcher: Update id=219030041 is handled. Duration 159 ms by bot id=7616289372
[2026-01-22 07:35:42] INFO in dispatcher: Update id=219030042 is handled. Duration 75 ms by bot id=7616289372
[2026-01-22 07:35:44] INFO in dispatcher: Update id=219030043 is handled. Duration 216 ms by bot id=7616289372
[2026-01-22 07:35:45] INFO in dispatcher: Update id=219030044 is handled. Duration 126 ms by bot id=7616289372
[2026-01-22 07:35:46] INFO in dispatcher: Update id=219030045 is handled. Duration 75 ms by bot id=7616289372
[2026-01-22 07:35:46] INFO in dispatcher: Update id=219030046 is handled. Duration 113 ms by bot id=7616289372
[2026-01-26 22:55:50] INFO in dispatcher: Start polling
[2026-01-26 22:55:50] INFO in dispatcher: Run polling for bot @prot_xafda_bot id=7616289372 - 'prot_bot'
[2026-01-26 22:56:54] INFO in dispatcher: Update id=219030047 is handled. Duration 422 ms by bot id=7616289372
[2026-01-26 22:56:56] INFO in dispatcher: Update id=219030048 is handled. Duration 125 ms by bot id=7616289372
[2026-01-26 22:57:14] INFO in dispatcher: Update id=219030049 is handled. Duration 609 ms by bot id=7616289372
[2026-01-26 22:57:20] INFO in dispatcher: Update id=219030050 is handled. Duration 218 ms by bot id=7616289372
[2026-01-26 22:57:22] INFO in dispatcher: Update id=219030051 is handled. Duration 109 ms by bot id=7616289372
[2026-01-26 22:57:24] INFO in dispatcher: Update id=219030052 is handled. Duration 125 ms by bot id=7616289372
[2026-01-26 22:57:27] INFO in dispatcher: Update id=219030053 is handled. Duration 500 ms by bot id=7616289372
[2026-01-26 22:57:30] INFO in dispatcher: Update id=219030054 is handled. Duration 108 ms by bot id=7616289372
[2026-01-26 22:57:39] INFO in dispatcher: Update id=219030055 is handled. Duration 453 ms by bot id=7616289372
[2026-01-26 22:57:54] ERROR in postgre_db: Команда: INSERT INTO records (user_id, section_id, period) VALUES (485083720, 1, 2)
Ошибка при получении данных: INSERT или UPDATE в таблице "records" нарушает ограничение внешнего ключа "records_user_id_fkey"
DETAIL:  Ключ (user_id)=(485083720) отсутствует в таблице "users".
[2026-01-26 22:57:54] INFO in dispatcher: Update id=219030056 is handled. Duration 922 ms by bot id=7616289372
[2026-01-26 22:58:16] INFO in dispatcher: Update id=219030057 is handled. Duration 437 ms by bot id=7616289372
[2026-01-26 22:58:31] INFO in dispatcher: Update id=219030058 is handled. Duration 250 ms by bot id=7616289372
[2026-01-26 22:58:59] INFO in dispatcher: Update id=219030059 is not handled. Duration 17984 ms by bot id=7616289372
[2026-01-26 22:58:59] ERROR in dispatcher: Cause exception while process update id=219030059 by bot id=7616289372
UnboundLocalError: cannot access local variable 'playwright' where it is not associated with a value
Traceback (most recent call last):
  File "C:\Users\arsry\OneDrive\Рабочий стол\запись на секции\tg_bot\record\record.py", line 200, in get_isu_and_name
    playwright, browser, context, page = await create_browser()
                                         ^^^^^^^^^^^^^^^^^^^^^^
  File "C:\Users\arsry\OneDrive\Рабочий стол\запись на секции\tg_bot\record\record.py", line 43, in create_browser
    browser = await playwright.chromium.launch(headless=False)
              ^^^^^^^^^^^^^^^^^^^^^^^^^^^^^^^^^^^^^^^^^^^^^^^^
  File "C:\Users\arsry\AppData\Local\Programs\Python\Python312\Lib\site-packages\playwright\async_api\_generated.py", line 14549, in launch
    await self._impl_obj.launch(
  File "C:\Users\arsry\AppData\Local\Programs\Python\Python312\Lib\site-packages\playwright\_impl\_browser_type.py", line 98, in launch
    await self._channel.send(
  File "C:\Users\arsry\AppData\Local\Programs\Python\Python312\Lib\site-packages\playwright\_impl\_connection.py", line 69, in send
    return await self._connection.wrap_api_call(
           ^^^^^^^^^^^^^^^^^^^^^^^^^^^^^^^^^^^^^
  File "C:\Users\arsry\AppData\Local\Programs\Python\Python312\Lib\site-packages\playwright\_impl\_connection.py", line 559, in wrap_api_call
    raise rewrite_error(error, f"{parsed_st['apiName']}: {error}") from None
playwright._impl._errors.Error: BrowserType.launch: Executable doesn't exist at C:\Users\arsry\AppData\Local\ms-playwright\chromium-1200\chrome-win64\chrome.exe
╔════════════════════════════════════════════════════════════╗
║ Looks like Playwright was just installed or updated.       ║
║ Please run the following command to download new browsers: ║
║                                                            ║
║     playwright install                                     ║
║                                                            ║
║ <3 Playwright Team                                         ║
╚════════════════════════════════════════════════════════════╝

During handling of the above exception, another exception occurred:

Traceback (most recent call last):
  File "C:\Users\arsry\AppData\Local\Programs\Python\Python312\Lib\site-packages\aiogram\dispatcher\dispatcher.py", line 309, in _process_update
    response = await self.feed_update(bot, update, **kwargs)
               ^^^^^^^^^^^^^^^^^^^^^^^^^^^^^^^^^^^^^^^^^^^^^
  File "C:\Users\arsry\AppData\Local\Programs\Python\Python312\Lib\site-packages\aiogram\dispatcher\dispatcher.py", line 158, in feed_update
    response = await self.update.wrap_outer_middleware(
               ^^^^^^^^^^^^^^^^^^^^^^^^^^^^^^^^^^^^^^^^
  File "C:\Users\arsry\AppData\Local\Programs\Python\Python312\Lib\site-packages\aiogram\dispatcher\middlewares\error.py", line 25, in __call__
    return await handler(event, data)
           ^^^^^^^^^^^^^^^^^^^^^^^^^^
  File "C:\Users\arsry\AppData\Local\Programs\Python\Python312\Lib\site-packages\aiogram\dispatcher\middlewares\user_context.py", line 56, in __call__
    return await handler(event, data)
           ^^^^^^^^^^^^^^^^^^^^^^^^^^
  File "C:\Users\arsry\AppData\Local\Programs\Python\Python312\Lib\site-packages\aiogram\fsm\middleware.py", line 42, in __call__
    return await handler(event, data)
           ^^^^^^^^^^^^^^^^^^^^^^^^^^
  File "C:\Users\arsry\AppData\Local\Programs\Python\Python312\Lib\site-packages\aiogram\dispatcher\event\telegram.py", line 121, in trigger
    return await wrapped_inner(event, kwargs)
           ^^^^^^^^^^^^^^^^^^^^^^^^^^^^^^^^^^
  File "C:\Users\arsry\AppData\Local\Programs\Python\Python312\Lib\site-packages\aiogram\dispatcher\event\handler.py", line 43, in call
    return await wrapped()
           ^^^^^^^^^^^^^^^
  File "C:\Users\arsry\AppData\Local\Programs\Python\Python312\Lib\site-packages\aiogram\dispatcher\dispatcher.py", line 276, in _listen_update
    return await self.propagate_event(update_type=update_type, event=event, **kwargs)
           ^^^^^^^^^^^^^^^^^^^^^^^^^^^^^^^^^^^^^^^^^^^^^^^^^^^^^^^^^^^^^^^^^^^^^^^^^^
  File "C:\Users\arsry\AppData\Local\Programs\Python\Python312\Lib\site-packages\aiogram\dispatcher\router.py", line 146, in propagate_event
    return await observer.wrap_outer_middleware(_wrapped, event=event, data=kwargs)
           ^^^^^^^^^^^^^^^^^^^^^^^^^^^^^^^^^^^^^^^^^^^^^^^^^^^^^^^^^^^^^^^^^^^^^^^^
  File "C:\Users\arsry\AppData\Local\Programs\Python\Python312\Lib\site-packages\aiogram\dispatcher\router.py", line 141, in _wrapped
    return await self._propagate_event(
           ^^^^^^^^^^^^^^^^^^^^^^^^^^^^
  File "C:\Users\arsry\AppData\Local\Programs\Python\Python312\Lib\site-packages\aiogram\dispatcher\router.py", line 174, in _propagate_event
    response = await router.propagate_event(update_type=update_type, event=event, **kwargs)
               ^^^^^^^^^^^^^^^^^^^^^^^^^^^^^^^^^^^^^^^^^^^^^^^^^^^^^^^^^^^^^^^^^^^^^^^^^^^^
  File "C:\Users\arsry\AppData\Local\Programs\Python\Python312\Lib\site-packages\aiogram\dispatcher\router.py", line 146, in propagate_event
    return await observer.wrap_outer_middleware(_wrapped, event=event, data=kwargs)
           ^^^^^^^^^^^^^^^^^^^^^^^^^^^^^^^^^^^^^^^^^^^^^^^^^^^^^^^^^^^^^^^^^^^^^^^^
  File "C:\Users\arsry\AppData\Local\Programs\Python\Python312\Lib\site-packages\aiogram\dispatcher\router.py", line 141, in _wrapped
    return await self._propagate_event(
           ^^^^^^^^^^^^^^^^^^^^^^^^^^^^
  File "C:\Users\arsry\AppData\Local\Programs\Python\Python312\Lib\site-packages\aiogram\dispatcher\router.py", line 166, in _propagate_event
    response = await observer.trigger(event, **kwargs)
               ^^^^^^^^^^^^^^^^^^^^^^^^^^^^^^^^^^^^^^^
  File "C:\Users\arsry\AppData\Local\Programs\Python\Python312\Lib\site-packages\aiogram\dispatcher\event\telegram.py", line 121, in trigger
    return await wrapped_inner(event, kwargs)
           ^^^^^^^^^^^^^^^^^^^^^^^^^^^^^^^^^^
  File "C:\Users\arsry\OneDrive\Рабочий стол\запись на секции\tg_bot\middlewares\throttling.py", line 64, in __call__
    return await handler(message, data)
           ^^^^^^^^^^^^^^^^^^^^^^^^^^^^
  File "C:\Users\arsry\AppData\Local\Programs\Python\Python312\Lib\site-packages\aiogram\dispatcher\event\handler.py", line 43, in call
    return await wrapped()
           ^^^^^^^^^^^^^^^
  File "C:\Users\arsry\OneDrive\Рабочий стол\запись на секции\tg_bot\routers\reg.py", line 49, in process_password
    isu, name = await get_isu_and_name(email, password)
                ^^^^^^^^^^^^^^^^^^^^^^^^^^^^^^^^^^^^^^^
  File "C:\Users\arsry\OneDrive\Рабочий стол\запись на секции\tg_bot\record\record.py", line 213, in get_isu_and_name
    await close_browser(playwright, browser)
                        ^^^^^^^^^^
UnboundLocalError: cannot access local variable 'playwright' where it is not associated with a value
[2026-01-26 23:06:34] ERROR in dispatcher: Failed to fetch updates - TelegramNetworkError: HTTP Client says - ClientOSError: [WinError 1236] Подключение к сети было разорвано локальной системой
[2026-01-26 23:06:34] WARNING in dispatcher: Sleep for 1.000000 seconds and try again... (tryings = 0, bot id = 7616289372)
[2026-01-26 23:06:56] ERROR in dispatcher: Failed to fetch updates - TelegramNetworkError: HTTP Client says - ClientConnectorError: Cannot connect to host api.telegram.org:443 ssl:default [Превышен таймаут семафора]
[2026-01-26 23:06:56] WARNING in dispatcher: Sleep for 1.173250 seconds and try again... (tryings = 1, bot id = 7616289372)
[2026-01-26 23:06:57] ERROR in dispatcher: Failed to fetch updates - TelegramNetworkError: HTTP Client says - ClientConnectorSSLError: Cannot connect to host api.telegram.org:443 ssl:default [[SSL: SSLV3_ALERT_HANDSHAKE_FAILURE] sslv3 alert handshake failure (_ssl.c:1000)]
[2026-01-26 23:06:57] WARNING in dispatcher: Sleep for 1.666352 seconds and try again... (tryings = 2, bot id = 7616289372)
[2026-01-26 23:06:59] ERROR in dispatcher: Failed to fetch updates - TelegramNetworkError: HTTP Client says - ClientConnectorSSLError: Cannot connect to host api.telegram.org:443 ssl:default [[SSL: SSLV3_ALERT_HANDSHAKE_FAILURE] sslv3 alert handshake failure (_ssl.c:1000)]
[2026-01-26 23:06:59] WARNING in dispatcher: Sleep for 2.148505 seconds and try again... (tryings = 3, bot id = 7616289372)
[2026-01-26 23:07:01] ERROR in dispatcher: Failed to fetch updates - TelegramNetworkError: HTTP Client says - ClientConnectorSSLError: Cannot connect to host api.telegram.org:443 ssl:default [[SSL: SSLV3_ALERT_HANDSHAKE_FAILURE] sslv3 alert handshake failure (_ssl.c:1000)]
[2026-01-26 23:07:01] WARNING in dispatcher: Sleep for 2.845187 seconds and try again... (tryings = 4, bot id = 7616289372)
[2026-01-26 23:07:04] ERROR in dispatcher: Failed to fetch updates - TelegramNetworkError: HTTP Client says - ClientConnectorSSLError: Cannot connect to host api.telegram.org:443 ssl:default [[SSL: SSLV3_ALERT_HANDSHAKE_FAILURE] sslv3 alert handshake failure (_ssl.c:1000)]
[2026-01-26 23:07:04] WARNING in dispatcher: Sleep for 3.730258 seconds and try again... (tryings = 5, bot id = 7616289372)
[2026-01-26 23:07:08] ERROR in dispatcher: Failed to fetch updates - TelegramNetworkError: HTTP Client says - ClientConnectorSSLError: Cannot connect to host api.telegram.org:443 ssl:default [[SSL: SSLV3_ALERT_HANDSHAKE_FAILURE] sslv3 alert handshake failure (_ssl.c:1000)]
[2026-01-26 23:07:08] WARNING in dispatcher: Sleep for 4.739306 seconds and try again... (tryings = 6, bot id = 7616289372)
[2026-01-26 23:07:13] ERROR in dispatcher: Failed to fetch updates - TelegramNetworkError: HTTP Client says - ClientConnectorSSLError: Cannot connect to host api.telegram.org:443 ssl:default [[SSL: SSLV3_ALERT_HANDSHAKE_FAILURE] sslv3 alert handshake failure (_ssl.c:1000)]
[2026-01-26 23:07:13] WARNING in dispatcher: Sleep for 5.074712 seconds and try again... (tryings = 7, bot id = 7616289372)
[2026-01-26 23:07:18] ERROR in dispatcher: Failed to fetch updates - TelegramNetworkError: HTTP Client says - ClientConnectorSSLError: Cannot connect to host api.telegram.org:443 ssl:default [[SSL: SSLV3_ALERT_HANDSHAKE_FAILURE] sslv3 alert handshake failure (_ssl.c:1000)]
[2026-01-26 23:07:18] WARNING in dispatcher: Sleep for 4.966455 seconds and try again... (tryings = 8, bot id = 7616289372)
[2026-01-26 23:07:23] ERROR in dispatcher: Failed to fetch updates - TelegramNetworkError: HTTP Client says - ClientConnectorSSLError: Cannot connect to host api.telegram.org:443 ssl:default [[SSL: SSLV3_ALERT_HANDSHAKE_FAILURE] sslv3 alert handshake failure (_ssl.c:1000)]
[2026-01-26 23:07:23] WARNING in dispatcher: Sleep for 5.133806 seconds and try again... (tryings = 9, bot id = 7616289372)
[2026-01-26 23:07:28] ERROR in dispatcher: Failed to fetch updates - TelegramNetworkError: HTTP Client says - ClientConnectorSSLError: Cannot connect to host api.telegram.org:443 ssl:default [[SSL: SSLV3_ALERT_HANDSHAKE_FAILURE] sslv3 alert handshake failure (_ssl.c:1000)]
[2026-01-26 23:07:28] WARNING in dispatcher: Sleep for 4.882319 seconds and try again... (tryings = 10, bot id = 7616289372)
[2026-01-26 23:07:33] ERROR in dispatcher: Failed to fetch updates - TelegramNetworkError: HTTP Client says - ClientConnectorSSLError: Cannot connect to host api.telegram.org:443 ssl:default [[SSL: SSLV3_ALERT_HANDSHAKE_FAILURE] sslv3 alert handshake failure (_ssl.c:1000)]
[2026-01-26 23:07:33] WARNING in dispatcher: Sleep for 5.080639 seconds and try again... (tryings = 11, bot id = 7616289372)
[2026-01-26 23:07:38] ERROR in dispatcher: Failed to fetch updates - TelegramNetworkError: HTTP Client says - ClientConnectorSSLError: Cannot connect to host api.telegram.org:443 ssl:default [[SSL: SSLV3_ALERT_HANDSHAKE_FAILURE] sslv3 alert handshake failure (_ssl.c:1000)]
[2026-01-26 23:07:38] WARNING in dispatcher: Sleep for 5.055998 seconds and try again... (tryings = 12, bot id = 7616289372)
[2026-01-26 23:07:43] ERROR in dispatcher: Failed to fetch updates - TelegramNetworkError: HTTP Client says - ClientConnectorSSLError: Cannot connect to host api.telegram.org:443 ssl:default [[SSL: SSLV3_ALERT_HANDSHAKE_FAILURE] sslv3 alert handshake failure (_ssl.c:1000)]
[2026-01-26 23:07:43] WARNING in dispatcher: Sleep for 4.891548 seconds and try again... (tryings = 13, bot id = 7616289372)
[2026-01-26 23:07:48] ERROR in dispatcher: Failed to fetch updates - TelegramNetworkError: HTTP Client says - ClientConnectorSSLError: Cannot connect to host api.telegram.org:443 ssl:default [[SSL: SSLV3_ALERT_HANDSHAKE_FAILURE] sslv3 alert handshake failure (_ssl.c:1000)]
[2026-01-26 23:07:48] WARNING in dispatcher: Sleep for 5.041281 seconds and try again... (tryings = 14, bot id = 7616289372)
[2026-01-26 23:07:53] ERROR in dispatcher: Failed to fetch updates - TelegramNetworkError: HTTP Client says - ClientConnectorSSLError: Cannot connect to host api.telegram.org:443 ssl:default [[SSL: SSLV3_ALERT_HANDSHAKE_FAILURE] sslv3 alert handshake failure (_ssl.c:1000)]
[2026-01-26 23:07:53] WARNING in dispatcher: Sleep for 5.085897 seconds and try again... (tryings = 15, bot id = 7616289372)
[2026-01-26 23:07:59] ERROR in dispatcher: Failed to fetch updates - TelegramNetworkError: HTTP Client says - ClientConnectorSSLError: Cannot connect to host api.telegram.org:443 ssl:default [[SSL: SSLV3_ALERT_HANDSHAKE_FAILURE] sslv3 alert handshake failure (_ssl.c:1000)]
[2026-01-26 23:07:59] WARNING in dispatcher: Sleep for 4.842956 seconds and try again... (tryings = 16, bot id = 7616289372)
[2026-01-26 23:08:14] INFO in dispatcher: Connection established (tryings = 17, bot id = 7616289372)
[2026-01-26 23:12:19] INFO in dispatcher: Update id=219030060 is handled. Duration 625 ms by bot id=7616289372
[2026-01-26 23:12:29] INFO in dispatcher: Update id=219030061 is handled. Duration 125 ms by bot id=7616289372
[2026-01-26 23:13:29] INFO in dispatcher: Update id=219030062 is handled. Duration 50844 ms by bot id=7616289372
[2026-01-26 23:13:36] INFO in dispatcher: Update id=219030063 is handled. Duration 405 ms by bot id=7616289372
[2026-01-26 23:13:39] INFO in dispatcher: Update id=219030064 is handled. Duration 452 ms by bot id=7616289372
[2026-01-26 23:13:41] INFO in dispatcher: Update id=219030065 is handled. Duration 250 ms by bot id=7616289372
[2026-01-26 23:13:45] INFO in dispatcher: Update id=219030066 is handled. Duration 2469 ms by bot id=7616289372
[2026-01-26 23:13:46] INFO in dispatcher: Update id=219030067 is handled. Duration 422 ms by bot id=7616289372
[2026-01-26 23:13:50] INFO in dispatcher: Update id=219030068 is handled. Duration 250 ms by bot id=7616289372
[2026-01-26 23:13:57] INFO in dispatcher: Update id=219030069 is handled. Duration 172 ms by bot id=7616289372
[2026-01-26 23:14:03] INFO in dispatcher: Update id=219030070 is handled. Duration 1952 ms by bot id=7616289372
[2026-01-26 23:14:38] INFO in dispatcher: Update id=219030071 is handled. Duration 500 ms by bot id=7616289372
[2026-01-26 23:14:48] INFO in dispatcher: Update id=219030072 is handled. Duration 610 ms by bot id=7616289372
[2026-01-26 23:14:51] INFO in dispatcher: Update id=219030073 is handled. Duration 391 ms by bot id=7616289372
[2026-01-26 23:15:02] INFO in dispatcher: Update id=219030074 is handled. Duration 985 ms by bot id=7616289372
[2026-01-26 23:15:12] INFO in dispatcher: Update id=219030075 is handled. Duration 139 ms by bot id=7616289372
[2026-01-26 23:15:16] INFO in dispatcher: Update id=219030076 is handled. Duration 577 ms by bot id=7616289372
[2026-01-26 23:15:21] INFO in dispatcher: Update id=219030077 is handled. Duration 375 ms by bot id=7616289372
[2026-01-26 23:15:24] INFO in dispatcher: Update id=219030078 is handled. Duration 813 ms by bot id=7616289372
[2026-01-26 23:15:25] INFO in dispatcher: Update id=219030079 is handled. Duration 358 ms by bot id=7616289372
[2026-01-26 23:15:33] INFO in dispatcher: Update id=219030080 is handled. Duration 344 ms by bot id=7616289372
[2026-01-26 23:15:40] INFO in dispatcher: Update id=219030081 is handled. Duration 827 ms by bot id=7616289372
[2026-02-07 20:48:50] INFO in dispatcher: Start polling
[2026-02-07 20:48:50] INFO in dispatcher: Run polling for bot @prot_xafda_bot id=7616289372 - 'prot_bot'
[2026-02-07 20:49:06] INFO in dispatcher: Update id=219030082 is handled. Duration 553 ms by bot id=7616289372
[2026-02-07 20:49:12] INFO in dispatcher: Update id=219030083 is handled. Duration 85 ms by bot id=7616289372
[2026-02-07 20:49:16] INFO in dispatcher: Update id=219030084 is handled. Duration 69 ms by bot id=7616289372
[2026-02-07 20:49:17] INFO in dispatcher: Update id=219030085 is handled. Duration 146 ms by bot id=7616289372
[2026-02-07 20:49:18] INFO in dispatcher: Update id=219030086 is handled. Duration 79 ms by bot id=7616289372
[2026-02-07 20:49:20] INFO in dispatcher: Update id=219030087 is handled. Duration 117 ms by bot id=7616289372
[2026-02-07 20:49:21] INFO in dispatcher: Update id=219030088 is handled. Duration 58 ms by bot id=7616289372
[2026-02-07 20:49:22] INFO in dispatcher: Update id=219030089 is handled. Duration 116 ms by bot id=7616289372
[2026-02-07 20:49:24] INFO in dispatcher: Update id=219030090 is handled. Duration 732 ms by bot id=7616289372
[2026-02-07 20:49:25] INFO in dispatcher: Update id=219030091 is handled. Duration 222 ms by bot id=7616289372
[2026-02-07 20:49:26] INFO in dispatcher: Update id=219030092 is handled. Duration 59 ms by bot id=7616289372
[2026-02-07 20:49:27] INFO in dispatcher: Update id=219030093 is handled. Duration 154 ms by bot id=7616289372
[2026-02-07 20:49:28] INFO in dispatcher: Update id=219030094 is handled. Duration 69 ms by bot id=7616289372
[2026-02-07 20:49:29] INFO in dispatcher: Update id=219030095 is handled. Duration 123 ms by bot id=7616289372
[2026-02-07 20:49:32] INFO in dispatcher: Update id=219030096 is handled. Duration 117 ms by bot id=7616289372
[2026-02-07 20:49:35] INFO in dispatcher: Update id=219030097 is handled. Duration 540 ms by bot id=7616289372
[2026-02-07 20:49:37] INFO in dispatcher: Update id=219030098 is handled. Duration 71 ms by bot id=7616289372
[2026-02-07 20:49:43] INFO in dispatcher: Update id=219030099 is handled. Duration 118 ms by bot id=7616289372
[2026-02-07 20:49:44] INFO in dispatcher: Update id=219030100 is handled. Duration 455 ms by bot id=7616289372
[2026-02-07 20:49:46] INFO in dispatcher: Update id=219030101 is handled. Duration 126 ms by bot id=7616289372
[2026-02-07 20:49:47] INFO in dispatcher: Update id=219030102 is handled. Duration 64 ms by bot id=7616289372
[2026-02-07 20:50:07] ERROR in postgre_db: Команда: INSERT INTO sections (section, coach, day_id, time_id, on_even_numbers, location, is_parsing) VALUES ('Фитнес (функциональная тренировка)', 'Спицын Андрей Александрович', 1, 1, 1, 'онлайн', True)
Ошибка при получении данных: повторяющееся значение ключа нарушает ограничение уникальности "sections_section_coach_day_id_time_id_on_even_numbers_key"
DETAIL:  Ключ "(section, coach, day_id, time_id, on_even_numbers)=(Фитнес (функциональная тренировка), Спицын Андрей Александрович, 1, 1, 1)" уже существует.
[2026-02-07 20:50:07] ERROR in postgre_db: Команда: INSERT INTO sections (section, coach, day_id, time_id, on_even_numbers, location, is_parsing) VALUES ('Фитнес (стретчинг)', 'Трифонов Владислав Олегович', 1, 1, 1, 'онлайн', True)
Ошибка при получении данных: повторяющееся значение ключа нарушает ограничение уникальности "sections_section_coach_day_id_time_id_on_even_numbers_key"
DETAIL:  Ключ "(section, coach, day_id, time_id, on_even_numbers)=(Фитнес (стретчинг), Трифонов Владислав Олегович, 1, 1, 1)" уже существует.
[2026-02-07 20:50:07] ERROR in postgre_db: Команда: INSERT INTO sections (section, coach, day_id, time_id, on_even_numbers, location, is_parsing) VALUES ('Бадминтон', 'Королева Екатерина Александровна', 1, 1, 1, 'онлайн', True)
Ошибка при получении данных: повторяющееся значение ключа нарушает ограничение уникальности "sections_section_coach_day_id_time_id_on_even_numbers_key"
DETAIL:  Ключ "(section, coach, day_id, time_id, on_even_numbers)=(Бадминтон, Королева Екатерина Александровна, 1, 1, 1)" уже существует.
[2026-02-07 20:50:07] ERROR in postgre_db: Команда: INSERT INTO sections (section, coach, day_id, time_id, on_even_numbers, location, is_parsing) VALUES ('Волейбол', 'Платонова Валентина Александровна', 1, 1, 1, 'онлайн', True)
Ошибка при получении данных: повторяющееся значение ключа нарушает ограничение уникальности "sections_section_coach_day_id_time_id_on_even_numbers_key"
DETAIL:  Ключ "(section, coach, day_id, time_id, on_even_numbers)=(Волейбол, Платонова Валентина Александровна, 1, 1, 1)" уже существует.
[2026-02-07 20:50:08] ERROR in postgre_db: Команда: INSERT INTO sections (section, coach, day_id, time_id, on_even_numbers, location, is_parsing) VALUES ('Фитнес (стретчинг)', 'Трифонов Владислав Олегович', 2, 1, 1, 'онлайн', True)
Ошибка при получении данных: повторяющееся значение ключа нарушает ограничение уникальности "sections_section_coach_day_id_time_id_on_even_numbers_key"
DETAIL:  Ключ "(section, coach, day_id, time_id, on_even_numbers)=(Фитнес (стретчинг), Трифонов Владислав Олегович, 2, 1, 1)" уже существует.
[2026-02-07 20:50:08] ERROR in postgre_db: Команда: INSERT INTO sections (section, coach, day_id, time_id, on_even_numbers, location, is_parsing) VALUES ('Йога', 'Иванов Алексей Анатольевич', 2, 1, 1, 'онлайн', True)
Ошибка при получении данных: повторяющееся значение ключа нарушает ограничение уникальности "sections_section_coach_day_id_time_id_on_even_numbers_key"
DETAIL:  Ключ "(section, coach, day_id, time_id, on_even_numbers)=(Йога, Иванов Алексей Анатольевич, 2, 1, 1)" уже существует.
[2026-02-07 20:50:08] ERROR in postgre_db: Команда: INSERT INTO sections (section, coach, day_id, time_id, on_even_numbers, location, is_parsing) VALUES ('Баскетбол', 'Королева Екатерина Александровна', 2, 1, 1, 'онлайн', True)
Ошибка при получении данных: повторяющееся значение ключа нарушает ограничение уникальности "sections_section_coach_day_id_time_id_on_even_numbers_key"
DETAIL:  Ключ "(section, coach, day_id, time_id, on_even_numbers)=(Баскетбол, Королева Екатерина Александровна, 2, 1, 1)" уже существует.
[2026-02-07 20:50:08] ERROR in postgre_db: Команда: INSERT INTO sections (section, coach, day_id, time_id, on_even_numbers, location, is_parsing) VALUES ('АФК и ЛФК', 'Платонова Валентина Александровна', 2, 1, 1, 'онлайн', True)
Ошибка при получении данных: повторяющееся значение ключа нарушает ограничение уникальности "sections_section_coach_day_id_time_id_on_even_numbers_key"
DETAIL:  Ключ "(section, coach, day_id, time_id, on_even_numbers)=(АФК и ЛФК, Платонова Валентина Александровна, 2, 1, 1)" уже существует.
[2026-02-07 20:50:09] ERROR in postgre_db: Команда: INSERT INTO sections (section, coach, day_id, time_id, on_even_numbers, location, is_parsing) VALUES ('Бадминтон', 'Дорогинский Станислав Вячеславович', 3, 1, 1, 'онлайн', True)
Ошибка при получении данных: повторяющееся значение ключа нарушает ограничение уникальности "sections_section_coach_day_id_time_id_on_even_numbers_key"
DETAIL:  Ключ "(section, coach, day_id, time_id, on_even_numbers)=(Бадминтон, Дорогинский Станислав Вячеславович, 3, 1, 1)" уже существует.
[2026-02-07 20:50:09] ERROR in postgre_db: Команда: INSERT INTO sections (section, coach, day_id, time_id, on_even_numbers, location, is_parsing) VALUES ('Фитнес (функциональная тренировка)', 'Спицын Андрей Александрович', 3, 1, 1, 'онлайн', True)
Ошибка при получении данных: повторяющееся значение ключа нарушает ограничение уникальности "sections_section_coach_day_id_time_id_on_even_numbers_key"
DETAIL:  Ключ "(section, coach, day_id, time_id, on_even_numbers)=(Фитнес (функциональная тренировка), Спицын Андрей Александрович, 3, 1, 1)" уже существует.
[2026-02-07 20:50:09] ERROR in postgre_db: Команда: INSERT INTO sections (section, coach, day_id, time_id, on_even_numbers, location, is_parsing) VALUES ('Волейбол', 'Платонова Валентина Александровна', 3, 1, 1, 'онлайн', True)
Ошибка при получении данных: повторяющееся значение ключа нарушает ограничение уникальности "sections_section_coach_day_id_time_id_on_even_numbers_key"
DETAIL:  Ключ "(section, coach, day_id, time_id, on_even_numbers)=(Волейбол, Платонова Валентина Александровна, 3, 1, 1)" уже существует.
[2026-02-07 20:50:17] ERROR in postgre_db: Команда: INSERT INTO sections (section, coach, day_id, time_id, on_even_numbers, location, is_parsing) VALUES ('Фитнес (кроссфит)', 'Каменьщиков Павел Валерьевич', 1, 1, 0, 'Ломо', True)
Ошибка при получении данных: повторяющееся значение ключа нарушает ограничение уникальности "sections_section_coach_day_id_time_id_on_even_numbers_key"
DETAIL:  Ключ "(section, coach, day_id, time_id, on_even_numbers)=(Фитнес (кроссфит), Каменьщиков Павел Валерьевич, 1, 1, 0)" уже существует.
[2026-02-07 20:50:17] ERROR in postgre_db: Команда: INSERT INTO sections (section, coach, day_id, time_id, on_even_numbers, location, is_parsing) VALUES ('Бадминтон', 'Королева Екатерина Александровна', 1, 1, 0, 'Ломо', True)
Ошибка при получении данных: повторяющееся значение ключа нарушает ограничение уникальности "sections_section_coach_day_id_time_id_on_even_numbers_key"
DETAIL:  Ключ "(section, coach, day_id, time_id, on_even_numbers)=(Бадминтон, Королева Екатерина Александровна, 1, 1, 0)" уже существует.
[2026-02-07 20:50:17] ERROR in postgre_db: Команда: INSERT INTO sections (section, coach, day_id, time_id, on_even_numbers, location, is_parsing) VALUES ('Йога', 'Иванов Алексей Анатольевич', 1, 1, 0, 'Ломо', True)
Ошибка при получении данных: повторяющееся значение ключа нарушает ограничение уникальности "sections_section_coach_day_id_time_id_on_even_numbers_key"
DETAIL:  Ключ "(section, coach, day_id, time_id, on_even_numbers)=(Йога, Иванов Алексей Анатольевич, 1, 1, 0)" уже существует.
[2026-02-07 20:50:18] ERROR in postgre_db: Команда: INSERT INTO sections (section, coach, day_id, time_id, on_even_numbers, location, is_parsing) VALUES ('Волейбол', 'Трифонов Владислав Олегович', 2, 1, 0, 'Ломо', True)
Ошибка при получении данных: повторяющееся значение ключа нарушает ограничение уникальности "sections_section_coach_day_id_time_id_on_even_numbers_key"
DETAIL:  Ключ "(section, coach, day_id, time_id, on_even_numbers)=(Волейбол, Трифонов Владислав Олегович, 2, 1, 0)" уже существует.
[2026-02-07 20:50:18] ERROR in postgre_db: Команда: INSERT INTO sections (section, coach, day_id, time_id, on_even_numbers, location, is_parsing) VALUES ('Фитнес (флекс)', 'Зефирова Екатерина Виталиевна', 2, 1, 0, 'Ломо', True)
Ошибка при получении данных: повторяющееся значение ключа нарушает ограничение уникальности "sections_section_coach_day_id_time_id_on_even_numbers_key"
DETAIL:  Ключ "(section, coach, day_id, time_id, on_even_numbers)=(Фитнес (флекс), Зефирова Екатерина Виталиевна, 2, 1, 0)" уже существует.
[2026-02-07 20:50:18] ERROR in postgre_db: Команда: INSERT INTO sections (section, coach, day_id, time_id, on_even_numbers, location, is_parsing) VALUES ('Фитнес (стретчинг)', 'Каменьщиков Павел Валерьевич', 2, 1, 0, 'Ломо', True)
Ошибка при получении данных: повторяющееся значение ключа нарушает ограничение уникальности "sections_section_coach_day_id_time_id_on_even_numbers_key"
DETAIL:  Ключ "(section, coach, day_id, time_id, on_even_numbers)=(Фитнес (стретчинг), Каменьщиков Павел Валерьевич, 2, 1, 0)" уже существует.
[2026-02-07 20:50:18] ERROR in postgre_db: Команда: INSERT INTO sections (section, coach, day_id, time_id, on_even_numbers, location, is_parsing) VALUES ('Фитнес (функциональная тренировка)', 'Спицын Андрей Александрович', 3, 1, 0, 'Ломо', True)
Ошибка при получении данных: повторяющееся значение ключа нарушает ограничение уникальности "sections_section_coach_day_id_time_id_on_even_numbers_key"
DETAIL:  Ключ "(section, coach, day_id, time_id, on_even_numbers)=(Фитнес (функциональная тренировка), Спицын Андрей Александрович, 3, 1, 0)" уже существует.
[2026-02-07 20:50:19] ERROR in postgre_db: Команда: INSERT INTO sections (section, coach, day_id, time_id, on_even_numbers, location, is_parsing) VALUES ('Бадминтон', 'Королева Екатерина Александровна', 3, 1, 0, 'Ломо', True)
Ошибка при получении данных: повторяющееся значение ключа нарушает ограничение уникальности "sections_section_coach_day_id_time_id_on_even_numbers_key"
DETAIL:  Ключ "(section, coach, day_id, time_id, on_even_numbers)=(Бадминтон, Королева Екатерина Александровна, 3, 1, 0)" уже существует.
[2026-02-07 20:50:19] ERROR in postgre_db: Команда: INSERT INTO sections (section, coach, day_id, time_id, on_even_numbers, location, is_parsing) VALUES ('Волейбол', 'Платонова Валентина Александровна', 3, 1, 0, 'Ломо', True)
Ошибка при получении данных: повторяющееся значение ключа нарушает ограничение уникальности "sections_section_coach_day_id_time_id_on_even_numbers_key"
DETAIL:  Ключ "(section, coach, day_id, time_id, on_even_numbers)=(Волейбол, Платонова Валентина Александровна, 3, 1, 0)" уже существует.
[2026-02-07 20:50:19] ERROR in postgre_db: Команда: INSERT INTO sections (section, coach, day_id, time_id, on_even_numbers, location, is_parsing) VALUES ('Фитнес (стретчинг)', 'Трифонов Владислав Олегович', 3, 1, 0, 'Ломо', True)
Ошибка при получении данных: повторяющееся значение ключа нарушает ограничение уникальности "sections_section_coach_day_id_time_id_on_even_numbers_key"
DETAIL:  Ключ "(section, coach, day_id, time_id, on_even_numbers)=(Фитнес (стретчинг), Трифонов Владислав Олегович, 3, 1, 0)" уже существует.
[2026-02-07 20:50:19] ERROR in postgre_db: Команда: INSERT INTO sections (section, coach, day_id, time_id, on_even_numbers, location, is_parsing) VALUES ('Фитнес (стретчинг)', 'Трифонов Владислав Олегович', 4, 1, 0, 'Ломо', True)
Ошибка при получении данных: повторяющееся значение ключа нарушает ограничение уникальности "sections_section_coach_day_id_time_id_on_even_numbers_key"
DETAIL:  Ключ "(section, coach, day_id, time_id, on_even_numbers)=(Фитнес (стретчинг), Трифонов Владислав Олегович, 4, 1, 0)" уже существует.
[2026-02-07 20:50:19] ERROR in postgre_db: Команда: INSERT INTO sections (section, coach, day_id, time_id, on_even_numbers, location, is_parsing) VALUES ('Баскетбол', 'Королева Екатерина Александровна', 4, 1, 0, 'Ломо', True)
Ошибка при получении данных: повторяющееся значение ключа нарушает ограничение уникальности "sections_section_coach_day_id_time_id_on_even_numbers_key"
DETAIL:  Ключ "(section, coach, day_id, time_id, on_even_numbers)=(Баскетбол, Королева Екатерина Александровна, 4, 1, 0)" уже существует.
[2026-02-07 20:50:20] ERROR in postgre_db: Команда: INSERT INTO sections (section, coach, day_id, time_id, on_even_numbers, location, is_parsing) VALUES ('АФК и ЛФК', 'Платонова Валентина Александровна', 4, 1, 0, 'Ломо', True)
Ошибка при получении данных: повторяющееся значение ключа нарушает ограничение уникальности "sections_section_coach_day_id_time_id_on_even_numbers_key"
DETAIL:  Ключ "(section, coach, day_id, time_id, on_even_numbers)=(АФК и ЛФК, Платонова Валентина Александровна, 4, 1, 0)" уже существует.
[2026-02-07 20:50:20] ERROR in postgre_db: Команда: INSERT INTO sections (section, coach, day_id, time_id, on_even_numbers, location, is_parsing) VALUES ('Фитнес (функциональная тренировка)', 'Спицын Андрей Александрович', 5, 1, 0, 'Ломо', True)
Ошибка при получении данных: повторяющееся значение ключа нарушает ограничение уникальности "sections_section_coach_day_id_time_id_on_even_numbers_key"
DETAIL:  Ключ "(section, coach, day_id, time_id, on_even_numbers)=(Фитнес (функциональная тренировка), Спицын Андрей Александрович, 5, 1, 0)" уже существует.
[2026-02-07 20:50:20] ERROR in postgre_db: Команда: INSERT INTO sections (section, coach, day_id, time_id, on_even_numbers, location, is_parsing) VALUES ('Бадминтон', 'Дорогинский Станислав Вячеславович', 5, 1, 0, 'Ломо', True)
Ошибка при получении данных: повторяющееся значение ключа нарушает ограничение уникальности "sections_section_coach_day_id_time_id_on_even_numbers_key"
DETAIL:  Ключ "(section, coach, day_id, time_id, on_even_numbers)=(Бадминтон, Дорогинский Станислав Вячеславович, 5, 1, 0)" уже существует.
[2026-02-07 20:50:20] ERROR in postgre_db: Команда: INSERT INTO sections (section, coach, day_id, time_id, on_even_numbers, location, is_parsing) VALUES ('Волейбол', 'Платонова Валентина Александровна', 5, 1, 0, 'Ломо', True)
Ошибка при получении данных: повторяющееся значение ключа нарушает ограничение уникальности "sections_section_coach_day_id_time_id_on_even_numbers_key"
DETAIL:  Ключ "(section, coach, day_id, time_id, on_even_numbers)=(Волейбол, Платонова Валентина Александровна, 5, 1, 0)" уже существует.
[2026-02-07 20:50:21] ERROR in postgre_db: Команда: INSERT INTO sections (section, coach, day_id, time_id, on_even_numbers, location, is_parsing) VALUES ('Фитнес (функциональная тренировка)', 'Королева Екатерина Александровна', 1, 2, 0, 'Ломо', True)
Ошибка при получении данных: повторяющееся значение ключа нарушает ограничение уникальности "sections_section_coach_day_id_time_id_on_even_numbers_key"
DETAIL:  Ключ "(section, coach, day_id, time_id, on_even_numbers)=(Фитнес (функциональная тренировка), Королева Екатерина Александровна, 1, 2, 0)" уже существует.
[2026-02-07 20:50:21] ERROR in postgre_db: Команда: INSERT INTO sections (section, coach, day_id, time_id, on_even_numbers, location, is_parsing) VALUES ('Фитнес (функциональная тренировка)', 'Каменьщиков Павел Валерьевич', 1, 2, 0, 'Ломо', True)
Ошибка при получении данных: повторяющееся значение ключа нарушает ограничение уникальности "sections_section_coach_day_id_time_id_on_even_numbers_key"
DETAIL:  Ключ "(section, coach, day_id, time_id, on_even_numbers)=(Фитнес (функциональная тренировка), Каменьщиков Павел Валерьевич, 1, 2, 0)" уже существует.
[2026-02-07 20:50:21] ERROR in postgre_db: Команда: INSERT INTO sections (section, coach, day_id, time_id, on_even_numbers, location, is_parsing) VALUES ('Волейбол', 'Севрюгин Владимир Олегович', 1, 2, 0, 'Ломо', True)
Ошибка при получении данных: повторяющееся значение ключа нарушает ограничение уникальности "sections_section_coach_day_id_time_id_on_even_numbers_key"
DETAIL:  Ключ "(section, coach, day_id, time_id, on_even_numbers)=(Волейбол, Севрюгин Владимир Олегович, 1, 2, 0)" уже существует.
[2026-02-07 20:50:21] ERROR in postgre_db: Команда: INSERT INTO sections (section, coach, day_id, time_id, on_even_numbers, location, is_parsing) VALUES ('Йога', 'Иванов Алексей Анатольевич', 1, 2, 0, 'Ломо', True)
Ошибка при получении данных: повторяющееся значение ключа нарушает ограничение уникальности "sections_section_coach_day_id_time_id_on_even_numbers_key"
DETAIL:  Ключ "(section, coach, day_id, time_id, on_even_numbers)=(Йога, Иванов Алексей Анатольевич, 1, 2, 0)" уже существует.
[2026-02-07 20:50:21] ERROR in postgre_db: Команда: INSERT INTO sections (section, coach, day_id, time_id, on_even_numbers, location, is_parsing) VALUES ('Фитнес (степ-аэробика)', 'Зефирова Екатерина Виталиевна', 2, 2, 0, 'Ломо', True)
Ошибка при получении данных: повторяющееся значение ключа нарушает ограничение уникальности "sections_section_coach_day_id_time_id_on_even_numbers_key"
DETAIL:  Ключ "(section, coach, day_id, time_id, on_even_numbers)=(Фитнес (степ-аэробика), Зефирова Екатерина Виталиевна, 2, 2, 0)" уже существует.
[2026-02-07 20:50:22] ERROR in postgre_db: Команда: INSERT INTO sections (section, coach, day_id, time_id, on_even_numbers, location, is_parsing) VALUES ('Фитнес (кроссфит)', 'Трифонов Владислав Олегович', 2, 2, 0, 'Ломо', True)
Ошибка при получении данных: повторяющееся значение ключа нарушает ограничение уникальности "sections_section_coach_day_id_time_id_on_even_numbers_key"
DETAIL:  Ключ "(section, coach, day_id, time_id, on_even_numbers)=(Фитнес (кроссфит), Трифонов Владислав Олегович, 2, 2, 0)" уже существует.
[2026-02-07 20:50:22] ERROR in postgre_db: Команда: INSERT INTO sections (section, coach, day_id, time_id, on_even_numbers, location, is_parsing) VALUES ('Фитнес (функциональная тренировка)', 'Варушин Артем Владимирович', 2, 2, 0, 'Ломо', True)
Ошибка при получении данных: повторяющееся значение ключа нарушает ограничение уникальности "sections_section_coach_day_id_time_id_on_even_numbers_key"
DETAIL:  Ключ "(section, coach, day_id, time_id, on_even_numbers)=(Фитнес (функциональная тренировка), Варушин Артем Владимирович, 2, 2, 0)" уже существует.
[2026-02-07 20:50:22] ERROR in postgre_db: Команда: INSERT INTO sections (section, coach, day_id, time_id, on_even_numbers, location, is_parsing) VALUES ('Волейбол', 'Севрюгин Владимир Олегович', 2, 2, 0, 'Ломо', True)
Ошибка при получении данных: повторяющееся значение ключа нарушает ограничение уникальности "sections_section_coach_day_id_time_id_on_even_numbers_key"
DETAIL:  Ключ "(section, coach, day_id, time_id, on_even_numbers)=(Волейбол, Севрюгин Владимир Олегович, 2, 2, 0)" уже существует.
[2026-02-07 20:50:22] ERROR in postgre_db: Команда: INSERT INTO sections (section, coach, day_id, time_id, on_even_numbers, location, is_parsing) VALUES ('Фитнес (стретчинг)', 'Каменьщиков Павел Валерьевич', 2, 2, 0, 'Ломо', True)
Ошибка при получении данных: повторяющееся значение ключа нарушает ограничение уникальности "sections_section_coach_day_id_time_id_on_even_numbers_key"
DETAIL:  Ключ "(section, coach, day_id, time_id, on_even_numbers)=(Фитнес (стретчинг), Каменьщиков Павел Валерьевич, 2, 2, 0)" уже существует.
[2026-02-07 20:50:23] ERROR in postgre_db: Команда: INSERT INTO sections (section, coach, day_id, time_id, on_even_numbers, location, is_parsing) VALUES ('Фитнес (функциональная тренировка)', 'Спицын Андрей Александрович', 3, 2, 0, 'Ломо', True)
Ошибка при получении данных: повторяющееся значение ключа нарушает ограничение уникальности "sections_section_coach_day_id_time_id_on_even_numbers_key"
DETAIL:  Ключ "(section, coach, day_id, time_id, on_even_numbers)=(Фитнес (функциональная тренировка), Спицын Андрей Александрович, 3, 2, 0)" уже существует.
[2026-02-07 20:50:23] ERROR in postgre_db: Команда: INSERT INTO sections (section, coach, day_id, time_id, on_even_numbers, location, is_parsing) VALUES ('Баскетбол', 'Трифонов Владислав Олегович', 3, 2, 0, 'Ломо', True)
Ошибка при получении данных: повторяющееся значение ключа нарушает ограничение уникальности "sections_section_coach_day_id_time_id_on_even_numbers_key"
DETAIL:  Ключ "(section, coach, day_id, time_id, on_even_numbers)=(Баскетбол, Трифонов Владислав Олегович, 3, 2, 0)" уже существует.
[2026-02-07 20:50:23] ERROR in postgre_db: Команда: INSERT INTO sections (section, coach, day_id, time_id, on_even_numbers, location, is_parsing) VALUES ('Фитнес (стретчинг)', 'Яковлев Игорь Сергеевич', 3, 2, 0, 'Ломо', True)
Ошибка при получении данных: повторяющееся значение ключа нарушает ограничение уникальности "sections_section_coach_day_id_time_id_on_even_numbers_key"
DETAIL:  Ключ "(section, coach, day_id, time_id, on_even_numbers)=(Фитнес (стретчинг), Яковлев Игорь Сергеевич, 3, 2, 0)" уже существует.
[2026-02-07 20:50:23] ERROR in postgre_db: Команда: INSERT INTO sections (section, coach, day_id, time_id, on_even_numbers, location, is_parsing) VALUES ('Гребной спорт', 'Платонова Валентина Александровна', 3, 2, 0, 'Ломо', True)
Ошибка при получении данных: повторяющееся значение ключа нарушает ограничение уникальности "sections_section_coach_day_id_time_id_on_even_numbers_key"
DETAIL:  Ключ "(section, coach, day_id, time_id, on_even_numbers)=(Гребной спорт, Платонова Валентина Александровна, 3, 2, 0)" уже существует.
[2026-02-07 20:50:23] ERROR in postgre_db: Команда: INSERT INTO sections (section, coach, day_id, time_id, on_even_numbers, location, is_parsing) VALUES ('Фитнес (стретчинг)', 'Королева Екатерина Александровна', 3, 2, 0, 'Ломо', True)
Ошибка при получении данных: повторяющееся значение ключа нарушает ограничение уникальности "sections_section_coach_day_id_time_id_on_even_numbers_key"
DETAIL:  Ключ "(section, coach, day_id, time_id, on_even_numbers)=(Фитнес (стретчинг), Королева Екатерина Александровна, 3, 2, 0)" уже существует.
[2026-02-07 20:50:24] ERROR in postgre_db: Команда: INSERT INTO sections (section, coach, day_id, time_id, on_even_numbers, location, is_parsing) VALUES ('Волейбол', 'Платонова Валентина Александровна', 4, 2, 0, 'Ломо', True)
Ошибка при получении данных: повторяющееся значение ключа нарушает ограничение уникальности "sections_section_coach_day_id_time_id_on_even_numbers_key"
DETAIL:  Ключ "(section, coach, day_id, time_id, on_even_numbers)=(Волейбол, Платонова Валентина Александровна, 4, 2, 0)" уже существует.
[2026-02-07 20:50:24] ERROR in postgre_db: Команда: INSERT INTO sections (section, coach, day_id, time_id, on_even_numbers, location, is_parsing) VALUES ('Фитнес (функциональная тренировка)', 'Трифонов Владислав Олегович', 4, 2, 0, 'Ломо', True)
Ошибка при получении данных: повторяющееся значение ключа нарушает ограничение уникальности "sections_section_coach_day_id_time_id_on_even_numbers_key"
DETAIL:  Ключ "(section, coach, day_id, time_id, on_even_numbers)=(Фитнес (функциональная тренировка), Трифонов Владислав Олегович, 4, 2, 0)" уже существует.
[2026-02-07 20:50:24] ERROR in postgre_db: Команда: INSERT INTO sections (section, coach, day_id, time_id, on_even_numbers, location, is_parsing) VALUES ('Настольный теннис', 'Королева Екатерина Александровна', 4, 2, 0, 'Ломо', True)
Ошибка при получении данных: повторяющееся значение ключа нарушает ограничение уникальности "sections_section_coach_day_id_time_id_on_even_numbers_key"
DETAIL:  Ключ "(section, coach, day_id, time_id, on_even_numbers)=(Настольный теннис, Королева Екатерина Александровна, 4, 2, 0)" уже существует.
[2026-02-07 20:50:24] ERROR in postgre_db: Команда: INSERT INTO sections (section, coach, day_id, time_id, on_even_numbers, location, is_parsing) VALUES ('Волейбол', 'Севрюгин Владимир Олегович', 5, 2, 0, 'Ломо', True)
Ошибка при получении данных: повторяющееся значение ключа нарушает ограничение уникальности "sections_section_coach_day_id_time_id_on_even_numbers_key"
DETAIL:  Ключ "(section, coach, day_id, time_id, on_even_numbers)=(Волейбол, Севрюгин Владимир Олегович, 5, 2, 0)" уже существует.
[2026-02-07 20:50:24] ERROR in postgre_db: Команда: INSERT INTO sections (section, coach, day_id, time_id, on_even_numbers, location, is_parsing) VALUES ('АФК и ЛФК', 'Платонова Валентина Александровна', 5, 2, 0, 'Ломо', True)
Ошибка при получении данных: повторяющееся значение ключа нарушает ограничение уникальности "sections_section_coach_day_id_time_id_on_even_numbers_key"
DETAIL:  Ключ "(section, coach, day_id, time_id, on_even_numbers)=(АФК и ЛФК, Платонова Валентина Александровна, 5, 2, 0)" уже существует.
[2026-02-07 20:50:24] ERROR in postgre_db: Команда: INSERT INTO sections (section, coach, day_id, time_id, on_even_numbers, location, is_parsing) VALUES ('Фитнес (функциональная тренировка)', 'Спицын Андрей Александрович', 5, 2, 0, 'Ломо', True)
Ошибка при получении данных: повторяющееся значение ключа нарушает ограничение уникальности "sections_section_coach_day_id_time_id_on_even_numbers_key"
DETAIL:  Ключ "(section, coach, day_id, time_id, on_even_numbers)=(Фитнес (функциональная тренировка), Спицын Андрей Александрович, 5, 2, 0)" уже существует.
[2026-02-07 20:50:25] ERROR in postgre_db: Команда: INSERT INTO sections (section, coach, day_id, time_id, on_even_numbers, location, is_parsing) VALUES ('Бадминтон', 'Дорогинский Станислав Вячеславович', 5, 2, 0, 'Ломо', True)
Ошибка при получении данных: повторяющееся значение ключа нарушает ограничение уникальности "sections_section_coach_day_id_time_id_on_even_numbers_key"
DETAIL:  Ключ "(section, coach, day_id, time_id, on_even_numbers)=(Бадминтон, Дорогинский Станислав Вячеславович, 5, 2, 0)" уже существует.
[2026-02-07 20:50:25] ERROR in postgre_db: Команда: INSERT INTO sections (section, coach, day_id, time_id, on_even_numbers, location, is_parsing) VALUES ('Фитнес', 'Гогицаев Феликс Аркадьевич', 6, 2, 0, 'Ломо', True)
Ошибка при получении данных: повторяющееся значение ключа нарушает ограничение уникальности "sections_section_coach_day_id_time_id_on_even_numbers_key"
DETAIL:  Ключ "(section, coach, day_id, time_id, on_even_numbers)=(Фитнес, Гогицаев Феликс Аркадьевич, 6, 2, 0)" уже существует.
[2026-02-07 20:50:25] ERROR in postgre_db: Команда: INSERT INTO sections (section, coach, day_id, time_id, on_even_numbers, location, is_parsing) VALUES ('Йога', 'Иванов Алексей Анатольевич', 1, 3, 0, 'Ломо', True)
Ошибка при получении данных: повторяющееся значение ключа нарушает ограничение уникальности "sections_section_coach_day_id_time_id_on_even_numbers_key"
DETAIL:  Ключ "(section, coach, day_id, time_id, on_even_numbers)=(Йога, Иванов Алексей Анатольевич, 1, 3, 0)" уже существует.
[2026-02-07 20:50:25] ERROR in postgre_db: Команда: INSERT INTO sections (section, coach, day_id, time_id, on_even_numbers, location, is_parsing) VALUES ('Волейбол', 'Королева Екатерина Александровна', 1, 3, 0, 'Ломо', True)
Ошибка при получении данных: повторяющееся значение ключа нарушает ограничение уникальности "sections_section_coach_day_id_time_id_on_even_numbers_key"
DETAIL:  Ключ "(section, coach, day_id, time_id, on_even_numbers)=(Волейбол, Королева Екатерина Александровна, 1, 3, 0)" уже существует.
[2026-02-07 20:50:25] ERROR in postgre_db: Команда: INSERT INTO sections (section, coach, day_id, time_id, on_even_numbers, location, is_parsing) VALUES ('Фитнес (кроссфит)', 'Севрюгин Владимир Олегович', 1, 3, 0, 'Ломо', True)
Ошибка при получении данных: повторяющееся значение ключа нарушает ограничение уникальности "sections_section_coach_day_id_time_id_on_even_numbers_key"
DETAIL:  Ключ "(section, coach, day_id, time_id, on_even_numbers)=(Фитнес (кроссфит), Севрюгин Владимир Олегович, 1, 3, 0)" уже существует.
[2026-02-07 20:50:26] ERROR in postgre_db: Команда: INSERT INTO sections (section, coach, day_id, time_id, on_even_numbers, location, is_parsing) VALUES ('Фитнес (функциональная тренировка)', 'Яковлев Игорь Сергеевич', 1, 3, 0, 'Ломо', True)
Ошибка при получении данных: повторяющееся значение ключа нарушает ограничение уникальности "sections_section_coach_day_id_time_id_on_even_numbers_key"
DETAIL:  Ключ "(section, coach, day_id, time_id, on_even_numbers)=(Фитнес (функциональная тренировка), Яковлев Игорь Сергеевич, 1, 3, 0)" уже существует.
[2026-02-07 20:50:26] ERROR in postgre_db: Команда: INSERT INTO sections (section, coach, day_id, time_id, on_even_numbers, location, is_parsing) VALUES ('Фитнес (функциональная тренировка)', 'Трифонов Владислав Олегович', 2, 3, 0, 'Ломо', True)
Ошибка при получении данных: повторяющееся значение ключа нарушает ограничение уникальности "sections_section_coach_day_id_time_id_on_even_numbers_key"
DETAIL:  Ключ "(section, coach, day_id, time_id, on_even_numbers)=(Фитнес (функциональная тренировка), Трифонов Владислав Олегович, 2, 3, 0)" уже существует.
[2026-02-07 20:50:26] ERROR in postgre_db: Команда: INSERT INTO sections (section, coach, day_id, time_id, on_even_numbers, location, is_parsing) VALUES ('Волейбол', 'Севрюгин Владимир Олегович', 2, 3, 0, 'Ломо', True)
Ошибка при получении данных: повторяющееся значение ключа нарушает ограничение уникальности "sections_section_coach_day_id_time_id_on_even_numbers_key"
DETAIL:  Ключ "(section, coach, day_id, time_id, on_even_numbers)=(Волейбол, Севрюгин Владимир Олегович, 2, 3, 0)" уже существует.
[2026-02-07 20:50:26] ERROR in postgre_db: Команда: INSERT INTO sections (section, coach, day_id, time_id, on_even_numbers, location, is_parsing) VALUES ('Фитнес (функциональная тренировка)', 'Варушин Артем Владимирович', 2, 3, 0, 'Ломо', True)
Ошибка при получении данных: повторяющееся значение ключа нарушает ограничение уникальности "sections_section_coach_day_id_time_id_on_even_numbers_key"
DETAIL:  Ключ "(section, coach, day_id, time_id, on_even_numbers)=(Фитнес (функциональная тренировка), Варушин Артем Владимирович, 2, 3, 0)" уже существует.
[2026-02-07 20:50:27] ERROR in postgre_db: Команда: INSERT INTO sections (section, coach, day_id, time_id, on_even_numbers, location, is_parsing) VALUES ('Фитнес (функциональная тренировка)', 'Яковлев Игорь Сергеевич', 2, 3, 0, 'Ломо', True)
Ошибка при получении данных: повторяющееся значение ключа нарушает ограничение уникальности "sections_section_coach_day_id_time_id_on_even_numbers_key"
DETAIL:  Ключ "(section, coach, day_id, time_id, on_even_numbers)=(Фитнес (функциональная тренировка), Яковлев Игорь Сергеевич, 2, 3, 0)" уже существует.
[2026-02-07 20:50:27] ERROR in postgre_db: Команда: INSERT INTO sections (section, coach, day_id, time_id, on_even_numbers, location, is_parsing) VALUES ('Бадминтон', 'Зефирова Екатерина Виталиевна', 2, 3, 0, 'Ломо', True)
Ошибка при получении данных: повторяющееся значение ключа нарушает ограничение уникальности "sections_section_coach_day_id_time_id_on_even_numbers_key"
DETAIL:  Ключ "(section, coach, day_id, time_id, on_even_numbers)=(Бадминтон, Зефирова Екатерина Виталиевна, 2, 3, 0)" уже существует.
[2026-02-07 20:50:27] ERROR in postgre_db: Команда: INSERT INTO sections (section, coach, day_id, time_id, on_even_numbers, location, is_parsing) VALUES ('Фитнес (функциональная тренировка)', 'Спицын Андрей Александрович', 3, 3, 0, 'Ломо', True)
Ошибка при получении данных: повторяющееся значение ключа нарушает ограничение уникальности "sections_section_coach_day_id_time_id_on_even_numbers_key"
DETAIL:  Ключ "(section, coach, day_id, time_id, on_even_numbers)=(Фитнес (функциональная тренировка), Спицын Андрей Александрович, 3, 3, 0)" уже существует.
[2026-02-07 20:50:27] ERROR in postgre_db: Команда: INSERT INTO sections (section, coach, day_id, time_id, on_even_numbers, location, is_parsing) VALUES ('Фитнес (стретчинг)', 'Королева Екатерина Александровна', 3, 3, 0, 'Ломо', True)
Ошибка при получении данных: повторяющееся значение ключа нарушает ограничение уникальности "sections_section_coach_day_id_time_id_on_even_numbers_key"
DETAIL:  Ключ "(section, coach, day_id, time_id, on_even_numbers)=(Фитнес (стретчинг), Королева Екатерина Александровна, 3, 3, 0)" уже существует.
[2026-02-07 20:50:27] ERROR in postgre_db: Команда: INSERT INTO sections (section, coach, day_id, time_id, on_even_numbers, location, is_parsing) VALUES ('Фитнес (функциональная тренировка)', 'Яковлев Игорь Сергеевич', 3, 3, 0, 'Ломо', True)
Ошибка при получении данных: повторяющееся значение ключа нарушает ограничение уникальности "sections_section_coach_day_id_time_id_on_even_numbers_key"
DETAIL:  Ключ "(section, coach, day_id, time_id, on_even_numbers)=(Фитнес (функциональная тренировка), Яковлев Игорь Сергеевич, 3, 3, 0)" уже существует.
[2026-02-07 20:50:27] ERROR in postgre_db: Команда: INSERT INTO sections (section, coach, day_id, time_id, on_even_numbers, location, is_parsing) VALUES ('Мини-лапта', 'Трифонов Владислав Олегович', 3, 3, 0, 'Ломо', True)
Ошибка при получении данных: повторяющееся значение ключа нарушает ограничение уникальности "sections_section_coach_day_id_time_id_on_even_numbers_key"
DETAIL:  Ключ "(section, coach, day_id, time_id, on_even_numbers)=(Мини-лапта, Трифонов Владислав Олегович, 3, 3, 0)" уже существует.
[2026-02-07 20:50:28] ERROR in postgre_db: Команда: INSERT INTO sections (section, coach, day_id, time_id, on_even_numbers, location, is_parsing) VALUES ('АФК и ЛФК', 'Платонова Валентина Александровна', 3, 3, 0, 'Ломо', True)
Ошибка при получении данных: повторяющееся значение ключа нарушает ограничение уникальности "sections_section_coach_day_id_time_id_on_even_numbers_key"
DETAIL:  Ключ "(section, coach, day_id, time_id, on_even_numbers)=(АФК и ЛФК, Платонова Валентина Александровна, 3, 3, 0)" уже существует.
[2026-02-07 20:50:28] ERROR in postgre_db: Команда: INSERT INTO sections (section, coach, day_id, time_id, on_even_numbers, location, is_parsing) VALUES ('Фитнес (кроссфит)', 'Трифонов Владислав Олегович', 4, 3, 0, 'Ломо', True)
Ошибка при получении данных: повторяющееся значение ключа нарушает ограничение уникальности "sections_section_coach_day_id_time_id_on_even_numbers_key"
DETAIL:  Ключ "(section, coach, day_id, time_id, on_even_numbers)=(Фитнес (кроссфит), Трифонов Владислав Олегович, 4, 3, 0)" уже существует.
[2026-02-07 20:50:28] ERROR in postgre_db: Команда: INSERT INTO sections (section, coach, day_id, time_id, on_even_numbers, location, is_parsing) VALUES ('Волейбол', 'Севрюгин Владимир Олегович', 4, 3, 0, 'Ломо', True)
Ошибка при получении данных: повторяющееся значение ключа нарушает ограничение уникальности "sections_section_coach_day_id_time_id_on_even_numbers_key"
DETAIL:  Ключ "(section, coach, day_id, time_id, on_even_numbers)=(Волейбол, Севрюгин Владимир Олегович, 4, 3, 0)" уже существует.
[2026-02-07 20:50:28] ERROR in postgre_db: Команда: INSERT INTO sections (section, coach, day_id, time_id, on_even_numbers, location, is_parsing) VALUES ('Гребной спорт', 'Платонова Валентина Александровна', 4, 3, 0, 'Ломо', True)
Ошибка при получении данных: повторяющееся значение ключа нарушает ограничение уникальности "sections_section_coach_day_id_time_id_on_even_numbers_key"
DETAIL:  Ключ "(section, coach, day_id, time_id, on_even_numbers)=(Гребной спорт, Платонова Валентина Александровна, 4, 3, 0)" уже существует.
[2026-02-07 20:50:29] ERROR in postgre_db: Команда: INSERT INTO sections (section, coach, day_id, time_id, on_even_numbers, location, is_parsing) VALUES ('Настольный теннис', 'Королева Екатерина Александровна', 4, 3, 0, 'Ломо', True)
Ошибка при получении данных: повторяющееся значение ключа нарушает ограничение уникальности "sections_section_coach_day_id_time_id_on_even_numbers_key"
DETAIL:  Ключ "(section, coach, day_id, time_id, on_even_numbers)=(Настольный теннис, Королева Екатерина Александровна, 4, 3, 0)" уже существует.
[2026-02-07 20:50:29] ERROR in postgre_db: Команда: INSERT INTO sections (section, coach, day_id, time_id, on_even_numbers, location, is_parsing) VALUES ('Фитнес (функциональная тренировка)', 'Севрюгин Владимир Олегович', 5, 3, 0, 'Ломо', True)
Ошибка при получении данных: повторяющееся значение ключа нарушает ограничение уникальности "sections_section_coach_day_id_time_id_on_even_numbers_key"
DETAIL:  Ключ "(section, coach, day_id, time_id, on_even_numbers)=(Фитнес (функциональная тренировка), Севрюгин Владимир Олегович, 5, 3, 0)" уже существует.
[2026-02-07 20:50:29] ERROR in postgre_db: Команда: INSERT INTO sections (section, coach, day_id, time_id, on_even_numbers, location, is_parsing) VALUES ('Бадминтон', 'Дорогинский Станислав Вячеславович', 5, 3, 0, 'Ломо', True)
Ошибка при получении данных: повторяющееся значение ключа нарушает ограничение уникальности "sections_section_coach_day_id_time_id_on_even_numbers_key"
DETAIL:  Ключ "(section, coach, day_id, time_id, on_even_numbers)=(Бадминтон, Дорогинский Станислав Вячеславович, 5, 3, 0)" уже существует.
[2026-02-07 20:50:29] ERROR in postgre_db: Команда: INSERT INTO sections (section, coach, day_id, time_id, on_even_numbers, location, is_parsing) VALUES ('Фитнес (функциональная тренировка)', 'Спицын Андрей Александрович', 5, 3, 0, 'Ломо', True)
Ошибка при получении данных: повторяющееся значение ключа нарушает ограничение уникальности "sections_section_coach_day_id_time_id_on_even_numbers_key"
DETAIL:  Ключ "(section, coach, day_id, time_id, on_even_numbers)=(Фитнес (функциональная тренировка), Спицын Андрей Александрович, 5, 3, 0)" уже существует.
[2026-02-07 20:50:29] ERROR in postgre_db: Команда: INSERT INTO sections (section, coach, day_id, time_id, on_even_numbers, location, is_parsing) VALUES ('Волейбол', 'Платонова Валентина Александровна', 5, 3, 0, 'Ломо', True)
Ошибка при получении данных: повторяющееся значение ключа нарушает ограничение уникальности "sections_section_coach_day_id_time_id_on_even_numbers_key"
DETAIL:  Ключ "(section, coach, day_id, time_id, on_even_numbers)=(Волейбол, Платонова Валентина Александровна, 5, 3, 0)" уже существует.
[2026-02-07 20:50:30] ERROR in postgre_db: Команда: INSERT INTO sections (section, coach, day_id, time_id, on_even_numbers, location, is_parsing) VALUES ('Фитнес', 'Гогицаев Феликс Аркадьевич', 7, 3, 0, 'Ломо', True)
Ошибка при получении данных: повторяющееся значение ключа нарушает ограничение уникальности "sections_section_coach_day_id_time_id_on_even_numbers_key"
DETAIL:  Ключ "(section, coach, day_id, time_id, on_even_numbers)=(Фитнес, Гогицаев Феликс Аркадьевич, 7, 3, 0)" уже существует.
[2026-02-07 20:50:30] ERROR in postgre_db: Команда: INSERT INTO sections (section, coach, day_id, time_id, on_even_numbers, location, is_parsing) VALUES ('Волейбол', 'Севрюгин Владимир Олегович', 1, 4, 0, 'Ломо', True)
Ошибка при получении данных: повторяющееся значение ключа нарушает ограничение уникальности "sections_section_coach_day_id_time_id_on_even_numbers_key"
DETAIL:  Ключ "(section, coach, day_id, time_id, on_even_numbers)=(Волейбол, Севрюгин Владимир Олегович, 1, 4, 0)" уже существует.
[2026-02-07 20:50:30] ERROR in postgre_db: Команда: INSERT INTO sections (section, coach, day_id, time_id, on_even_numbers, location, is_parsing) VALUES ('Фитнес (стретчинг)', 'Каменьщиков Павел Валерьевич', 1, 4, 0, 'Ломо', True)
Ошибка при получении данных: повторяющееся значение ключа нарушает ограничение уникальности "sections_section_coach_day_id_time_id_on_even_numbers_key"
DETAIL:  Ключ "(section, coach, day_id, time_id, on_even_numbers)=(Фитнес (стретчинг), Каменьщиков Павел Валерьевич, 1, 4, 0)" уже существует.
[2026-02-07 20:50:31] ERROR in postgre_db: Команда: INSERT INTO sections (section, coach, day_id, time_id, on_even_numbers, location, is_parsing) VALUES ('Фитнес (кроссфит)', 'Варушин Артем Владимирович', 1, 4, 0, 'Ломо', True)
Ошибка при получении данных: повторяющееся значение ключа нарушает ограничение уникальности "sections_section_coach_day_id_time_id_on_even_numbers_key"
DETAIL:  Ключ "(section, coach, day_id, time_id, on_even_numbers)=(Фитнес (кроссфит), Варушин Артем Владимирович, 1, 4, 0)" уже существует.
[2026-02-07 20:50:31] ERROR in postgre_db: Команда: INSERT INTO sections (section, coach, day_id, time_id, on_even_numbers, location, is_parsing) VALUES ('Фитнес (функциональная тренировка)', 'Королева Екатерина Александровна', 1, 4, 0, 'Ломо', True)
Ошибка при получении данных: повторяющееся значение ключа нарушает ограничение уникальности "sections_section_coach_day_id_time_id_on_even_numbers_key"
DETAIL:  Ключ "(section, coach, day_id, time_id, on_even_numbers)=(Фитнес (функциональная тренировка), Королева Екатерина Александровна, 1, 4, 0)" уже существует.
[2026-02-07 20:50:31] ERROR in postgre_db: Команда: INSERT INTO sections (section, coach, day_id, time_id, on_even_numbers, location, is_parsing) VALUES ('Настольный теннис', 'Яковлев Игорь Сергеевич', 1, 4, 0, 'Ломо', True)
Ошибка при получении данных: повторяющееся значение ключа нарушает ограничение уникальности "sections_section_coach_day_id_time_id_on_even_numbers_key"
DETAIL:  Ключ "(section, coach, day_id, time_id, on_even_numbers)=(Настольный теннис, Яковлев Игорь Сергеевич, 1, 4, 0)" уже существует.
[2026-02-07 20:50:31] ERROR in postgre_db: Команда: INSERT INTO sections (section, coach, day_id, time_id, on_even_numbers, location, is_parsing) VALUES ('Фитнес (кроссфит)', 'Трифонов Владислав Олегович', 2, 4, 0, 'Ломо', True)
Ошибка при получении данных: повторяющееся значение ключа нарушает ограничение уникальности "sections_section_coach_day_id_time_id_on_even_numbers_key"
DETAIL:  Ключ "(section, coach, day_id, time_id, on_even_numbers)=(Фитнес (кроссфит), Трифонов Владислав Олегович, 2, 4, 0)" уже существует.
[2026-02-07 20:50:31] ERROR in postgre_db: Команда: INSERT INTO sections (section, coach, day_id, time_id, on_even_numbers, location, is_parsing) VALUES ('Волейбол', 'Севрюгин Владимир Олегович', 2, 4, 0, 'Ломо', True)
Ошибка при получении данных: повторяющееся значение ключа нарушает ограничение уникальности "sections_section_coach_day_id_time_id_on_even_numbers_key"
DETAIL:  Ключ "(section, coach, day_id, time_id, on_even_numbers)=(Волейбол, Севрюгин Владимир Олегович, 2, 4, 0)" уже существует.
[2026-02-07 20:50:32] ERROR in postgre_db: Команда: INSERT INTO sections (section, coach, day_id, time_id, on_even_numbers, location, is_parsing) VALUES ('Цирковой спорт', 'Вернер Кристина Витальевна', 2, 4, 0, 'Ломо', True)
Ошибка при получении данных: повторяющееся значение ключа нарушает ограничение уникальности "sections_section_coach_day_id_time_id_on_even_numbers_key"
DETAIL:  Ключ "(section, coach, day_id, time_id, on_even_numbers)=(Цирковой спорт, Вернер Кристина Витальевна, 2, 4, 0)" уже существует.
[2026-02-07 20:50:32] ERROR in postgre_db: Команда: INSERT INTO sections (section, coach, day_id, time_id, on_even_numbers, location, is_parsing) VALUES ('Настольный теннис', 'Яковлев Игорь Сергеевич', 2, 4, 0, 'Ломо', True)
Ошибка при получении данных: повторяющееся значение ключа нарушает ограничение уникальности "sections_section_coach_day_id_time_id_on_even_numbers_key"
DETAIL:  Ключ "(section, coach, day_id, time_id, on_even_numbers)=(Настольный теннис, Яковлев Игорь Сергеевич, 2, 4, 0)" уже существует.
[2026-02-07 20:50:32] ERROR in postgre_db: Команда: INSERT INTO sections (section, coach, day_id, time_id, on_even_numbers, location, is_parsing) VALUES ('Фитнес (функциональная тренировка)', 'Варушин Артем Владимирович', 2, 4, 0, 'Ломо', True)
Ошибка при получении данных: повторяющееся значение ключа нарушает ограничение уникальности "sections_section_coach_day_id_time_id_on_even_numbers_key"
DETAIL:  Ключ "(section, coach, day_id, time_id, on_even_numbers)=(Фитнес (функциональная тренировка), Варушин Артем Владимирович, 2, 4, 0)" уже существует.
[2026-02-07 20:50:32] ERROR in postgre_db: Команда: INSERT INTO sections (section, coach, day_id, time_id, on_even_numbers, location, is_parsing) VALUES ('Волейбол', 'Платонова Валентина Александровна', 3, 4, 0, 'Ломо', True)
Ошибка при получении данных: повторяющееся значение ключа нарушает ограничение уникальности "sections_section_coach_day_id_time_id_on_even_numbers_key"
DETAIL:  Ключ "(section, coach, day_id, time_id, on_even_numbers)=(Волейбол, Платонова Валентина Александровна, 3, 4, 0)" уже существует.
[2026-02-07 20:50:33] ERROR in postgre_db: Команда: INSERT INTO sections (section, coach, day_id, time_id, on_even_numbers, location, is_parsing) VALUES ('Фитнес (функциональная тренировка)', 'Королева Екатерина Александровна', 3, 4, 0, 'Ломо', True)
Ошибка при получении данных: повторяющееся значение ключа нарушает ограничение уникальности "sections_section_coach_day_id_time_id_on_even_numbers_key"
DETAIL:  Ключ "(section, coach, day_id, time_id, on_even_numbers)=(Фитнес (функциональная тренировка), Королева Екатерина Александровна, 3, 4, 0)" уже существует.
[2026-02-07 20:50:33] ERROR in postgre_db: Команда: INSERT INTO sections (section, coach, day_id, time_id, on_even_numbers, location, is_parsing) VALUES ('Фитнес (стретчинг)', 'Трифонов Владислав Олегович', 3, 4, 0, 'Ломо', True)
Ошибка при получении данных: повторяющееся значение ключа нарушает ограничение уникальности "sections_section_coach_day_id_time_id_on_even_numbers_key"
DETAIL:  Ключ "(section, coach, day_id, time_id, on_even_numbers)=(Фитнес (стретчинг), Трифонов Владислав Олегович, 3, 4, 0)" уже существует.
[2026-02-07 20:50:33] ERROR in postgre_db: Команда: INSERT INTO sections (section, coach, day_id, time_id, on_even_numbers, location, is_parsing) VALUES ('Фитнес (кроссфит)', 'Яковлев Игорь Сергеевич', 3, 4, 0, 'Ломо', True)
Ошибка при получении данных: повторяющееся значение ключа нарушает ограничение уникальности "sections_section_coach_day_id_time_id_on_even_numbers_key"
DETAIL:  Ключ "(section, coach, day_id, time_id, on_even_numbers)=(Фитнес (кроссфит), Яковлев Игорь Сергеевич, 3, 4, 0)" уже существует.
[2026-02-07 20:50:33] ERROR in postgre_db: Команда: INSERT INTO sections (section, coach, day_id, time_id, on_even_numbers, location, is_parsing) VALUES ('Волейбол', 'Платонова Валентина Александровна', 4, 4, 0, 'Ломо', True)
Ошибка при получении данных: повторяющееся значение ключа нарушает ограничение уникальности "sections_section_coach_day_id_time_id_on_even_numbers_key"
DETAIL:  Ключ "(section, coach, day_id, time_id, on_even_numbers)=(Волейбол, Платонова Валентина Александровна, 4, 4, 0)" уже существует.
[2026-02-07 20:50:33] ERROR in postgre_db: Команда: INSERT INTO sections (section, coach, day_id, time_id, on_even_numbers, location, is_parsing) VALUES ('Фитнес (кроссфит)', 'Севрюгин Владимир Олегович', 4, 4, 0, 'Ломо', True)
Ошибка при получении данных: повторяющееся значение ключа нарушает ограничение уникальности "sections_section_coach_day_id_time_id_on_even_numbers_key"
DETAIL:  Ключ "(section, coach, day_id, time_id, on_even_numbers)=(Фитнес (кроссфит), Севрюгин Владимир Олегович, 4, 4, 0)" уже существует.
[2026-02-07 20:50:34] ERROR in postgre_db: Команда: INSERT INTO sections (section, coach, day_id, time_id, on_even_numbers, location, is_parsing) VALUES ('Бадминтон', 'Королева Екатерина Александровна', 4, 4, 0, 'Ломо', True)
Ошибка при получении данных: повторяющееся значение ключа нарушает ограничение уникальности "sections_section_coach_day_id_time_id_on_even_numbers_key"
DETAIL:  Ключ "(section, coach, day_id, time_id, on_even_numbers)=(Бадминтон, Королева Екатерина Александровна, 4, 4, 0)" уже существует.
[2026-02-07 20:50:34] ERROR in postgre_db: Команда: INSERT INTO sections (section, coach, day_id, time_id, on_even_numbers, location, is_parsing) VALUES ('Фитнес (функциональная тренировка)', 'Трифонов Владислав Олегович', 4, 4, 0, 'Ломо', True)
Ошибка при получении данных: повторяющееся значение ключа нарушает ограничение уникальности "sections_section_coach_day_id_time_id_on_even_numbers_key"
DETAIL:  Ключ "(section, coach, day_id, time_id, on_even_numbers)=(Фитнес (функциональная тренировка), Трифонов Владислав Олегович, 4, 4, 0)" уже существует.
[2026-02-07 20:50:34] ERROR in postgre_db: Команда: INSERT INTO sections (section, coach, day_id, time_id, on_even_numbers, location, is_parsing) VALUES ('Волейбол', 'Севрюгин Владимир Олегович', 5, 4, 0, 'Ломо', True)
Ошибка при получении данных: повторяющееся значение ключа нарушает ограничение уникальности "sections_section_coach_day_id_time_id_on_even_numbers_key"
DETAIL:  Ключ "(section, coach, day_id, time_id, on_even_numbers)=(Волейбол, Севрюгин Владимир Олегович, 5, 4, 0)" уже существует.
[2026-02-07 20:50:34] ERROR in postgre_db: Команда: INSERT INTO sections (section, coach, day_id, time_id, on_even_numbers, location, is_parsing) VALUES ('Фитнес (функциональная тренировка)', 'Спицын Андрей Александрович', 5, 4, 0, 'Ломо', True)
Ошибка при получении данных: повторяющееся значение ключа нарушает ограничение уникальности "sections_section_coach_day_id_time_id_on_even_numbers_key"
DETAIL:  Ключ "(section, coach, day_id, time_id, on_even_numbers)=(Фитнес (функциональная тренировка), Спицын Андрей Александрович, 5, 4, 0)" уже существует.
[2026-02-07 20:50:34] ERROR in postgre_db: Команда: INSERT INTO sections (section, coach, day_id, time_id, on_even_numbers, location, is_parsing) VALUES ('Гребной спорт', 'Платонова Валентина Александровна', 5, 4, 0, 'Ломо', True)
Ошибка при получении данных: повторяющееся значение ключа нарушает ограничение уникальности "sections_section_coach_day_id_time_id_on_even_numbers_key"
DETAIL:  Ключ "(section, coach, day_id, time_id, on_even_numbers)=(Гребной спорт, Платонова Валентина Александровна, 5, 4, 0)" уже существует.
[2026-02-07 20:50:34] ERROR in postgre_db: Команда: INSERT INTO sections (section, coach, day_id, time_id, on_even_numbers, location, is_parsing) VALUES ('Бадминтон', 'Дорогинский Станислав Вячеславович', 5, 4, 0, 'Ломо', True)
Ошибка при получении данных: повторяющееся значение ключа нарушает ограничение уникальности "sections_section_coach_day_id_time_id_on_even_numbers_key"
DETAIL:  Ключ "(section, coach, day_id, time_id, on_even_numbers)=(Бадминтон, Дорогинский Станислав Вячеславович, 5, 4, 0)" уже существует.
[2026-02-07 20:50:35] ERROR in postgre_db: Команда: INSERT INTO sections (section, coach, day_id, time_id, on_even_numbers, location, is_parsing) VALUES ('Фигурное катание', 'Лаухина Ольга Андреевна', 6, 4, 0, 'Ломо', True)
Ошибка при получении данных: повторяющееся значение ключа нарушает ограничение уникальности "sections_section_coach_day_id_time_id_on_even_numbers_key"
DETAIL:  Ключ "(section, coach, day_id, time_id, on_even_numbers)=(Фигурное катание, Лаухина Ольга Андреевна, 6, 4, 0)" уже существует.
[2026-02-07 20:50:35] ERROR in postgre_db: Команда: INSERT INTO sections (section, coach, day_id, time_id, on_even_numbers, location, is_parsing) VALUES ('Армрестлинг', 'Гогицаев Феликс Аркадьевич', 7, 4, 0, 'Ломо', True)
Ошибка при получении данных: повторяющееся значение ключа нарушает ограничение уникальности "sections_section_coach_day_id_time_id_on_even_numbers_key"
DETAIL:  Ключ "(section, coach, day_id, time_id, on_even_numbers)=(Армрестлинг, Гогицаев Феликс Аркадьевич, 7, 4, 0)" уже существует.
[2026-02-07 20:50:35] ERROR in postgre_db: Команда: INSERT INTO sections (section, coach, day_id, time_id, on_even_numbers, location, is_parsing) VALUES ('Фитнес (функциональная тренировка)', 'Яковлев Игорь Сергеевич', 1, 5, 0, 'Ломо', True)
Ошибка при получении данных: повторяющееся значение ключа нарушает ограничение уникальности "sections_section_coach_day_id_time_id_on_even_numbers_key"
DETAIL:  Ключ "(section, coach, day_id, time_id, on_even_numbers)=(Фитнес (функциональная тренировка), Яковлев Игорь Сергеевич, 1, 5, 0)" уже существует.
[2026-02-07 20:50:36] ERROR in postgre_db: Команда: INSERT INTO sections (section, coach, day_id, time_id, on_even_numbers, location, is_parsing) VALUES ('Фитнес (функциональная тренировка)', 'Королева Екатерина Александровна', 1, 5, 0, 'Ломо', True)
Ошибка при получении данных: повторяющееся значение ключа нарушает ограничение уникальности "sections_section_coach_day_id_time_id_on_even_numbers_key"
DETAIL:  Ключ "(section, coach, day_id, time_id, on_even_numbers)=(Фитнес (функциональная тренировка), Королева Екатерина Александровна, 1, 5, 0)" уже существует.
[2026-02-07 20:50:36] ERROR in postgre_db: Команда: INSERT INTO sections (section, coach, day_id, time_id, on_even_numbers, location, is_parsing) VALUES ('Настольный теннис', 'Варушин Артем Владимирович', 1, 5, 0, 'Ломо', True)
Ошибка при получении данных: повторяющееся значение ключа нарушает ограничение уникальности "sections_section_coach_day_id_time_id_on_even_numbers_key"
DETAIL:  Ключ "(section, coach, day_id, time_id, on_even_numbers)=(Настольный теннис, Варушин Артем Владимирович, 1, 5, 0)" уже существует.
[2026-02-07 20:50:36] ERROR in postgre_db: Команда: INSERT INTO sections (section, coach, day_id, time_id, on_even_numbers, location, is_parsing) VALUES ('Волейбол', 'Севрюгин Владимир Олегович', 1, 5, 0, 'Ломо', True)
Ошибка при получении данных: повторяющееся значение ключа нарушает ограничение уникальности "sections_section_coach_day_id_time_id_on_even_numbers_key"
DETAIL:  Ключ "(section, coach, day_id, time_id, on_even_numbers)=(Волейбол, Севрюгин Владимир Олегович, 1, 5, 0)" уже существует.
[2026-02-07 20:50:36] ERROR in postgre_db: Команда: INSERT INTO sections (section, coach, day_id, time_id, on_even_numbers, location, is_parsing) VALUES ('Единоборства (дзюдо, самбо)', 'Трифонов Владислав Олегович', 2, 5, 0, 'Ломо', True)
Ошибка при получении данных: повторяющееся значение ключа нарушает ограничение уникальности "sections_section_coach_day_id_time_id_on_even_numbers_key"
DETAIL:  Ключ "(section, coach, day_id, time_id, on_even_numbers)=(Единоборства (дзюдо, самбо), Трифонов Владислав Олегович, 2, 5, 0)" уже существует.
[2026-02-07 20:50:36] ERROR in postgre_db: Команда: INSERT INTO sections (section, coach, day_id, time_id, on_even_numbers, location, is_parsing) VALUES ('Фитнес (функциональная тренировка)', 'Яковлев Игорь Сергеевич', 2, 5, 0, 'Ломо', True)
Ошибка при получении данных: повторяющееся значение ключа нарушает ограничение уникальности "sections_section_coach_day_id_time_id_on_even_numbers_key"
DETAIL:  Ключ "(section, coach, day_id, time_id, on_even_numbers)=(Фитнес (функциональная тренировка), Яковлев Игорь Сергеевич, 2, 5, 0)" уже существует.
[2026-02-07 20:50:36] ERROR in postgre_db: Команда: INSERT INTO sections (section, coach, day_id, time_id, on_even_numbers, location, is_parsing) VALUES ('Флорбол', 'Дорогинский Станислав Вячеславович', 2, 5, 0, 'Ломо', True)
Ошибка при получении данных: повторяющееся значение ключа нарушает ограничение уникальности "sections_section_coach_day_id_time_id_on_even_numbers_key"
DETAIL:  Ключ "(section, coach, day_id, time_id, on_even_numbers)=(Флорбол, Дорогинский Станислав Вячеславович, 2, 5, 0)" уже существует.
[2026-02-07 20:50:37] ERROR in postgre_db: Команда: INSERT INTO sections (section, coach, day_id, time_id, on_even_numbers, location, is_parsing) VALUES ('Фитнес (функциональная тренировка)', 'Варушин Артем Владимирович', 3, 5, 0, 'Ломо', True)
Ошибка при получении данных: повторяющееся значение ключа нарушает ограничение уникальности "sections_section_coach_day_id_time_id_on_even_numbers_key"
DETAIL:  Ключ "(section, coach, day_id, time_id, on_even_numbers)=(Фитнес (функциональная тренировка), Варушин Артем Владимирович, 3, 5, 0)" уже существует.
[2026-02-07 20:50:37] ERROR in postgre_db: Команда: INSERT INTO sections (section, coach, day_id, time_id, on_even_numbers, location, is_parsing) VALUES ('Гребной спорт', 'Платонова Валентина Александровна', 3, 5, 0, 'Ломо', True)
Ошибка при получении данных: повторяющееся значение ключа нарушает ограничение уникальности "sections_section_coach_day_id_time_id_on_even_numbers_key"
DETAIL:  Ключ "(section, coach, day_id, time_id, on_even_numbers)=(Гребной спорт, Платонова Валентина Александровна, 3, 5, 0)" уже существует.
[2026-02-07 20:50:37] ERROR in postgre_db: Команда: INSERT INTO sections (section, coach, day_id, time_id, on_even_numbers, location, is_parsing) VALUES ('Фитнес (функциональная тренировка)', 'Королева Екатерина Александровна', 3, 5, 0, 'Ломо', True)
Ошибка при получении данных: повторяющееся значение ключа нарушает ограничение уникальности "sections_section_coach_day_id_time_id_on_even_numbers_key"
DETAIL:  Ключ "(section, coach, day_id, time_id, on_even_numbers)=(Фитнес (функциональная тренировка), Королева Екатерина Александровна, 3, 5, 0)" уже существует.
[2026-02-07 20:50:37] ERROR in postgre_db: Команда: INSERT INTO sections (section, coach, day_id, time_id, on_even_numbers, location, is_parsing) VALUES ('Баскетбол', 'Трифонов Владислав Олегович', 3, 5, 0, 'Ломо', True)
Ошибка при получении данных: повторяющееся значение ключа нарушает ограничение уникальности "sections_section_coach_day_id_time_id_on_even_numbers_key"
DETAIL:  Ключ "(section, coach, day_id, time_id, on_even_numbers)=(Баскетбол, Трифонов Владислав Олегович, 3, 5, 0)" уже существует.
[2026-02-07 20:50:38] ERROR in postgre_db: Команда: INSERT INTO sections (section, coach, day_id, time_id, on_even_numbers, location, is_parsing) VALUES ('Бадминтон', 'Королева Екатерина Александровна', 4, 5, 0, 'Ломо', True)
Ошибка при получении данных: повторяющееся значение ключа нарушает ограничение уникальности "sections_section_coach_day_id_time_id_on_even_numbers_key"
DETAIL:  Ключ "(section, coach, day_id, time_id, on_even_numbers)=(Бадминтон, Королева Екатерина Александровна, 4, 5, 0)" уже существует.
[2026-02-07 20:50:38] ERROR in postgre_db: Команда: INSERT INTO sections (section, coach, day_id, time_id, on_even_numbers, location, is_parsing) VALUES ('Фитнес (кроссфит)', 'Севрюгин Владимир Олегович', 4, 5, 0, 'Ломо', True)
Ошибка при получении данных: повторяющееся значение ключа нарушает ограничение уникальности "sections_section_coach_day_id_time_id_on_even_numbers_key"
DETAIL:  Ключ "(section, coach, day_id, time_id, on_even_numbers)=(Фитнес (кроссфит), Севрюгин Владимир Олегович, 4, 5, 0)" уже существует.
[2026-02-07 20:50:38] ERROR in postgre_db: Команда: INSERT INTO sections (section, coach, day_id, time_id, on_even_numbers, location, is_parsing) VALUES ('Волейбол', 'Севрюгин Владимир Олегович', 5, 5, 0, 'Ломо', True)
Ошибка при получении данных: повторяющееся значение ключа нарушает ограничение уникальности "sections_section_coach_day_id_time_id_on_even_numbers_key"
DETAIL:  Ключ "(section, coach, day_id, time_id, on_even_numbers)=(Волейбол, Севрюгин Владимир Олегович, 5, 5, 0)" уже существует.
[2026-02-07 20:50:38] ERROR in postgre_db: Команда: INSERT INTO sections (section, coach, day_id, time_id, on_even_numbers, location, is_parsing) VALUES ('Фитнес (функциональная тренировка)', 'Спицын Андрей Александрович', 5, 5, 0, 'Ломо', True)
Ошибка при получении данных: повторяющееся значение ключа нарушает ограничение уникальности "sections_section_coach_day_id_time_id_on_even_numbers_key"
DETAIL:  Ключ "(section, coach, day_id, time_id, on_even_numbers)=(Фитнес (функциональная тренировка), Спицын Андрей Александрович, 5, 5, 0)" уже существует.
[2026-02-07 20:50:39] ERROR in postgre_db: Команда: INSERT INTO sections (section, coach, day_id, time_id, on_even_numbers, location, is_parsing) VALUES ('Настольный теннис', 'Дорогинский Станислав Вячеславович', 5, 5, 0, 'Ломо', True)
Ошибка при получении данных: повторяющееся значение ключа нарушает ограничение уникальности "sections_section_coach_day_id_time_id_on_even_numbers_key"
DETAIL:  Ключ "(section, coach, day_id, time_id, on_even_numbers)=(Настольный теннис, Дорогинский Станислав Вячеславович, 5, 5, 0)" уже существует.
[2026-02-07 20:50:40] ERROR in postgre_db: Команда: INSERT INTO sections (section, coach, day_id, time_id, on_even_numbers, location, is_parsing) VALUES ('Фитнес (функциональная тренировка)', 'Варушин Артем Владимирович', 1, 6, 0, 'Ломо', True)
Ошибка при получении данных: повторяющееся значение ключа нарушает ограничение уникальности "sections_section_coach_day_id_time_id_on_even_numbers_key"
DETAIL:  Ключ "(section, coach, day_id, time_id, on_even_numbers)=(Фитнес (функциональная тренировка), Варушин Артем Владимирович, 1, 6, 0)" уже существует.
[2026-02-07 20:50:40] ERROR in postgre_db: Команда: INSERT INTO sections (section, coach, day_id, time_id, on_even_numbers, location, is_parsing) VALUES ('Бадминтон', 'Королева Екатерина Александровна', 1, 6, 0, 'Ломо', True)
Ошибка при получении данных: повторяющееся значение ключа нарушает ограничение уникальности "sections_section_coach_day_id_time_id_on_even_numbers_key"
DETAIL:  Ключ "(section, coach, day_id, time_id, on_even_numbers)=(Бадминтон, Королева Екатерина Александровна, 1, 6, 0)" уже существует.
[2026-02-07 20:50:40] ERROR in postgre_db: Команда: INSERT INTO sections (section, coach, day_id, time_id, on_even_numbers, location, is_parsing) VALUES ('Спортивный бридж', 'Вихренко Кирилл Сергеевич', 2, 6, 0, 'Ломо', True)
Ошибка при получении данных: повторяющееся значение ключа нарушает ограничение уникальности "sections_section_coach_day_id_time_id_on_even_numbers_key"
DETAIL:  Ключ "(section, coach, day_id, time_id, on_even_numbers)=(Спортивный бридж, Вихренко Кирилл Сергеевич, 2, 6, 0)" уже существует.
[2026-02-07 20:50:40] ERROR in postgre_db: Команда: INSERT INTO sections (section, coach, day_id, time_id, on_even_numbers, location, is_parsing) VALUES ('Гонки дронов', 'Шамрай Павел Юрьевич', 2, 6, 0, 'Ломо', True)
Ошибка при получении данных: повторяющееся значение ключа нарушает ограничение уникальности "sections_section_coach_day_id_time_id_on_even_numbers_key"
DETAIL:  Ключ "(section, coach, day_id, time_id, on_even_numbers)=(Гонки дронов, Шамрай Павел Юрьевич, 2, 6, 0)" уже существует.
[2026-02-07 20:50:40] ERROR in postgre_db: Команда: INSERT INTO sections (section, coach, day_id, time_id, on_even_numbers, location, is_parsing) VALUES ('Фитнес', 'Яковлев Игорь Сергеевич', 2, 6, 0, 'Ломо', True)
Ошибка при получении данных: повторяющееся значение ключа нарушает ограничение уникальности "sections_section_coach_day_id_time_id_on_even_numbers_key"
DETAIL:  Ключ "(section, coach, day_id, time_id, on_even_numbers)=(Фитнес, Яковлев Игорь Сергеевич, 2, 6, 0)" уже существует.
[2026-02-07 20:50:41] ERROR in postgre_db: Команда: INSERT INTO sections (section, coach, day_id, time_id, on_even_numbers, location, is_parsing) VALUES ('Волейбол', 'Варушин Артем Владимирович', 3, 6, 0, 'Ломо', True)
Ошибка при получении данных: повторяющееся значение ключа нарушает ограничение уникальности "sections_section_coach_day_id_time_id_on_even_numbers_key"
DETAIL:  Ключ "(section, coach, day_id, time_id, on_even_numbers)=(Волейбол, Варушин Артем Владимирович, 3, 6, 0)" уже существует.
[2026-02-07 20:50:41] ERROR in postgre_db: Команда: INSERT INTO sections (section, coach, day_id, time_id, on_even_numbers, location, is_parsing) VALUES ('Горнолыжный спорт (функциональная тренировка)', 'Потачева Злата Алексеевна', 4, 6, 0, 'Ломо', True)
Ошибка при получении данных: повторяющееся значение ключа нарушает ограничение уникальности "sections_section_coach_day_id_time_id_on_even_numbers_key"
DETAIL:  Ключ "(section, coach, day_id, time_id, on_even_numbers)=(Горнолыжный спорт (функциональная тренировка), Потачева Злата Алексеевна, 4, 6, 0)" уже существует.
[2026-02-07 20:50:42] ERROR in postgre_db: Команда: INSERT INTO sections (section, coach, day_id, time_id, on_even_numbers, location, is_parsing) VALUES ('Мини-лапта', 'Трифонов Владислав Олегович', 4, 6, 0, 'Ломо', True)
Ошибка при получении данных: повторяющееся значение ключа нарушает ограничение уникальности "sections_section_coach_day_id_time_id_on_even_numbers_key"
DETAIL:  Ключ "(section, coach, day_id, time_id, on_even_numbers)=(Мини-лапта, Трифонов Владислав Олегович, 4, 6, 0)" уже существует.
[2026-02-07 20:50:42] ERROR in postgre_db: Команда: INSERT INTO sections (section, coach, day_id, time_id, on_even_numbers, location, is_parsing) VALUES ('Фитнес', 'Дорогинский Станислав Вячеславович', 4, 6, 0, 'Ломо', True)
Ошибка при получении данных: повторяющееся значение ключа нарушает ограничение уникальности "sections_section_coach_day_id_time_id_on_even_numbers_key"
DETAIL:  Ключ "(section, coach, day_id, time_id, on_even_numbers)=(Фитнес, Дорогинский Станислав Вячеславович, 4, 6, 0)" уже существует.
[2026-02-07 20:50:43] ERROR in postgre_db: Команда: INSERT INTO sections (section, coach, day_id, time_id, on_even_numbers, location, is_parsing) VALUES ('Современные танцы (Клуб парных танцев "Потанцуем")', 'Зинченко Иван Николаевич', 7, 6, 0, 'Ломо', True)
Ошибка при получении данных: повторяющееся значение ключа нарушает ограничение уникальности "sections_section_coach_day_id_time_id_on_even_numbers_key"
DETAIL:  Ключ "(section, coach, day_id, time_id, on_even_numbers)=(Современные танцы (Клуб парных танцев "Потанцуем"), Зинченко Иван Николаевич, 7, 6, 0)" уже существует.
[2026-02-07 20:50:44] ERROR in postgre_db: Команда: INSERT INTO sections (section, coach, day_id, time_id, on_even_numbers, location, is_parsing) VALUES ('Полиатлон', 'Храмоножкин Александр Валерьевич', 3, 7, 0, 'Ломо', True)
Ошибка при получении данных: повторяющееся значение ключа нарушает ограничение уникальности "sections_section_coach_day_id_time_id_on_even_numbers_key"
DETAIL:  Ключ "(section, coach, day_id, time_id, on_even_numbers)=(Полиатлон, Храмоножкин Александр Валерьевич, 3, 7, 0)" уже существует.
[2026-02-07 20:50:45] ERROR in postgre_db: Команда: INSERT INTO sections (section, coach, day_id, time_id, on_even_numbers, location, is_parsing) VALUES ('Фитнес', 'Дорогинский Станислав Вячеславович', 6, 7, 0, 'Ломо', True)
Ошибка при получении данных: повторяющееся значение ключа нарушает ограничение уникальности "sections_section_coach_day_id_time_id_on_even_numbers_key"
DETAIL:  Ключ "(section, coach, day_id, time_id, on_even_numbers)=(Фитнес, Дорогинский Станислав Вячеславович, 6, 7, 0)" уже существует.
[2026-02-07 20:50:50] ERROR in postgre_db: Команда: INSERT INTO sections (section, coach, day_id, time_id, on_even_numbers, location, is_parsing) VALUES ('Бадминтон', 'Дорогинский Станислав Вячеславович', 1, 1, 0, 'Вяземский', True)
Ошибка при получении данных: повторяющееся значение ключа нарушает ограничение уникальности "sections_section_coach_day_id_time_id_on_even_numbers_key"
DETAIL:  Ключ "(section, coach, day_id, time_id, on_even_numbers)=(Бадминтон, Дорогинский Станислав Вячеславович, 1, 1, 0)" уже существует.
[2026-02-07 20:50:51] ERROR in postgre_db: Команда: INSERT INTO sections (section, coach, day_id, time_id, on_even_numbers, location, is_parsing) VALUES ('Фитнес (функциональная тренировка)', 'Спицын Андрей Александрович', 1, 1, 0, 'Вяземский', True)
Ошибка при получении данных: повторяющееся значение ключа нарушает ограничение уникальности "sections_section_coach_day_id_time_id_on_even_numbers_key"
DETAIL:  Ключ "(section, coach, day_id, time_id, on_even_numbers)=(Фитнес (функциональная тренировка), Спицын Андрей Александрович, 1, 1, 0)" уже существует.
[2026-02-07 20:50:51] ERROR in postgre_db: Команда: INSERT INTO sections (section, coach, day_id, time_id, on_even_numbers, location, is_parsing) VALUES ('Йога', 'Кондратьева Марина Валентиновна', 2, 1, 0, 'Вяземский', True)
Ошибка при получении данных: повторяющееся значение ключа нарушает ограничение уникальности "sections_section_coach_day_id_time_id_on_even_numbers_key"
DETAIL:  Ключ "(section, coach, day_id, time_id, on_even_numbers)=(Йога, Кондратьева Марина Валентиновна, 2, 1, 0)" уже существует.
[2026-02-07 20:50:51] ERROR in postgre_db: Команда: INSERT INTO sections (section, coach, day_id, time_id, on_even_numbers, location, is_parsing) VALUES ('Волейбол', 'Румянцева Ольга Львовна', 2, 1, 0, 'Вяземский', True)
Ошибка при получении данных: повторяющееся значение ключа нарушает ограничение уникальности "sections_section_coach_day_id_time_id_on_even_numbers_key"
DETAIL:  Ключ "(section, coach, day_id, time_id, on_even_numbers)=(Волейбол, Румянцева Ольга Львовна, 2, 1, 0)" уже существует.
[2026-02-07 20:50:51] ERROR in postgre_db: Команда: INSERT INTO sections (section, coach, day_id, time_id, on_even_numbers, location, is_parsing) VALUES ('АФК и ЛФК', 'Кожанова Екатерина Юрьевна', 2, 1, 0, 'Вяземский', True)
Ошибка при получении данных: повторяющееся значение ключа нарушает ограничение уникальности "sections_section_coach_day_id_time_id_on_even_numbers_key"
DETAIL:  Ключ "(section, coach, day_id, time_id, on_even_numbers)=(АФК и ЛФК, Кожанова Екатерина Юрьевна, 2, 1, 0)" уже существует.
[2026-02-07 20:50:52] ERROR in postgre_db: Команда: INSERT INTO sections (section, coach, day_id, time_id, on_even_numbers, location, is_parsing) VALUES ('Фитнес (функциональная тренировка)', 'Нысамбаева Фарида Жупаровна', 3, 1, 0, 'Вяземский', True)
Ошибка при получении данных: повторяющееся значение ключа нарушает ограничение уникальности "sections_section_coach_day_id_time_id_on_even_numbers_key"
DETAIL:  Ключ "(section, coach, day_id, time_id, on_even_numbers)=(Фитнес (функциональная тренировка), Нысамбаева Фарида Жупаровна, 3, 1, 0)" уже существует.
[2026-02-07 20:50:52] ERROR in postgre_db: Команда: INSERT INTO sections (section, coach, day_id, time_id, on_even_numbers, location, is_parsing) VALUES ('Фитнес (функциональная тренировка)', 'Зефирова Екатерина Виталиевна', 3, 1, 0, 'Вяземский', True)
Ошибка при получении данных: повторяющееся значение ключа нарушает ограничение уникальности "sections_section_coach_day_id_time_id_on_even_numbers_key"
DETAIL:  Ключ "(section, coach, day_id, time_id, on_even_numbers)=(Фитнес (функциональная тренировка), Зефирова Екатерина Виталиевна, 3, 1, 0)" уже существует.
[2026-02-07 20:50:52] ERROR in postgre_db: Команда: INSERT INTO sections (section, coach, day_id, time_id, on_even_numbers, location, is_parsing) VALUES ('Мини-футбол', 'Дорогинский Станислав Вячеславович', 3, 1, 0, 'Вяземский', True)
Ошибка при получении данных: повторяющееся значение ключа нарушает ограничение уникальности "sections_section_coach_day_id_time_id_on_even_numbers_key"
DETAIL:  Ключ "(section, coach, day_id, time_id, on_even_numbers)=(Мини-футбол, Дорогинский Станислав Вячеславович, 3, 1, 0)" уже существует.
[2026-02-07 20:50:52] ERROR in postgre_db: Команда: INSERT INTO sections (section, coach, day_id, time_id, on_even_numbers, location, is_parsing) VALUES ('Спортивный туризм (северная ходьба)', 'Румянцева Ольга Львовна', 3, 1, 0, 'Вяземский', True)
Ошибка при получении данных: повторяющееся значение ключа нарушает ограничение уникальности "sections_section_coach_day_id_time_id_on_even_numbers_key"
DETAIL:  Ключ "(section, coach, day_id, time_id, on_even_numbers)=(Спортивный туризм (северная ходьба), Румянцева Ольга Львовна, 3, 1, 0)" уже существует.
[2026-02-07 20:50:52] ERROR in postgre_db: Команда: INSERT INTO sections (section, coach, day_id, time_id, on_even_numbers, location, is_parsing) VALUES ('Йога', 'Кондратьева Марина Валентиновна', 4, 1, 0, 'Вяземский', True)
Ошибка при получении данных: повторяющееся значение ключа нарушает ограничение уникальности "sections_section_coach_day_id_time_id_on_even_numbers_key"
DETAIL:  Ключ "(section, coach, day_id, time_id, on_even_numbers)=(Йога, Кондратьева Марина Валентиновна, 4, 1, 0)" уже существует.
[2026-02-07 20:50:53] ERROR in postgre_db: Команда: INSERT INTO sections (section, coach, day_id, time_id, on_even_numbers, location, is_parsing) VALUES ('Спортивный туризм (северная ходьба)', 'Зефирова Екатерина Виталиевна', 4, 1, 0, 'Вяземский', True)
Ошибка при получении данных: повторяющееся значение ключа нарушает ограничение уникальности "sections_section_coach_day_id_time_id_on_even_numbers_key"
DETAIL:  Ключ "(section, coach, day_id, time_id, on_even_numbers)=(Спортивный туризм (северная ходьба), Зефирова Екатерина Виталиевна, 4, 1, 0)" уже существует.
[2026-02-07 20:50:53] ERROR in postgre_db: Команда: INSERT INTO sections (section, coach, day_id, time_id, on_even_numbers, location, is_parsing) VALUES ('Фитнес (стретчинг)', 'Королева Екатерина Александровна', 5, 1, 0, 'Вяземский', True)
Ошибка при получении данных: повторяющееся значение ключа нарушает ограничение уникальности "sections_section_coach_day_id_time_id_on_even_numbers_key"
DETAIL:  Ключ "(section, coach, day_id, time_id, on_even_numbers)=(Фитнес (стретчинг), Королева Екатерина Александровна, 5, 1, 0)" уже существует.
[2026-02-07 20:50:53] ERROR in postgre_db: Команда: INSERT INTO sections (section, coach, day_id, time_id, on_even_numbers, location, is_parsing) VALUES ('Волейбол', 'Румянцева Ольга Львовна', 5, 1, 0, 'Вяземский', True)
Ошибка при получении данных: повторяющееся значение ключа нарушает ограничение уникальности "sections_section_coach_day_id_time_id_on_even_numbers_key"
DETAIL:  Ключ "(section, coach, day_id, time_id, on_even_numbers)=(Волейбол, Румянцева Ольга Львовна, 5, 1, 0)" уже существует.
[2026-02-07 20:50:53] ERROR in postgre_db: Команда: INSERT INTO sections (section, coach, day_id, time_id, on_even_numbers, location, is_parsing) VALUES ('Фитнес (пилатес)', 'Кожанова Екатерина Юрьевна', 1, 2, 0, 'Вяземский', True)
Ошибка при получении данных: повторяющееся значение ключа нарушает ограничение уникальности "sections_section_coach_day_id_time_id_on_even_numbers_key"
DETAIL:  Ключ "(section, coach, day_id, time_id, on_even_numbers)=(Фитнес (пилатес), Кожанова Екатерина Юрьевна, 1, 2, 0)" уже существует.
[2026-02-07 20:50:54] ERROR in postgre_db: Команда: INSERT INTO sections (section, coach, day_id, time_id, on_even_numbers, location, is_parsing) VALUES ('Настольный теннис', 'Дорогинский Станислав Вячеславович', 1, 2, 0, 'Вяземский', True)
Ошибка при получении данных: повторяющееся значение ключа нарушает ограничение уникальности "sections_section_coach_day_id_time_id_on_even_numbers_key"
DETAIL:  Ключ "(section, coach, day_id, time_id, on_even_numbers)=(Настольный теннис, Дорогинский Станислав Вячеславович, 1, 2, 0)" уже существует.
[2026-02-07 20:50:54] ERROR in postgre_db: Команда: INSERT INTO sections (section, coach, day_id, time_id, on_even_numbers, location, is_parsing) VALUES ('Йога', 'Кондратьева Марина Валентиновна', 2, 2, 0, 'Вяземский', True)
Ошибка при получении данных: повторяющееся значение ключа нарушает ограничение уникальности "sections_section_coach_day_id_time_id_on_even_numbers_key"
DETAIL:  Ключ "(section, coach, day_id, time_id, on_even_numbers)=(Йога, Кондратьева Марина Валентиновна, 2, 2, 0)" уже существует.
[2026-02-07 20:50:54] ERROR in postgre_db: Команда: INSERT INTO sections (section, coach, day_id, time_id, on_even_numbers, location, is_parsing) VALUES ('Фитнес (пилатес)', 'Кожанова Екатерина Юрьевна', 2, 2, 0, 'Вяземский', True)
Ошибка при получении данных: повторяющееся значение ключа нарушает ограничение уникальности "sections_section_coach_day_id_time_id_on_even_numbers_key"
DETAIL:  Ключ "(section, coach, day_id, time_id, on_even_numbers)=(Фитнес (пилатес), Кожанова Екатерина Юрьевна, 2, 2, 0)" уже существует.
[2026-02-07 20:50:54] ERROR in postgre_db: Команда: INSERT INTO sections (section, coach, day_id, time_id, on_even_numbers, location, is_parsing) VALUES ('Настольный теннис', 'Румянцева Ольга Львовна', 2, 2, 0, 'Вяземский', True)
Ошибка при получении данных: повторяющееся значение ключа нарушает ограничение уникальности "sections_section_coach_day_id_time_id_on_even_numbers_key"
DETAIL:  Ключ "(section, coach, day_id, time_id, on_even_numbers)=(Настольный теннис, Румянцева Ольга Львовна, 2, 2, 0)" уже существует.
[2026-02-07 20:50:55] ERROR in postgre_db: Команда: INSERT INTO sections (section, coach, day_id, time_id, on_even_numbers, location, is_parsing) VALUES ('Настольный теннис', 'Румянцева Ольга Львовна', 3, 2, 0, 'Вяземский', True)
Ошибка при получении данных: повторяющееся значение ключа нарушает ограничение уникальности "sections_section_coach_day_id_time_id_on_even_numbers_key"
DETAIL:  Ключ "(section, coach, day_id, time_id, on_even_numbers)=(Настольный теннис, Румянцева Ольга Львовна, 3, 2, 0)" уже существует.
[2026-02-07 20:50:55] ERROR in postgre_db: Команда: INSERT INTO sections (section, coach, day_id, time_id, on_even_numbers, location, is_parsing) VALUES ('Фитнес (функциональная тренировка)', 'Нысамбаева Фарида Жупаровна', 3, 2, 0, 'Вяземский', True)
Ошибка при получении данных: повторяющееся значение ключа нарушает ограничение уникальности "sections_section_coach_day_id_time_id_on_even_numbers_key"
DETAIL:  Ключ "(section, coach, day_id, time_id, on_even_numbers)=(Фитнес (функциональная тренировка), Нысамбаева Фарида Жупаровна, 3, 2, 0)" уже существует.
[2026-02-07 20:50:55] ERROR in postgre_db: Команда: INSERT INTO sections (section, coach, day_id, time_id, on_even_numbers, location, is_parsing) VALUES ('Фитнес (стретчинг)', 'Зефирова Екатерина Виталиевна', 3, 2, 0, 'Вяземский', True)
Ошибка при получении данных: повторяющееся значение ключа нарушает ограничение уникальности "sections_section_coach_day_id_time_id_on_even_numbers_key"
DETAIL:  Ключ "(section, coach, day_id, time_id, on_even_numbers)=(Фитнес (стретчинг), Зефирова Екатерина Виталиевна, 3, 2, 0)" уже существует.
[2026-02-07 20:50:55] ERROR in postgre_db: Команда: INSERT INTO sections (section, coach, day_id, time_id, on_even_numbers, location, is_parsing) VALUES ('Бадминтон', 'Дорогинский Станислав Вячеславович', 3, 2, 0, 'Вяземский', True)
Ошибка при получении данных: повторяющееся значение ключа нарушает ограничение уникальности "sections_section_coach_day_id_time_id_on_even_numbers_key"
DETAIL:  Ключ "(section, coach, day_id, time_id, on_even_numbers)=(Бадминтон, Дорогинский Станислав Вячеславович, 3, 2, 0)" уже существует.
[2026-02-07 20:50:55] ERROR in postgre_db: Команда: INSERT INTO sections (section, coach, day_id, time_id, on_even_numbers, location, is_parsing) VALUES ('Йога', 'Кондратьева Марина Валентиновна', 4, 2, 0, 'Вяземский', True)
Ошибка при получении данных: повторяющееся значение ключа нарушает ограничение уникальности "sections_section_coach_day_id_time_id_on_even_numbers_key"
DETAIL:  Ключ "(section, coach, day_id, time_id, on_even_numbers)=(Йога, Кондратьева Марина Валентиновна, 4, 2, 0)" уже существует.
[2026-02-07 20:50:55] ERROR in postgre_db: Команда: INSERT INTO sections (section, coach, day_id, time_id, on_even_numbers, location, is_parsing) VALUES ('Фитнес', 'Зефирова Екатерина Виталиевна', 4, 2, 0, 'Вяземский', True)
Ошибка при получении данных: повторяющееся значение ключа нарушает ограничение уникальности "sections_section_coach_day_id_time_id_on_even_numbers_key"
DETAIL:  Ключ "(section, coach, day_id, time_id, on_even_numbers)=(Фитнес, Зефирова Екатерина Виталиевна, 4, 2, 0)" уже существует.
[2026-02-07 20:50:56] ERROR in postgre_db: Команда: INSERT INTO sections (section, coach, day_id, time_id, on_even_numbers, location, is_parsing) VALUES ('Волейбол', 'Кожанова Екатерина Юрьевна', 4, 2, 0, 'Вяземский', True)
Ошибка при получении данных: повторяющееся значение ключа нарушает ограничение уникальности "sections_section_coach_day_id_time_id_on_even_numbers_key"
DETAIL:  Ключ "(section, coach, day_id, time_id, on_even_numbers)=(Волейбол, Кожанова Екатерина Юрьевна, 4, 2, 0)" уже существует.
[2026-02-07 20:50:56] ERROR in postgre_db: Команда: INSERT INTO sections (section, coach, day_id, time_id, on_even_numbers, location, is_parsing) VALUES ('Мини-футбол', 'Губанов Максим Евгеньевич', 5, 2, 0, 'Вяземский', True)
Ошибка при получении данных: повторяющееся значение ключа нарушает ограничение уникальности "sections_section_coach_day_id_time_id_on_even_numbers_key"
DETAIL:  Ключ "(section, coach, day_id, time_id, on_even_numbers)=(Мини-футбол, Губанов Максим Евгеньевич, 5, 2, 0)" уже существует.
[2026-02-07 20:50:56] ERROR in postgre_db: Команда: INSERT INTO sections (section, coach, day_id, time_id, on_even_numbers, location, is_parsing) VALUES ('Фитнес (стретчинг)', 'Румянцева Ольга Львовна', 5, 2, 0, 'Вяземский', True)
Ошибка при получении данных: повторяющееся значение ключа нарушает ограничение уникальности "sections_section_coach_day_id_time_id_on_even_numbers_key"
DETAIL:  Ключ "(section, coach, day_id, time_id, on_even_numbers)=(Фитнес (стретчинг), Румянцева Ольга Львовна, 5, 2, 0)" уже существует.
[2026-02-07 20:50:56] ERROR in postgre_db: Команда: INSERT INTO sections (section, coach, day_id, time_id, on_even_numbers, location, is_parsing) VALUES ('Фитнес (функциональная тренировка)', 'Королева Екатерина Александровна', 5, 2, 0, 'Вяземский', True)
Ошибка при получении данных: повторяющееся значение ключа нарушает ограничение уникальности "sections_section_coach_day_id_time_id_on_even_numbers_key"
DETAIL:  Ключ "(section, coach, day_id, time_id, on_even_numbers)=(Фитнес (функциональная тренировка), Королева Екатерина Александровна, 5, 2, 0)" уже существует.
[2026-02-07 20:50:56] ERROR in postgre_db: Команда: INSERT INTO sections (section, coach, day_id, time_id, on_even_numbers, location, is_parsing) VALUES ('Фитнес (функциональная тренировка)', 'Ступаков Евгений Олегович', 6, 2, 0, 'Вяземский', True)
Ошибка при получении данных: повторяющееся значение ключа нарушает ограничение уникальности "sections_section_coach_day_id_time_id_on_even_numbers_key"
DETAIL:  Ключ "(section, coach, day_id, time_id, on_even_numbers)=(Фитнес (функциональная тренировка), Ступаков Евгений Олегович, 6, 2, 0)" уже существует.
[2026-02-07 20:50:57] ERROR in postgre_db: Команда: INSERT INTO sections (section, coach, day_id, time_id, on_even_numbers, location, is_parsing) VALUES ('Спортивный туризм (северная ходьба)', 'Дорогинский Станислав Вячеславович', 6, 2, 0, 'Вяземский', True)
Ошибка при получении данных: повторяющееся значение ключа нарушает ограничение уникальности "sections_section_coach_day_id_time_id_on_even_numbers_key"
DETAIL:  Ключ "(section, coach, day_id, time_id, on_even_numbers)=(Спортивный туризм (северная ходьба), Дорогинский Станислав Вячеславович, 6, 2, 0)" уже существует.
[2026-02-07 20:50:57] ERROR in postgre_db: Команда: INSERT INTO sections (section, coach, day_id, time_id, on_even_numbers, location, is_parsing) VALUES ('Фитнес (функциональная тренировка)', 'Ступаков Евгений Олегович', 6, 2, 0, 'Вяземский', True)
Ошибка при получении данных: повторяющееся значение ключа нарушает ограничение уникальности "sections_section_coach_day_id_time_id_on_even_numbers_key"
DETAIL:  Ключ "(section, coach, day_id, time_id, on_even_numbers)=(Фитнес (функциональная тренировка), Ступаков Евгений Олегович, 6, 2, 0)" уже существует.
[2026-02-07 20:50:57] ERROR in postgre_db: Команда: INSERT INTO sections (section, coach, day_id, time_id, on_even_numbers, location, is_parsing) VALUES ('Воздушно-силовая атлетика (воркаут)', 'Ступаков Евгений Олегович', 6, 2, 0, 'Вяземский', True)
Ошибка при получении данных: повторяющееся значение ключа нарушает ограничение уникальности "sections_section_coach_day_id_time_id_on_even_numbers_key"
DETAIL:  Ключ "(section, coach, day_id, time_id, on_even_numbers)=(Воздушно-силовая атлетика (воркаут), Ступаков Евгений Олегович, 6, 2, 0)" уже существует.
[2026-02-07 20:50:57] ERROR in postgre_db: Команда: INSERT INTO sections (section, coach, day_id, time_id, on_even_numbers, location, is_parsing) VALUES ('Воздушно-силовая атлетика (воркаут)', 'Ступаков Евгений Олегович', 6, 2, 0, 'Вяземский', True)
Ошибка при получении данных: повторяющееся значение ключа нарушает ограничение уникальности "sections_section_coach_day_id_time_id_on_even_numbers_key"
DETAIL:  Ключ "(section, coach, day_id, time_id, on_even_numbers)=(Воздушно-силовая атлетика (воркаут), Ступаков Евгений Олегович, 6, 2, 0)" уже существует.
[2026-02-07 20:50:57] ERROR in postgre_db: Команда: INSERT INTO sections (section, coach, day_id, time_id, on_even_numbers, location, is_parsing) VALUES ('Мини-футбол', 'Дорогинский Станислав Вячеславович', 1, 3, 0, 'Вяземский', True)
Ошибка при получении данных: повторяющееся значение ключа нарушает ограничение уникальности "sections_section_coach_day_id_time_id_on_even_numbers_key"
DETAIL:  Ключ "(section, coach, day_id, time_id, on_even_numbers)=(Мини-футбол, Дорогинский Станислав Вячеславович, 1, 3, 0)" уже существует.
[2026-02-07 20:50:58] ERROR in postgre_db: Команда: INSERT INTO sections (section, coach, day_id, time_id, on_even_numbers, location, is_parsing) VALUES ('АФК и ЛФК', 'Кожанова Екатерина Юрьевна', 1, 3, 0, 'Вяземский', True)
Ошибка при получении данных: повторяющееся значение ключа нарушает ограничение уникальности "sections_section_coach_day_id_time_id_on_even_numbers_key"
DETAIL:  Ключ "(section, coach, day_id, time_id, on_even_numbers)=(АФК и ЛФК, Кожанова Екатерина Юрьевна, 1, 3, 0)" уже существует.
[2026-02-07 20:50:58] ERROR in postgre_db: Команда: INSERT INTO sections (section, coach, day_id, time_id, on_even_numbers, location, is_parsing) VALUES ('Фитнес (функциональная тренировка)', 'Кожанова Екатерина Юрьевна', 2, 3, 0, 'Вяземский', True)
Ошибка при получении данных: повторяющееся значение ключа нарушает ограничение уникальности "sections_section_coach_day_id_time_id_on_even_numbers_key"
DETAIL:  Ключ "(section, coach, day_id, time_id, on_even_numbers)=(Фитнес (функциональная тренировка), Кожанова Екатерина Юрьевна, 2, 3, 0)" уже существует.
[2026-02-07 20:50:58] ERROR in postgre_db: Команда: INSERT INTO sections (section, coach, day_id, time_id, on_even_numbers, location, is_parsing) VALUES ('Волейбол', 'Румянцева Ольга Львовна', 2, 3, 0, 'Вяземский', True)
Ошибка при получении данных: повторяющееся значение ключа нарушает ограничение уникальности "sections_section_coach_day_id_time_id_on_even_numbers_key"
DETAIL:  Ключ "(section, coach, day_id, time_id, on_even_numbers)=(Волейбол, Румянцева Ольга Львовна, 2, 3, 0)" уже существует.
[2026-02-07 20:50:58] ERROR in postgre_db: Команда: INSERT INTO sections (section, coach, day_id, time_id, on_even_numbers, location, is_parsing) VALUES ('Йога', 'Кондратьева Марина Валентиновна', 2, 3, 0, 'Вяземский', True)
Ошибка при получении данных: повторяющееся значение ключа нарушает ограничение уникальности "sections_section_coach_day_id_time_id_on_even_numbers_key"
DETAIL:  Ключ "(section, coach, day_id, time_id, on_even_numbers)=(Йога, Кондратьева Марина Валентиновна, 2, 3, 0)" уже существует.
[2026-02-07 20:50:58] ERROR in postgre_db: Команда: INSERT INTO sections (section, coach, day_id, time_id, on_even_numbers, location, is_parsing) VALUES ('Мини-футбол', 'Дорогинский Станислав Вячеславович', 3, 3, 0, 'Вяземский', True)
Ошибка при получении данных: повторяющееся значение ключа нарушает ограничение уникальности "sections_section_coach_day_id_time_id_on_even_numbers_key"
DETAIL:  Ключ "(section, coach, day_id, time_id, on_even_numbers)=(Мини-футбол, Дорогинский Станислав Вячеславович, 3, 3, 0)" уже существует.
[2026-02-07 20:50:59] ERROR in postgre_db: Команда: INSERT INTO sections (section, coach, day_id, time_id, on_even_numbers, location, is_parsing) VALUES ('Спортивный туризм (северная ходьба)', 'Зефирова Екатерина Виталиевна', 3, 3, 0, 'Вяземский', True)
Ошибка при получении данных: повторяющееся значение ключа нарушает ограничение уникальности "sections_section_coach_day_id_time_id_on_even_numbers_key"
DETAIL:  Ключ "(section, coach, day_id, time_id, on_even_numbers)=(Спортивный туризм (северная ходьба), Зефирова Екатерина Виталиевна, 3, 3, 0)" уже существует.
[2026-02-07 20:50:59] ERROR in postgre_db: Команда: INSERT INTO sections (section, coach, day_id, time_id, on_even_numbers, location, is_parsing) VALUES ('Фитнес (функциональная тренировка)', 'Нысамбаева Фарида Жупаровна', 3, 3, 0, 'Вяземский', True)
Ошибка при получении данных: повторяющееся значение ключа нарушает ограничение уникальности "sections_section_coach_day_id_time_id_on_even_numbers_key"
DETAIL:  Ключ "(section, coach, day_id, time_id, on_even_numbers)=(Фитнес (функциональная тренировка), Нысамбаева Фарида Жупаровна, 3, 3, 0)" уже существует.
[2026-02-07 20:50:59] ERROR in postgre_db: Команда: INSERT INTO sections (section, coach, day_id, time_id, on_even_numbers, location, is_parsing) VALUES ('Фитнес', 'Румянцева Ольга Львовна', 3, 3, 0, 'Вяземский', True)
Ошибка при получении данных: повторяющееся значение ключа нарушает ограничение уникальности "sections_section_coach_day_id_time_id_on_even_numbers_key"
DETAIL:  Ключ "(section, coach, day_id, time_id, on_even_numbers)=(Фитнес, Румянцева Ольга Львовна, 3, 3, 0)" уже существует.
[2026-02-07 20:51:00] ERROR in postgre_db: Команда: INSERT INTO sections (section, coach, day_id, time_id, on_even_numbers, location, is_parsing) VALUES ('Волейбол', 'Кожанова Екатерина Юрьевна', 4, 3, 0, 'Вяземский', True)
Ошибка при получении данных: повторяющееся значение ключа нарушает ограничение уникальности "sections_section_coach_day_id_time_id_on_even_numbers_key"
DETAIL:  Ключ "(section, coach, day_id, time_id, on_even_numbers)=(Волейбол, Кожанова Екатерина Юрьевна, 4, 3, 0)" уже существует.
[2026-02-07 20:51:00] ERROR in postgre_db: Команда: INSERT INTO sections (section, coach, day_id, time_id, on_even_numbers, location, is_parsing) VALUES ('АФК и ЛФК', 'Зефирова Екатерина Виталиевна', 4, 3, 0, 'Вяземский', True)
Ошибка при получении данных: повторяющееся значение ключа нарушает ограничение уникальности "sections_section_coach_day_id_time_id_on_even_numbers_key"
DETAIL:  Ключ "(section, coach, day_id, time_id, on_even_numbers)=(АФК и ЛФК, Зефирова Екатерина Виталиевна, 4, 3, 0)" уже существует.
[2026-02-07 20:51:00] ERROR in postgre_db: Команда: INSERT INTO sections (section, coach, day_id, time_id, on_even_numbers, location, is_parsing) VALUES ('Йога', 'Кондратьева Марина Валентиновна', 4, 3, 0, 'Вяземский', True)
Ошибка при получении данных: повторяющееся значение ключа нарушает ограничение уникальности "sections_section_coach_day_id_time_id_on_even_numbers_key"
DETAIL:  Ключ "(section, coach, day_id, time_id, on_even_numbers)=(Йога, Кондратьева Марина Валентиновна, 4, 3, 0)" уже существует.
[2026-02-07 20:51:01] ERROR in postgre_db: Команда: INSERT INTO sections (section, coach, day_id, time_id, on_even_numbers, location, is_parsing) VALUES ('Фитнес (пилатес)', 'Королева Екатерина Александровна', 5, 3, 0, 'Вяземский', True)
Ошибка при получении данных: повторяющееся значение ключа нарушает ограничение уникальности "sections_section_coach_day_id_time_id_on_even_numbers_key"
DETAIL:  Ключ "(section, coach, day_id, time_id, on_even_numbers)=(Фитнес (пилатес), Королева Екатерина Александровна, 5, 3, 0)" уже существует.
[2026-02-07 20:51:01] ERROR in postgre_db: Команда: INSERT INTO sections (section, coach, day_id, time_id, on_even_numbers, location, is_parsing) VALUES ('Гандбол', 'Губанов Максим Евгеньевич', 5, 3, 0, 'Вяземский', True)
Ошибка при получении данных: повторяющееся значение ключа нарушает ограничение уникальности "sections_section_coach_day_id_time_id_on_even_numbers_key"
DETAIL:  Ключ "(section, coach, day_id, time_id, on_even_numbers)=(Гандбол, Губанов Максим Евгеньевич, 5, 3, 0)" уже существует.
[2026-02-07 20:51:01] ERROR in postgre_db: Команда: INSERT INTO sections (section, coach, day_id, time_id, on_even_numbers, location, is_parsing) VALUES ('Фитнес (функциональная тренировка)', 'Румянцева Ольга Львовна', 5, 3, 0, 'Вяземский', True)
Ошибка при получении данных: повторяющееся значение ключа нарушает ограничение уникальности "sections_section_coach_day_id_time_id_on_even_numbers_key"
DETAIL:  Ключ "(section, coach, day_id, time_id, on_even_numbers)=(Фитнес (функциональная тренировка), Румянцева Ольга Львовна, 5, 3, 0)" уже существует.
[2026-02-07 20:51:01] ERROR in postgre_db: Команда: INSERT INTO sections (section, coach, day_id, time_id, on_even_numbers, location, is_parsing) VALUES ('Фитнес (функциональная тренировка)', 'Ступаков Евгений Олегович', 6, 3, 0, 'Вяземский', True)
Ошибка при получении данных: повторяющееся значение ключа нарушает ограничение уникальности "sections_section_coach_day_id_time_id_on_even_numbers_key"
DETAIL:  Ключ "(section, coach, day_id, time_id, on_even_numbers)=(Фитнес (функциональная тренировка), Ступаков Евгений Олегович, 6, 3, 0)" уже существует.
[2026-02-07 20:51:01] ERROR in postgre_db: Команда: INSERT INTO sections (section, coach, day_id, time_id, on_even_numbers, location, is_parsing) VALUES ('Фитнес (стретчинг)', 'Румянцева Ольга Львовна', 1, 4, 0, 'Вяземский', True)
Ошибка при получении данных: повторяющееся значение ключа нарушает ограничение уникальности "sections_section_coach_day_id_time_id_on_even_numbers_key"
DETAIL:  Ключ "(section, coach, day_id, time_id, on_even_numbers)=(Фитнес (стретчинг), Румянцева Ольга Львовна, 1, 4, 0)" уже существует.
[2026-02-07 20:51:02] ERROR in postgre_db: Команда: INSERT INTO sections (section, coach, day_id, time_id, on_even_numbers, location, is_parsing) VALUES ('Фитнес (функциональная тренировка)', 'Кожанова Екатерина Юрьевна', 1, 4, 0, 'Вяземский', True)
Ошибка при получении данных: повторяющееся значение ключа нарушает ограничение уникальности "sections_section_coach_day_id_time_id_on_even_numbers_key"
DETAIL:  Ключ "(section, coach, day_id, time_id, on_even_numbers)=(Фитнес (функциональная тренировка), Кожанова Екатерина Юрьевна, 1, 4, 0)" уже существует.
[2026-02-07 20:51:02] ERROR in postgre_db: Команда: INSERT INTO sections (section, coach, day_id, time_id, on_even_numbers, location, is_parsing) VALUES ('Настольный теннис', 'Дорогинский Станислав Вячеславович', 1, 4, 0, 'Вяземский', True)
Ошибка при получении данных: повторяющееся значение ключа нарушает ограничение уникальности "sections_section_coach_day_id_time_id_on_even_numbers_key"
DETAIL:  Ключ "(section, coach, day_id, time_id, on_even_numbers)=(Настольный теннис, Дорогинский Станислав Вячеславович, 1, 4, 0)" уже существует.
[2026-02-07 20:51:02] ERROR in postgre_db: Команда: INSERT INTO sections (section, coach, day_id, time_id, on_even_numbers, location, is_parsing) VALUES ('Шахматы', 'Спицын Андрей Александрович', 1, 4, 0, 'Вяземский', True)
Ошибка при получении данных: повторяющееся значение ключа нарушает ограничение уникальности "sections_section_coach_day_id_time_id_on_even_numbers_key"
DETAIL:  Ключ "(section, coach, day_id, time_id, on_even_numbers)=(Шахматы, Спицын Андрей Александрович, 1, 4, 0)" уже существует.
[2026-02-07 20:51:02] ERROR in postgre_db: Команда: INSERT INTO sections (section, coach, day_id, time_id, on_even_numbers, location, is_parsing) VALUES ('Волейбол', 'Кожанова Екатерина Юрьевна', 2, 4, 0, 'Вяземский', True)
Ошибка при получении данных: повторяющееся значение ключа нарушает ограничение уникальности "sections_section_coach_day_id_time_id_on_even_numbers_key"
DETAIL:  Ключ "(section, coach, day_id, time_id, on_even_numbers)=(Волейбол, Кожанова Екатерина Юрьевна, 2, 4, 0)" уже существует.
[2026-02-07 20:51:03] ERROR in postgre_db: Команда: INSERT INTO sections (section, coach, day_id, time_id, on_even_numbers, location, is_parsing) VALUES ('Йога', 'Кондратьева Марина Валентиновна', 2, 4, 0, 'Вяземский', True)
Ошибка при получении данных: повторяющееся значение ключа нарушает ограничение уникальности "sections_section_coach_day_id_time_id_on_even_numbers_key"
DETAIL:  Ключ "(section, coach, day_id, time_id, on_even_numbers)=(Йога, Кондратьева Марина Валентиновна, 2, 4, 0)" уже существует.
[2026-02-07 20:51:03] ERROR in postgre_db: Команда: INSERT INTO sections (section, coach, day_id, time_id, on_even_numbers, location, is_parsing) VALUES ('АФК и ЛФК', 'Румянцева Ольга Львовна', 2, 4, 0, 'Вяземский', True)
Ошибка при получении данных: повторяющееся значение ключа нарушает ограничение уникальности "sections_section_coach_day_id_time_id_on_even_numbers_key"
DETAIL:  Ключ "(section, coach, day_id, time_id, on_even_numbers)=(АФК и ЛФК, Румянцева Ольга Львовна, 2, 4, 0)" уже существует.
[2026-02-07 20:51:03] ERROR in postgre_db: Команда: INSERT INTO sections (section, coach, day_id, time_id, on_even_numbers, location, is_parsing) VALUES ('Спортивный туризм (северная ходьба)', 'Зефирова Екатерина Виталиевна', 3, 4, 0, 'Вяземский', True)
Ошибка при получении данных: повторяющееся значение ключа нарушает ограничение уникальности "sections_section_coach_day_id_time_id_on_even_numbers_key"
DETAIL:  Ключ "(section, coach, day_id, time_id, on_even_numbers)=(Спортивный туризм (северная ходьба), Зефирова Екатерина Виталиевна, 3, 4, 0)" уже существует.
[2026-02-07 20:51:03] ERROR in postgre_db: Команда: INSERT INTO sections (section, coach, day_id, time_id, on_even_numbers, location, is_parsing) VALUES ('Волейбол', 'Дорогинский Станислав Вячеславович', 3, 4, 0, 'Вяземский', True)
Ошибка при получении данных: повторяющееся значение ключа нарушает ограничение уникальности "sections_section_coach_day_id_time_id_on_even_numbers_key"
DETAIL:  Ключ "(section, coach, day_id, time_id, on_even_numbers)=(Волейбол, Дорогинский Станислав Вячеславович, 3, 4, 0)" уже существует.
[2026-02-07 20:51:03] ERROR in postgre_db: Команда: INSERT INTO sections (section, coach, day_id, time_id, on_even_numbers, location, is_parsing) VALUES ('Фитнес (функциональная тренировка)', 'Нысамбаева Фарида Жупаровна', 3, 4, 0, 'Вяземский', True)
Ошибка при получении данных: повторяющееся значение ключа нарушает ограничение уникальности "sections_section_coach_day_id_time_id_on_even_numbers_key"
DETAIL:  Ключ "(section, coach, day_id, time_id, on_even_numbers)=(Фитнес (функциональная тренировка), Нысамбаева Фарида Жупаровна, 3, 4, 0)" уже существует.
[2026-02-07 20:51:03] ERROR in postgre_db: Команда: INSERT INTO sections (section, coach, day_id, time_id, on_even_numbers, location, is_parsing) VALUES ('АФК и ЛФК', 'Румянцева Ольга Львовна', 3, 4, 0, 'Вяземский', True)
Ошибка при получении данных: повторяющееся значение ключа нарушает ограничение уникальности "sections_section_coach_day_id_time_id_on_even_numbers_key"
DETAIL:  Ключ "(section, coach, day_id, time_id, on_even_numbers)=(АФК и ЛФК, Румянцева Ольга Львовна, 3, 4, 0)" уже существует.
[2026-02-07 20:51:04] ERROR in postgre_db: Команда: INSERT INTO sections (section, coach, day_id, time_id, on_even_numbers, location, is_parsing) VALUES ('Фитнес (пилатес)', 'Кондратьева Марина Валентиновна', 4, 4, 0, 'Вяземский', True)
Ошибка при получении данных: повторяющееся значение ключа нарушает ограничение уникальности "sections_section_coach_day_id_time_id_on_even_numbers_key"
DETAIL:  Ключ "(section, coach, day_id, time_id, on_even_numbers)=(Фитнес (пилатес), Кондратьева Марина Валентиновна, 4, 4, 0)" уже существует.
[2026-02-07 20:51:04] ERROR in postgre_db: Команда: INSERT INTO sections (section, coach, day_id, time_id, on_even_numbers, location, is_parsing) VALUES ('Фитнес (функциональная тренировка)', 'Кожанова Екатерина Юрьевна', 4, 4, 0, 'Вяземский', True)
Ошибка при получении данных: повторяющееся значение ключа нарушает ограничение уникальности "sections_section_coach_day_id_time_id_on_even_numbers_key"
DETAIL:  Ключ "(section, coach, day_id, time_id, on_even_numbers)=(Фитнес (функциональная тренировка), Кожанова Екатерина Юрьевна, 4, 4, 0)" уже существует.
[2026-02-07 20:51:04] ERROR in postgre_db: Команда: INSERT INTO sections (section, coach, day_id, time_id, on_even_numbers, location, is_parsing) VALUES ('Фитнес (стретчинг)', 'Черкасова Маргарита Олеговна', 4, 4, 0, 'Вяземский', True)
Ошибка при получении данных: повторяющееся значение ключа нарушает ограничение уникальности "sections_section_coach_day_id_time_id_on_even_numbers_key"
DETAIL:  Ключ "(section, coach, day_id, time_id, on_even_numbers)=(Фитнес (стретчинг), Черкасова Маргарита Олеговна, 4, 4, 0)" уже существует.
[2026-02-07 20:51:04] ERROR in postgre_db: Команда: INSERT INTO sections (section, coach, day_id, time_id, on_even_numbers, location, is_parsing) VALUES ('Спортивный туризм (северная ходьба)', 'Зефирова Екатерина Виталиевна', 4, 4, 0, 'Вяземский', True)
Ошибка при получении данных: повторяющееся значение ключа нарушает ограничение уникальности "sections_section_coach_day_id_time_id_on_even_numbers_key"
DETAIL:  Ключ "(section, coach, day_id, time_id, on_even_numbers)=(Спортивный туризм (северная ходьба), Зефирова Екатерина Виталиевна, 4, 4, 0)" уже существует.
[2026-02-07 20:51:05] ERROR in postgre_db: Команда: INSERT INTO sections (section, coach, day_id, time_id, on_even_numbers, location, is_parsing) VALUES ('Мини-футбол', 'Губанов Максим Евгеньевич', 5, 4, 0, 'Вяземский', True)
Ошибка при получении данных: повторяющееся значение ключа нарушает ограничение уникальности "sections_section_coach_day_id_time_id_on_even_numbers_key"
DETAIL:  Ключ "(section, coach, day_id, time_id, on_even_numbers)=(Мини-футбол, Губанов Максим Евгеньевич, 5, 4, 0)" уже существует.
[2026-02-07 20:51:05] ERROR in postgre_db: Команда: INSERT INTO sections (section, coach, day_id, time_id, on_even_numbers, location, is_parsing) VALUES ('АФК и ЛФК', 'Румянцева Ольга Львовна', 5, 4, 0, 'Вяземский', True)
Ошибка при получении данных: повторяющееся значение ключа нарушает ограничение уникальности "sections_section_coach_day_id_time_id_on_even_numbers_key"
DETAIL:  Ключ "(section, coach, day_id, time_id, on_even_numbers)=(АФК и ЛФК, Румянцева Ольга Львовна, 5, 4, 0)" уже существует.
[2026-02-07 20:51:05] ERROR in postgre_db: Команда: INSERT INTO sections (section, coach, day_id, time_id, on_even_numbers, location, is_parsing) VALUES ('Настольный теннис', 'Филиппович Евгений Юрьевич', 6, 4, 0, 'Вяземский', True)
Ошибка при получении данных: повторяющееся значение ключа нарушает ограничение уникальности "sections_section_coach_day_id_time_id_on_even_numbers_key"
DETAIL:  Ключ "(section, coach, day_id, time_id, on_even_numbers)=(Настольный теннис, Филиппович Евгений Юрьевич, 6, 4, 0)" уже существует.
[2026-02-07 20:51:06] ERROR in postgre_db: Команда: INSERT INTO sections (section, coach, day_id, time_id, on_even_numbers, location, is_parsing) VALUES ('Фитнес (стретчинг)', 'Кожанова Екатерина Юрьевна', 1, 5, 0, 'Вяземский', True)
Ошибка при получении данных: повторяющееся значение ключа нарушает ограничение уникальности "sections_section_coach_day_id_time_id_on_even_numbers_key"
DETAIL:  Ключ "(section, coach, day_id, time_id, on_even_numbers)=(Фитнес (стретчинг), Кожанова Екатерина Юрьевна, 1, 5, 0)" уже существует.
[2026-02-07 20:51:06] ERROR in postgre_db: Команда: INSERT INTO sections (section, coach, day_id, time_id, on_even_numbers, location, is_parsing) VALUES ('Фитнес (функциональная тренировка)', 'Румянцева Ольга Львовна', 1, 5, 0, 'Вяземский', True)
Ошибка при получении данных: повторяющееся значение ключа нарушает ограничение уникальности "sections_section_coach_day_id_time_id_on_even_numbers_key"
DETAIL:  Ключ "(section, coach, day_id, time_id, on_even_numbers)=(Фитнес (функциональная тренировка), Румянцева Ольга Львовна, 1, 5, 0)" уже существует.
[2026-02-07 20:51:06] ERROR in postgre_db: Команда: INSERT INTO sections (section, coach, day_id, time_id, on_even_numbers, location, is_parsing) VALUES ('Настольный теннис', 'Филиппович Евгений Юрьевич', 1, 5, 0, 'Вяземский', True)
Ошибка при получении данных: повторяющееся значение ключа нарушает ограничение уникальности "sections_section_coach_day_id_time_id_on_even_numbers_key"
DETAIL:  Ключ "(section, coach, day_id, time_id, on_even_numbers)=(Настольный теннис, Филиппович Евгений Юрьевич, 1, 5, 0)" уже существует.
[2026-02-07 20:51:06] ERROR in postgre_db: Команда: INSERT INTO sections (section, coach, day_id, time_id, on_even_numbers, location, is_parsing) VALUES ('Спортивный туризм (северная ходьба)', 'Дорогинский Станислав Вячеславович', 1, 5, 0, 'Вяземский', True)
Ошибка при получении данных: повторяющееся значение ключа нарушает ограничение уникальности "sections_section_coach_day_id_time_id_on_even_numbers_key"
DETAIL:  Ключ "(section, coach, day_id, time_id, on_even_numbers)=(Спортивный туризм (северная ходьба), Дорогинский Станислав Вячеславович, 1, 5, 0)" уже существует.
[2026-02-07 20:51:06] ERROR in postgre_db: Команда: INSERT INTO sections (section, coach, day_id, time_id, on_even_numbers, location, is_parsing) VALUES ('Волейбол', 'Кожанова Екатерина Юрьевна', 2, 5, 0, 'Вяземский', True)
Ошибка при получении данных: повторяющееся значение ключа нарушает ограничение уникальности "sections_section_coach_day_id_time_id_on_even_numbers_key"
DETAIL:  Ключ "(section, coach, day_id, time_id, on_even_numbers)=(Волейбол, Кожанова Екатерина Юрьевна, 2, 5, 0)" уже существует.
[2026-02-07 20:51:06] ERROR in postgre_db: Команда: INSERT INTO sections (section, coach, day_id, time_id, on_even_numbers, location, is_parsing) VALUES ('Спортивный туризм (северная ходьба)', 'Румянцева Ольга Львовна', 2, 5, 0, 'Вяземский', True)
Ошибка при получении данных: повторяющееся значение ключа нарушает ограничение уникальности "sections_section_coach_day_id_time_id_on_even_numbers_key"
DETAIL:  Ключ "(section, coach, day_id, time_id, on_even_numbers)=(Спортивный туризм (северная ходьба), Румянцева Ольга Львовна, 2, 5, 0)" уже существует.
[2026-02-07 20:51:07] ERROR in postgre_db: Команда: INSERT INTO sections (section, coach, day_id, time_id, on_even_numbers, location, is_parsing) VALUES ('Спортивный туризм (северная ходьба)', 'Дорогинский Станислав Вячеславович', 3, 5, 0, 'Вяземский', True)
Ошибка при получении данных: повторяющееся значение ключа нарушает ограничение уникальности "sections_section_coach_day_id_time_id_on_even_numbers_key"
DETAIL:  Ключ "(section, coach, day_id, time_id, on_even_numbers)=(Спортивный туризм (северная ходьба), Дорогинский Станислав Вячеславович, 3, 5, 0)" уже существует.
[2026-02-07 20:51:07] ERROR in postgre_db: Команда: INSERT INTO sections (section, coach, day_id, time_id, on_even_numbers, location, is_parsing) VALUES ('Фитнес (функциональная тренировка)', 'Нысамбаева Фарида Жупаровна', 3, 5, 0, 'Вяземский', True)
Ошибка при получении данных: повторяющееся значение ключа нарушает ограничение уникальности "sections_section_coach_day_id_time_id_on_even_numbers_key"
DETAIL:  Ключ "(section, coach, day_id, time_id, on_even_numbers)=(Фитнес (функциональная тренировка), Нысамбаева Фарида Жупаровна, 3, 5, 0)" уже существует.
[2026-02-07 20:51:07] ERROR in postgre_db: Команда: INSERT INTO sections (section, coach, day_id, time_id, on_even_numbers, location, is_parsing) VALUES ('Баскетбол', 'Румянцева Ольга Львовна', 3, 5, 0, 'Вяземский', True)
Ошибка при получении данных: повторяющееся значение ключа нарушает ограничение уникальности "sections_section_coach_day_id_time_id_on_even_numbers_key"
DETAIL:  Ключ "(section, coach, day_id, time_id, on_even_numbers)=(Баскетбол, Румянцева Ольга Львовна, 3, 5, 0)" уже существует.
[2026-02-07 20:51:08] ERROR in postgre_db: Команда: INSERT INTO sections (section, coach, day_id, time_id, on_even_numbers, location, is_parsing) VALUES ('Йога', 'Кондратьева Марина Валентиновна', 4, 5, 0, 'Вяземский', True)
Ошибка при получении данных: повторяющееся значение ключа нарушает ограничение уникальности "sections_section_coach_day_id_time_id_on_even_numbers_key"
DETAIL:  Ключ "(section, coach, day_id, time_id, on_even_numbers)=(Йога, Кондратьева Марина Валентиновна, 4, 5, 0)" уже существует.
[2026-02-07 20:51:08] ERROR in postgre_db: Команда: INSERT INTO sections (section, coach, day_id, time_id, on_even_numbers, location, is_parsing) VALUES ('Спортивный туризм (северная ходьба)', 'Федотова Анна Александровна', 4, 5, 0, 'Вяземский', True)
Ошибка при получении данных: повторяющееся значение ключа нарушает ограничение уникальности "sections_section_coach_day_id_time_id_on_even_numbers_key"
DETAIL:  Ключ "(section, coach, day_id, time_id, on_even_numbers)=(Спортивный туризм (северная ходьба), Федотова Анна Александровна, 4, 5, 0)" уже существует.
[2026-02-07 20:51:08] ERROR in postgre_db: Команда: INSERT INTO sections (section, coach, day_id, time_id, on_even_numbers, location, is_parsing) VALUES ('Спортивный туризм (северная ходьба)', 'Румянцева Ольга Львовна', 5, 5, 0, 'Вяземский', True)
Ошибка при получении данных: повторяющееся значение ключа нарушает ограничение уникальности "sections_section_coach_day_id_time_id_on_even_numbers_key"
DETAIL:  Ключ "(section, coach, day_id, time_id, on_even_numbers)=(Спортивный туризм (северная ходьба), Румянцева Ольга Львовна, 5, 5, 0)" уже существует.
[2026-02-07 20:51:08] ERROR in postgre_db: Команда: INSERT INTO sections (section, coach, day_id, time_id, on_even_numbers, location, is_parsing) VALUES ('Настольный теннис', 'Филиппович Евгений Юрьевич', 5, 5, 0, 'Вяземский', True)
Ошибка при получении данных: повторяющееся значение ключа нарушает ограничение уникальности "sections_section_coach_day_id_time_id_on_even_numbers_key"
DETAIL:  Ключ "(section, coach, day_id, time_id, on_even_numbers)=(Настольный теннис, Филиппович Евгений Юрьевич, 5, 5, 0)" уже существует.
[2026-02-07 20:51:09] ERROR in postgre_db: Команда: INSERT INTO sections (section, coach, day_id, time_id, on_even_numbers, location, is_parsing) VALUES ('Шашки', 'Рекин Владимир Захарович', 1, 6, 0, 'Вяземский', True)
Ошибка при получении данных: повторяющееся значение ключа нарушает ограничение уникальности "sections_section_coach_day_id_time_id_on_even_numbers_key"
DETAIL:  Ключ "(section, coach, day_id, time_id, on_even_numbers)=(Шашки, Рекин Владимир Захарович, 1, 6, 0)" уже существует.
[2026-02-07 20:51:09] ERROR in postgre_db: Команда: INSERT INTO sections (section, coach, day_id, time_id, on_even_numbers, location, is_parsing) VALUES ('Спортивный туризм (северная ходьба - маршруты)', 'Федотова Анна Александровна', 2, 6, 0, 'Вяземский', True)
Ошибка при получении данных: повторяющееся значение ключа нарушает ограничение уникальности "sections_section_coach_day_id_time_id_on_even_numbers_key"
DETAIL:  Ключ "(section, coach, day_id, time_id, on_even_numbers)=(Спортивный туризм (северная ходьба - маршруты), Федотова Анна Александровна, 2, 6, 0)" уже существует.
[2026-02-07 20:51:10] ERROR in postgre_db: Команда: INSERT INTO sections (section, coach, day_id, time_id, on_even_numbers, location, is_parsing) VALUES ('Бильярд (пул)', 'Бушманова Маргарита Михайловна', 2, 6, 0, 'Вяземский', True)
Ошибка при получении данных: повторяющееся значение ключа нарушает ограничение уникальности "sections_section_coach_day_id_time_id_on_even_numbers_key"
DETAIL:  Ключ "(section, coach, day_id, time_id, on_even_numbers)=(Бильярд (пул), Бушманова Маргарита Михайловна, 2, 6, 0)" уже существует.
[2026-02-07 20:51:10] ERROR in postgre_db: Команда: INSERT INTO sections (section, coach, day_id, time_id, on_even_numbers, location, is_parsing) VALUES ('Фитнес (функциональная тренировка)', 'Румянцева Ольга Львовна', 2, 6, 0, 'Вяземский', True)
Ошибка при получении данных: повторяющееся значение ключа нарушает ограничение уникальности "sections_section_coach_day_id_time_id_on_even_numbers_key"
DETAIL:  Ключ "(section, coach, day_id, time_id, on_even_numbers)=(Фитнес (функциональная тренировка), Румянцева Ольга Львовна, 2, 6, 0)" уже существует.
[2026-02-07 20:51:10] ERROR in postgre_db: Команда: INSERT INTO sections (section, coach, day_id, time_id, on_even_numbers, location, is_parsing) VALUES ('Бильярд', 'Рекин Владимир Захарович', 3, 6, 0, 'Вяземский', True)
Ошибка при получении данных: повторяющееся значение ключа нарушает ограничение уникальности "sections_section_coach_day_id_time_id_on_even_numbers_key"
DETAIL:  Ключ "(section, coach, day_id, time_id, on_even_numbers)=(Бильярд, Рекин Владимир Захарович, 3, 6, 0)" уже существует.
[2026-02-07 20:51:10] ERROR in postgre_db: Команда: INSERT INTO sections (section, coach, day_id, time_id, on_even_numbers, location, is_parsing) VALUES ('Спортивный туризм (северная ходьба)', 'Нысамбаева Фарида Жупаровна', 3, 6, 0, 'Вяземский', True)
Ошибка при получении данных: повторяющееся значение ключа нарушает ограничение уникальности "sections_section_coach_day_id_time_id_on_even_numbers_key"
DETAIL:  Ключ "(section, coach, day_id, time_id, on_even_numbers)=(Спортивный туризм (северная ходьба), Нысамбаева Фарида Жупаровна, 3, 6, 0)" уже существует.
[2026-02-07 20:51:11] ERROR in postgre_db: Команда: INSERT INTO sections (section, coach, day_id, time_id, on_even_numbers, location, is_parsing) VALUES ('Спортивный туризм (северная ходьба)', 'Федотова Анна Александровна', 4, 6, 0, 'Вяземский', True)
Ошибка при получении данных: повторяющееся значение ключа нарушает ограничение уникальности "sections_section_coach_day_id_time_id_on_even_numbers_key"
DETAIL:  Ключ "(section, coach, day_id, time_id, on_even_numbers)=(Спортивный туризм (северная ходьба), Федотова Анна Александровна, 4, 6, 0)" уже существует.
[2026-02-07 20:51:11] ERROR in postgre_db: Команда: INSERT INTO sections (section, coach, day_id, time_id, on_even_numbers, location, is_parsing) VALUES ('Спортивный туризм (северная ходьба)', 'Федотова Анна Александровна', 4, 6, 0, 'Вяземский', True)
Ошибка при получении данных: повторяющееся значение ключа нарушает ограничение уникальности "sections_section_coach_day_id_time_id_on_even_numbers_key"
DETAIL:  Ключ "(section, coach, day_id, time_id, on_even_numbers)=(Спортивный туризм (северная ходьба), Федотова Анна Александровна, 4, 6, 0)" уже существует.
[2026-02-07 20:51:11] ERROR in postgre_db: Команда: INSERT INTO sections (section, coach, day_id, time_id, on_even_numbers, location, is_parsing) VALUES ('Спортивный туризм', 'Хисамова Гузель Ильдаровна', 4, 6, 0, 'Вяземский', True)
Ошибка при получении данных: повторяющееся значение ключа нарушает ограничение уникальности "sections_section_coach_day_id_time_id_on_even_numbers_key"
DETAIL:  Ключ "(section, coach, day_id, time_id, on_even_numbers)=(Спортивный туризм, Хисамова Гузель Ильдаровна, 4, 6, 0)" уже существует.
[2026-02-07 20:51:11] ERROR in postgre_db: Команда: INSERT INTO sections (section, coach, day_id, time_id, on_even_numbers, location, is_parsing) VALUES ('Шашки', 'Рекин Владимир Захарович', 4, 6, 0, 'Вяземский', True)
Ошибка при получении данных: повторяющееся значение ключа нарушает ограничение уникальности "sections_section_coach_day_id_time_id_on_even_numbers_key"
DETAIL:  Ключ "(section, coach, day_id, time_id, on_even_numbers)=(Шашки, Рекин Владимир Захарович, 4, 6, 0)" уже существует.
[2026-02-07 20:51:12] ERROR in postgre_db: Команда: INSERT INTO sections (section, coach, day_id, time_id, on_even_numbers, location, is_parsing) VALUES ('Бильярд (пул)', 'Бушманова Маргарита Михайловна', 6, 6, 0, 'Вяземский', True)
Ошибка при получении данных: повторяющееся значение ключа нарушает ограничение уникальности "sections_section_coach_day_id_time_id_on_even_numbers_key"
DETAIL:  Ключ "(section, coach, day_id, time_id, on_even_numbers)=(Бильярд (пул), Бушманова Маргарита Михайловна, 6, 6, 0)" уже существует.
[2026-02-07 20:51:12] ERROR in postgre_db: Команда: INSERT INTO sections (section, coach, day_id, time_id, on_even_numbers, location, is_parsing) VALUES ('Бильярд (русский)', 'Лебедько Артем Александрович', 6, 6, 0, 'Вяземский', True)
Ошибка при получении данных: повторяющееся значение ключа нарушает ограничение уникальности "sections_section_coach_day_id_time_id_on_even_numbers_key"
DETAIL:  Ключ "(section, coach, day_id, time_id, on_even_numbers)=(Бильярд (русский), Лебедько Артем Александрович, 6, 6, 0)" уже существует.
[2026-02-07 20:51:12] ERROR in postgre_db: Команда: INSERT INTO sections (section, coach, day_id, time_id, on_even_numbers, location, is_parsing) VALUES ('Шашки', 'Рекин Владимир Захарович', 1, 7, 0, 'Вяземский', True)
Ошибка при получении данных: повторяющееся значение ключа нарушает ограничение уникальности "sections_section_coach_day_id_time_id_on_even_numbers_key"
DETAIL:  Ключ "(section, coach, day_id, time_id, on_even_numbers)=(Шашки, Рекин Владимир Захарович, 1, 7, 0)" уже существует.
[2026-02-07 20:51:13] ERROR in postgre_db: Команда: INSERT INTO sections (section, coach, day_id, time_id, on_even_numbers, location, is_parsing) VALUES ('Спортивный туризм', 'Хисамова Гузель Ильдаровна', 2, 7, 0, 'Вяземский', True)
Ошибка при получении данных: повторяющееся значение ключа нарушает ограничение уникальности "sections_section_coach_day_id_time_id_on_even_numbers_key"
DETAIL:  Ключ "(section, coach, day_id, time_id, on_even_numbers)=(Спортивный туризм, Хисамова Гузель Ильдаровна, 2, 7, 0)" уже существует.
[2026-02-07 20:51:13] ERROR in postgre_db: Команда: INSERT INTO sections (section, coach, day_id, time_id, on_even_numbers, location, is_parsing) VALUES ('Го', 'Науменко Павел Александрович', 3, 7, 0, 'Вяземский', True)
Ошибка при получении данных: повторяющееся значение ключа нарушает ограничение уникальности "sections_section_coach_day_id_time_id_on_even_numbers_key"
DETAIL:  Ключ "(section, coach, day_id, time_id, on_even_numbers)=(Го, Науменко Павел Александрович, 3, 7, 0)" уже существует.
[2026-02-07 20:51:14] ERROR in postgre_db: Команда: INSERT INTO sections (section, coach, day_id, time_id, on_even_numbers, location, is_parsing) VALUES ('Шашки', 'Рекин Владимир Захарович', 4, 7, 0, 'Вяземский', True)
Ошибка при получении данных: повторяющееся значение ключа нарушает ограничение уникальности "sections_section_coach_day_id_time_id_on_even_numbers_key"
DETAIL:  Ключ "(section, coach, day_id, time_id, on_even_numbers)=(Шашки, Рекин Владимир Захарович, 4, 7, 0)" уже существует.
[2026-02-07 20:51:14] ERROR in postgre_db: Команда: INSERT INTO sections (section, coach, day_id, time_id, on_even_numbers, location, is_parsing) VALUES ('Флорбол', 'Дорогинский Станислав Вячеславович', 4, 7, 0, 'Вяземский', True)
Ошибка при получении данных: повторяющееся значение ключа нарушает ограничение уникальности "sections_section_coach_day_id_time_id_on_even_numbers_key"
DETAIL:  Ключ "(section, coach, day_id, time_id, on_even_numbers)=(Флорбол, Дорогинский Станислав Вячеславович, 4, 7, 0)" уже существует.
[2026-02-07 20:51:15] ERROR in postgre_db: Команда: INSERT INTO sections (section, coach, day_id, time_id, on_even_numbers, location, is_parsing) VALUES ('Дартс', 'Лютый Никита Артёмович', 5, 7, 0, 'Вяземский', True)
Ошибка при получении данных: повторяющееся значение ключа нарушает ограничение уникальности "sections_section_coach_day_id_time_id_on_even_numbers_key"
DETAIL:  Ключ "(section, coach, day_id, time_id, on_even_numbers)=(Дартс, Лютый Никита Артёмович, 5, 7, 0)" уже существует.
[2026-02-07 20:51:15] ERROR in postgre_db: Команда: INSERT INTO sections (section, coach, day_id, time_id, on_even_numbers, location, is_parsing) VALUES ('Бильярд (пул)', 'Бараканов Жаргал Мырзабекович', 6, 7, 0, 'Вяземский', True)
Ошибка при получении данных: повторяющееся значение ключа нарушает ограничение уникальности "sections_section_coach_day_id_time_id_on_even_numbers_key"
DETAIL:  Ключ "(section, coach, day_id, time_id, on_even_numbers)=(Бильярд (пул), Бараканов Жаргал Мырзабекович, 6, 7, 0)" уже существует.
[2026-02-07 20:51:21] ERROR in postgre_db: Команда: INSERT INTO sections (section, coach, day_id, time_id, on_even_numbers, location, is_parsing) VALUES ('Современный мечевой бой', 'Голоскок Дмитрий Сергеевич', 4, 2, 0, 'Другие', True)
Ошибка при получении данных: повторяющееся значение ключа нарушает ограничение уникальности "sections_section_coach_day_id_time_id_on_even_numbers_key"
DETAIL:  Ключ "(section, coach, day_id, time_id, on_even_numbers)=(Современный мечевой бой, Голоскок Дмитрий Сергеевич, 4, 2, 0)" уже существует.
[2026-02-07 20:51:21] ERROR in postgre_db: Команда: INSERT INTO sections (section, coach, day_id, time_id, on_even_numbers, location, is_parsing) VALUES ('Спортивный туризм', 'Хисамова Гузель Ильдаровна', 4, 2, 0, 'Другие', True)
Ошибка при получении данных: повторяющееся значение ключа нарушает ограничение уникальности "sections_section_coach_day_id_time_id_on_even_numbers_key"
DETAIL:  Ключ "(section, coach, day_id, time_id, on_even_numbers)=(Спортивный туризм, Хисамова Гузель Ильдаровна, 4, 2, 0)" уже существует.
[2026-02-07 20:51:21] ERROR in postgre_db: Команда: INSERT INTO sections (section, coach, day_id, time_id, on_even_numbers, location, is_parsing) VALUES ('Спортивный туризм', 'Хисамова Гузель Ильдаровна', 4, 2, 0, 'Другие', True)
Ошибка при получении данных: повторяющееся значение ключа нарушает ограничение уникальности "sections_section_coach_day_id_time_id_on_even_numbers_key"
DETAIL:  Ключ "(section, coach, day_id, time_id, on_even_numbers)=(Спортивный туризм, Хисамова Гузель Ильдаровна, 4, 2, 0)" уже существует.
[2026-02-07 20:51:25] ERROR in postgre_db: Команда: INSERT INTO sections (section, coach, day_id, time_id, on_even_numbers, location, is_parsing) VALUES ('Легкая атлетика', 'Баландин Сергей Игоревич', 3, 7, 0, 'Другие', True)
Ошибка при получении данных: повторяющееся значение ключа нарушает ограничение уникальности "sections_section_coach_day_id_time_id_on_even_numbers_key"
DETAIL:  Ключ "(section, coach, day_id, time_id, on_even_numbers)=(Легкая атлетика, Баландин Сергей Игоревич, 3, 7, 0)" уже существует.
[2026-02-07 20:51:25] ERROR in postgre_db: Команда: INSERT INTO sections (section, coach, day_id, time_id, on_even_numbers, location, is_parsing) VALUES ('Современный мечевой бой', 'Голоскок Дмитрий Сергеевич', 5, 7, 0, 'Другие', True)
Ошибка при получении данных: повторяющееся значение ключа нарушает ограничение уникальности "sections_section_coach_day_id_time_id_on_even_numbers_key"
DETAIL:  Ключ "(section, coach, day_id, time_id, on_even_numbers)=(Современный мечевой бой, Голоскок Дмитрий Сергеевич, 5, 7, 0)" уже существует.
[2026-02-07 20:51:26] ERROR in postgre_db: Команда: INSERT INTO sections (section, coach, day_id, time_id, on_even_numbers, location, is_parsing) VALUES ('Современный мечевой бой', 'Голоскок Дмитрий Сергеевич', 5, 7, 0, 'Другие', True)
Ошибка при получении данных: повторяющееся значение ключа нарушает ограничение уникальности "sections_section_coach_day_id_time_id_on_even_numbers_key"
DETAIL:  Ключ "(section, coach, day_id, time_id, on_even_numbers)=(Современный мечевой бой, Голоскок Дмитрий Сергеевич, 5, 7, 0)" уже существует.
[2026-02-07 20:51:28] INFO in dispatcher: Update id=219030103 is handled. Duration 93711 ms by bot id=7616289372
[2026-02-07 20:51:45] INFO in dispatcher: Update id=219030104 is handled. Duration 461 ms by bot id=7616289372
[2026-02-07 20:51:47] INFO in dispatcher: Update id=219030105 is handled. Duration 91 ms by bot id=7616289372
[2026-02-07 20:51:48] INFO in dispatcher: Update id=219030106 is handled. Duration 71 ms by bot id=7616289372
[2026-02-07 20:51:50] INFO in dispatcher: Update id=219030107 is handled. Duration 59 ms by bot id=7616289372
[2026-02-07 20:51:50] INFO in dispatcher: Update id=219030108 is handled. Duration 172 ms by bot id=7616289372
[2026-02-07 20:51:52] INFO in dispatcher: Update id=219030109 is handled. Duration 78 ms by bot id=7616289372
[2026-02-07 20:51:52] INFO in dispatcher: Update id=219030110 is handled. Duration 111 ms by bot id=7616289372
[2026-02-07 20:51:53] INFO in dispatcher: Update id=219030111 is handled. Duration 64 ms by bot id=7616289372
[2026-02-07 20:51:54] INFO in dispatcher: Update id=219030112 is handled. Duration 110 ms by bot id=7616289372
[2026-02-07 20:51:55] INFO in dispatcher: Update id=219030113 is handled. Duration 75 ms by bot id=7616289372
[2026-02-07 20:52:01] INFO in dispatcher: Update id=219030114 is handled. Duration 115 ms by bot id=7616289372
[2026-02-07 20:52:02] INFO in dispatcher: Update id=219030115 is handled. Duration 521 ms by bot id=7616289372
[2026-02-07 20:52:03] INFO in dispatcher: Update id=219030116 is handled. Duration 110 ms by bot id=7616289372
[2026-02-07 20:52:04] INFO in dispatcher: Update id=219030117 is handled. Duration 66 ms by bot id=7616289372
[2026-02-07 21:00:59] ERROR in dispatcher: Failed to fetch updates - TelegramNetworkError: HTTP Client says - Request timeout error
[2026-02-07 21:00:59] WARNING in dispatcher: Sleep for 1.000000 seconds and try again... (tryings = 0, bot id = 7616289372)
[2026-02-07 21:01:10] INFO in dispatcher: Connection established (tryings = 1, bot id = 7616289372)
[2026-02-07 21:04:09] INFO in dispatcher: Start polling
[2026-02-07 21:04:09] INFO in dispatcher: Run polling for bot @prot_xafda_bot id=7616289372 - 'prot_bot'
[2026-02-07 21:04:24] INFO in dispatcher: Update id=219030118 is not handled. Duration 8237 ms by bot id=7616289372
[2026-02-07 21:04:24] ERROR in dispatcher: Cause exception while process update id=219030118 by bot id=7616289372
AttributeError: 'coroutine' object has no attribute 'strip'
Traceback (most recent call last):
  File "C:\Users\arsry\AppData\Local\Programs\Python\Python313\Lib\site-packages\aiogram\dispatcher\dispatcher.py", line 309, in _process_update
    response = await self.feed_update(bot, update, **kwargs)
               ^^^^^^^^^^^^^^^^^^^^^^^^^^^^^^^^^^^^^^^^^^^^^
  File "C:\Users\arsry\AppData\Local\Programs\Python\Python313\Lib\site-packages\aiogram\dispatcher\dispatcher.py", line 158, in feed_update
    response = await self.update.wrap_outer_middleware(
               ^^^^^^^^^^^^^^^^^^^^^^^^^^^^^^^^^^^^^^^^
    ...<7 lines>...
    )
    ^
  File "C:\Users\arsry\AppData\Local\Programs\Python\Python313\Lib\site-packages\aiogram\dispatcher\middlewares\error.py", line 25, in __call__
    return await handler(event, data)
           ^^^^^^^^^^^^^^^^^^^^^^^^^^
  File "C:\Users\arsry\AppData\Local\Programs\Python\Python313\Lib\site-packages\aiogram\dispatcher\middlewares\user_context.py", line 56, in __call__
    return await handler(event, data)
           ^^^^^^^^^^^^^^^^^^^^^^^^^^
  File "C:\Users\arsry\AppData\Local\Programs\Python\Python313\Lib\site-packages\aiogram\fsm\middleware.py", line 42, in __call__
    return await handler(event, data)
           ^^^^^^^^^^^^^^^^^^^^^^^^^^
  File "C:\Users\arsry\AppData\Local\Programs\Python\Python313\Lib\site-packages\aiogram\dispatcher\event\telegram.py", line 121, in trigger
    return await wrapped_inner(event, kwargs)
           ^^^^^^^^^^^^^^^^^^^^^^^^^^^^^^^^^^
  File "C:\Users\arsry\AppData\Local\Programs\Python\Python313\Lib\site-packages\aiogram\dispatcher\event\handler.py", line 43, in call
    return await wrapped()
           ^^^^^^^^^^^^^^^
  File "C:\Users\arsry\AppData\Local\Programs\Python\Python313\Lib\site-packages\aiogram\dispatcher\dispatcher.py", line 276, in _listen_update
    return await self.propagate_event(update_type=update_type, event=event, **kwargs)
           ^^^^^^^^^^^^^^^^^^^^^^^^^^^^^^^^^^^^^^^^^^^^^^^^^^^^^^^^^^^^^^^^^^^^^^^^^^
  File "C:\Users\arsry\AppData\Local\Programs\Python\Python313\Lib\site-packages\aiogram\dispatcher\router.py", line 146, in propagate_event
    return await observer.wrap_outer_middleware(_wrapped, event=event, data=kwargs)
           ^^^^^^^^^^^^^^^^^^^^^^^^^^^^^^^^^^^^^^^^^^^^^^^^^^^^^^^^^^^^^^^^^^^^^^^^
  File "C:\Users\arsry\AppData\Local\Programs\Python\Python313\Lib\site-packages\aiogram\dispatcher\router.py", line 141, in _wrapped
    return await self._propagate_event(
           ^^^^^^^^^^^^^^^^^^^^^^^^^^^^
        observer=observer, update_type=update_type, event=telegram_event, **data
        ^^^^^^^^^^^^^^^^^^^^^^^^^^^^^^^^^^^^^^^^^^^^^^^^^^^^^^^^^^^^^^^^^^^^^^^^
    )
    ^
  File "C:\Users\arsry\AppData\Local\Programs\Python\Python313\Lib\site-packages\aiogram\dispatcher\router.py", line 174, in _propagate_event
    response = await router.propagate_event(update_type=update_type, event=event, **kwargs)
               ^^^^^^^^^^^^^^^^^^^^^^^^^^^^^^^^^^^^^^^^^^^^^^^^^^^^^^^^^^^^^^^^^^^^^^^^^^^^
  File "C:\Users\arsry\AppData\Local\Programs\Python\Python313\Lib\site-packages\aiogram\dispatcher\router.py", line 146, in propagate_event
    return await observer.wrap_outer_middleware(_wrapped, event=event, data=kwargs)
           ^^^^^^^^^^^^^^^^^^^^^^^^^^^^^^^^^^^^^^^^^^^^^^^^^^^^^^^^^^^^^^^^^^^^^^^^
  File "C:\Users\arsry\AppData\Local\Programs\Python\Python313\Lib\site-packages\aiogram\dispatcher\router.py", line 141, in _wrapped
    return await self._propagate_event(
           ^^^^^^^^^^^^^^^^^^^^^^^^^^^^
        observer=observer, update_type=update_type, event=telegram_event, **data
        ^^^^^^^^^^^^^^^^^^^^^^^^^^^^^^^^^^^^^^^^^^^^^^^^^^^^^^^^^^^^^^^^^^^^^^^^
    )
    ^
  File "C:\Users\arsry\AppData\Local\Programs\Python\Python313\Lib\site-packages\aiogram\dispatcher\router.py", line 166, in _propagate_event
    response = await observer.trigger(event, **kwargs)
               ^^^^^^^^^^^^^^^^^^^^^^^^^^^^^^^^^^^^^^^
  File "C:\Users\arsry\AppData\Local\Programs\Python\Python313\Lib\site-packages\aiogram\dispatcher\event\telegram.py", line 121, in trigger
    return await wrapped_inner(event, kwargs)
           ^^^^^^^^^^^^^^^^^^^^^^^^^^^^^^^^^^
  File "C:\Users\arsry\Desktop\запись на секции\tg_bot\middlewares\throttling.py", line 64, in __call__
    return await handler(message, data)
           ^^^^^^^^^^^^^^^^^^^^^^^^^^^^
  File "C:\Users\arsry\AppData\Local\Programs\Python\Python313\Lib\site-packages\aiogram\dispatcher\event\handler.py", line 43, in call
    return await wrapped()
           ^^^^^^^^^^^^^^^
  File "C:\Users\arsry\Desktop\запись на секции\tg_bot\routers\admin.py", line 48, in admin_command_help
    if await parcing_section(email, password):
       ^^^^^^^^^^^^^^^^^^^^^^^^^^^^^^^^^^^^^^
  File "C:\Users\arsry\Desktop\запись на секции\tg_bot\record\record.py", line 158, in parcing_section
    name_sports_section = await name_element.inner_text().strip() if name_element else ""
                                ^^^^^^^^^^^^^^^^^^^^^^^^^^^^^^^
AttributeError: 'coroutine' object has no attribute 'strip'
[2026-02-07 21:05:16] INFO in dispatcher: Start polling
[2026-02-07 21:05:16] INFO in dispatcher: Run polling for bot @prot_xafda_bot id=7616289372 - 'prot_bot'
[2026-02-07 21:05:28] INFO in dispatcher: Update id=219030119 is not handled. Duration 7862 ms by bot id=7616289372
[2026-02-07 21:05:28] ERROR in dispatcher: Cause exception while process update id=219030119 by bot id=7616289372
AttributeError: 'coroutine' object has no attribute 'strip'
Traceback (most recent call last):
  File "C:\Users\arsry\AppData\Local\Programs\Python\Python313\Lib\site-packages\aiogram\dispatcher\dispatcher.py", line 309, in _process_update
    response = await self.feed_update(bot, update, **kwargs)
               ^^^^^^^^^^^^^^^^^^^^^^^^^^^^^^^^^^^^^^^^^^^^^
  File "C:\Users\arsry\AppData\Local\Programs\Python\Python313\Lib\site-packages\aiogram\dispatcher\dispatcher.py", line 158, in feed_update
    response = await self.update.wrap_outer_middleware(
               ^^^^^^^^^^^^^^^^^^^^^^^^^^^^^^^^^^^^^^^^
    ...<7 lines>...
    )
    ^
  File "C:\Users\arsry\AppData\Local\Programs\Python\Python313\Lib\site-packages\aiogram\dispatcher\middlewares\error.py", line 25, in __call__
    return await handler(event, data)
           ^^^^^^^^^^^^^^^^^^^^^^^^^^
  File "C:\Users\arsry\AppData\Local\Programs\Python\Python313\Lib\site-packages\aiogram\dispatcher\middlewares\user_context.py", line 56, in __call__
    return await handler(event, data)
           ^^^^^^^^^^^^^^^^^^^^^^^^^^
  File "C:\Users\arsry\AppData\Local\Programs\Python\Python313\Lib\site-packages\aiogram\fsm\middleware.py", line 42, in __call__
    return await handler(event, data)
           ^^^^^^^^^^^^^^^^^^^^^^^^^^
  File "C:\Users\arsry\AppData\Local\Programs\Python\Python313\Lib\site-packages\aiogram\dispatcher\event\telegram.py", line 121, in trigger
    return await wrapped_inner(event, kwargs)
           ^^^^^^^^^^^^^^^^^^^^^^^^^^^^^^^^^^
  File "C:\Users\arsry\AppData\Local\Programs\Python\Python313\Lib\site-packages\aiogram\dispatcher\event\handler.py", line 43, in call
    return await wrapped()
           ^^^^^^^^^^^^^^^
  File "C:\Users\arsry\AppData\Local\Programs\Python\Python313\Lib\site-packages\aiogram\dispatcher\dispatcher.py", line 276, in _listen_update
    return await self.propagate_event(update_type=update_type, event=event, **kwargs)
           ^^^^^^^^^^^^^^^^^^^^^^^^^^^^^^^^^^^^^^^^^^^^^^^^^^^^^^^^^^^^^^^^^^^^^^^^^^
  File "C:\Users\arsry\AppData\Local\Programs\Python\Python313\Lib\site-packages\aiogram\dispatcher\router.py", line 146, in propagate_event
    return await observer.wrap_outer_middleware(_wrapped, event=event, data=kwargs)
           ^^^^^^^^^^^^^^^^^^^^^^^^^^^^^^^^^^^^^^^^^^^^^^^^^^^^^^^^^^^^^^^^^^^^^^^^
  File "C:\Users\arsry\AppData\Local\Programs\Python\Python313\Lib\site-packages\aiogram\dispatcher\router.py", line 141, in _wrapped
    return await self._propagate_event(
           ^^^^^^^^^^^^^^^^^^^^^^^^^^^^
        observer=observer, update_type=update_type, event=telegram_event, **data
        ^^^^^^^^^^^^^^^^^^^^^^^^^^^^^^^^^^^^^^^^^^^^^^^^^^^^^^^^^^^^^^^^^^^^^^^^
    )
    ^
  File "C:\Users\arsry\AppData\Local\Programs\Python\Python313\Lib\site-packages\aiogram\dispatcher\router.py", line 174, in _propagate_event
    response = await router.propagate_event(update_type=update_type, event=event, **kwargs)
               ^^^^^^^^^^^^^^^^^^^^^^^^^^^^^^^^^^^^^^^^^^^^^^^^^^^^^^^^^^^^^^^^^^^^^^^^^^^^
  File "C:\Users\arsry\AppData\Local\Programs\Python\Python313\Lib\site-packages\aiogram\dispatcher\router.py", line 146, in propagate_event
    return await observer.wrap_outer_middleware(_wrapped, event=event, data=kwargs)
           ^^^^^^^^^^^^^^^^^^^^^^^^^^^^^^^^^^^^^^^^^^^^^^^^^^^^^^^^^^^^^^^^^^^^^^^^
  File "C:\Users\arsry\AppData\Local\Programs\Python\Python313\Lib\site-packages\aiogram\dispatcher\router.py", line 141, in _wrapped
    return await self._propagate_event(
           ^^^^^^^^^^^^^^^^^^^^^^^^^^^^
        observer=observer, update_type=update_type, event=telegram_event, **data
        ^^^^^^^^^^^^^^^^^^^^^^^^^^^^^^^^^^^^^^^^^^^^^^^^^^^^^^^^^^^^^^^^^^^^^^^^
    )
    ^
  File "C:\Users\arsry\AppData\Local\Programs\Python\Python313\Lib\site-packages\aiogram\dispatcher\router.py", line 166, in _propagate_event
    response = await observer.trigger(event, **kwargs)
               ^^^^^^^^^^^^^^^^^^^^^^^^^^^^^^^^^^^^^^^
  File "C:\Users\arsry\AppData\Local\Programs\Python\Python313\Lib\site-packages\aiogram\dispatcher\event\telegram.py", line 121, in trigger
    return await wrapped_inner(event, kwargs)
           ^^^^^^^^^^^^^^^^^^^^^^^^^^^^^^^^^^
  File "C:\Users\arsry\Desktop\запись на секции\tg_bot\middlewares\throttling.py", line 64, in __call__
    return await handler(message, data)
           ^^^^^^^^^^^^^^^^^^^^^^^^^^^^
  File "C:\Users\arsry\AppData\Local\Programs\Python\Python313\Lib\site-packages\aiogram\dispatcher\event\handler.py", line 43, in call
    return await wrapped()
           ^^^^^^^^^^^^^^^
  File "C:\Users\arsry\Desktop\запись на секции\tg_bot\routers\admin.py", line 48, in admin_command_help
    if await parcing_section(email, password):
       ^^^^^^^^^^^^^^^^^^^^^^^^^^^^^^^^^^^^^^
  File "C:\Users\arsry\Desktop\запись на секции\tg_bot\record\record.py", line 163, in parcing_section
    coach = await coach_element.inner_text().strip() if coach_element else ""
                  ^^^^^^^^^^^^^^^^^^^^^^^^^^^^^^^^
AttributeError: 'coroutine' object has no attribute 'strip'
[2026-02-07 21:05:55] INFO in dispatcher: Start polling
[2026-02-07 21:05:56] INFO in dispatcher: Run polling for bot @prot_xafda_bot id=7616289372 - 'prot_bot'
[2026-02-07 21:06:13] ERROR in postgre_db: Команда: INSERT INTO sections (section, coach, day_id, time_id, location, is_parsing) VALUES ('Спортивное программирование', 'Первеев Михаил Валерьевич', 1, 2, 'онлайн', True)
Ошибка при получении данных: значение NULL в столбце "on_even_numbers" отношения "sections" нарушает ограничение NOT NULL
DETAIL:  Ошибочная строка содержит (700, Спортивное программирование, Первеев Михаил Валерьевич, 1, 2, null, онлайн, t).
[2026-02-07 21:06:13] ERROR in postgre_db: Команда: INSERT INTO sections (section, coach, day_id, time_id, location, is_parsing) VALUES ('Киберспорт', 'Ложкин Максим Васильевич', 1, 4, 'онлайн', True)
Ошибка при получении данных: значение NULL в столбце "on_even_numbers" отношения "sections" нарушает ограничение NOT NULL
DETAIL:  Ошибочная строка содержит (701, Киберспорт, Ложкин Максим Васильевич, 1, 4, null, онлайн, t).
[2026-02-07 21:06:13] ERROR in postgre_db: Команда: INSERT INTO sections (section, coach, day_id, time_id, location, is_parsing) VALUES ('Tekken', 'Ложкин Максим Васильевич', 1, 4, 'онлайн', True)
Ошибка при получении данных: значение NULL в столбце "on_even_numbers" отношения "sections" нарушает ограничение NOT NULL
DETAIL:  Ошибочная строка содержит (702, Tekken, Ложкин Максим Васильевич, 1, 4, null, онлайн, t).
[2026-02-07 21:06:13] ERROR in postgre_db: Команда: INSERT INTO sections (section, coach, day_id, time_id, location, is_parsing) VALUES ('Киберспорт', 'Ложкин Максим Васильевич', 1, 5, 'онлайн', True)
Ошибка при получении данных: значение NULL в столбце "on_even_numbers" отношения "sections" нарушает ограничение NOT NULL
DETAIL:  Ошибочная строка содержит (703, Киберспорт, Ложкин Максим Васильевич, 1, 5, null, онлайн, t).
[2026-02-07 21:06:13] ERROR in postgre_db: Команда: INSERT INTO sections (section, coach, day_id, time_id, location, is_parsing) VALUES ('Го', 'Науменко Павел Александрович', 1, 6, 'онлайн', True)
Ошибка при получении данных: значение NULL в столбце "on_even_numbers" отношения "sections" нарушает ограничение NOT NULL
DETAIL:  Ошибочная строка содержит (704, Го, Науменко Павел Александрович, 1, 6, null, онлайн, t).
[2026-02-07 21:06:14] ERROR in postgre_db: Команда: INSERT INTO sections (section, coach, day_id, time_id, location, is_parsing) VALUES ('Hearthstone', 'Ложкин Максим Васильевич', 2, 6, 'онлайн', True)
Ошибка при получении данных: значение NULL в столбце "on_even_numbers" отношения "sections" нарушает ограничение NOT NULL
DETAIL:  Ошибочная строка содержит (705, Hearthstone, Ложкин Максим Васильевич, 2, 6, null, онлайн, t).
[2026-02-07 21:06:14] ERROR in postgre_db: Команда: INSERT INTO sections (section, coach, day_id, time_id, location, is_parsing) VALUES ('Мир танков', 'Ложкин Максим Васильевич', 3, 6, 'онлайн', True)
Ошибка при получении данных: значение NULL в столбце "on_even_numbers" отношения "sections" нарушает ограничение NOT NULL
DETAIL:  Ошибочная строка содержит (706, Мир танков, Ложкин Максим Васильевич, 3, 6, null, онлайн, t).
[2026-02-07 21:06:14] ERROR in postgre_db: Команда: INSERT INTO sections (section, coach, day_id, time_id, location, is_parsing) VALUES ('Dota 2', 'Ложкин Максим Васильевич', 3, 6, 'онлайн', True)
Ошибка при получении данных: значение NULL в столбце "on_even_numbers" отношения "sections" нарушает ограничение NOT NULL
DETAIL:  Ошибочная строка содержит (707, Dota 2, Ложкин Максим Васильевич, 3, 6, null, онлайн, t).
[2026-02-07 21:06:14] ERROR in postgre_db: Команда: INSERT INTO sections (section, coach, day_id, time_id, location, is_parsing) VALUES ('Го', 'Науменко Павел Александрович', 1, 7, 'онлайн', True)
Ошибка при получении данных: значение NULL в столбце "on_even_numbers" отношения "sections" нарушает ограничение NOT NULL
DETAIL:  Ошибочная строка содержит (708, Го, Науменко Павел Александрович, 1, 7, null, онлайн, t).
[2026-02-07 21:06:14] ERROR in postgre_db: Команда: INSERT INTO sections (section, coach, day_id, time_id, location, is_parsing) VALUES ('Шахматы', 'Журба Ярослав Сергеевич', 1, 7, 'онлайн', True)
Ошибка при получении данных: значение NULL в столбце "on_even_numbers" отношения "sections" нарушает ограничение NOT NULL
DETAIL:  Ошибочная строка содержит (709, Шахматы, Журба Ярослав Сергеевич, 1, 7, null, онлайн, t).
[2026-02-07 21:06:14] ERROR in postgre_db: Команда: INSERT INTO sections (section, coach, day_id, time_id, location, is_parsing) VALUES ('Киберспорт', 'Ложкин Максим Васильевич', 1, 7, 'онлайн', True)
Ошибка при получении данных: значение NULL в столбце "on_even_numbers" отношения "sections" нарушает ограничение NOT NULL
DETAIL:  Ошибочная строка содержит (710, Киберспорт, Ложкин Максим Васильевич, 1, 7, null, онлайн, t).
[2026-02-07 21:06:14] ERROR in postgre_db: Команда: INSERT INTO sections (section, coach, day_id, time_id, location, is_parsing) VALUES ('Шахматы', 'Журба Ярослав Сергеевич', 2, 7, 'онлайн', True)
Ошибка при получении данных: значение NULL в столбце "on_even_numbers" отношения "sections" нарушает ограничение NOT NULL
DETAIL:  Ошибочная строка содержит (711, Шахматы, Журба Ярослав Сергеевич, 2, 7, null, онлайн, t).
[2026-02-07 21:06:14] ERROR in postgre_db: Команда: INSERT INTO sections (section, coach, day_id, time_id, location, is_parsing) VALUES ('Шахматы', 'Журба Ярослав Сергеевич', 3, 7, 'онлайн', True)
Ошибка при получении данных: значение NULL в столбце "on_even_numbers" отношения "sections" нарушает ограничение NOT NULL
DETAIL:  Ошибочная строка содержит (712, Шахматы, Журба Ярослав Сергеевич, 3, 7, null, онлайн, t).
[2026-02-07 21:06:15] ERROR in postgre_db: Команда: INSERT INTO sections (section, coach, day_id, time_id, location, is_parsing) VALUES ('Valorant', 'Ложкин Максим Васильевич', 3, 7, 'онлайн', True)
Ошибка при получении данных: значение NULL в столбце "on_even_numbers" отношения "sections" нарушает ограничение NOT NULL
DETAIL:  Ошибочная строка содержит (713, Valorant, Ложкин Максим Васильевич, 3, 7, null, онлайн, t).
[2026-02-07 21:06:15] ERROR in postgre_db: Команда: INSERT INTO sections (section, coach, day_id, time_id, location, is_parsing) VALUES ('Шахматы', 'Журба Ярослав Сергеевич', 4, 7, 'онлайн', True)
Ошибка при получении данных: значение NULL в столбце "on_even_numbers" отношения "sections" нарушает ограничение NOT NULL
DETAIL:  Ошибочная строка содержит (714, Шахматы, Журба Ярослав Сергеевич, 4, 7, null, онлайн, t).
[2026-02-07 21:06:15] ERROR in postgre_db: Команда: INSERT INTO sections (section, coach, day_id, time_id, location, is_parsing) VALUES ('Шахматы', 'Журба Ярослав Сергеевич', 5, 7, 'онлайн', True)
Ошибка при получении данных: значение NULL в столбце "on_even_numbers" отношения "sections" нарушает ограничение NOT NULL
DETAIL:  Ошибочная строка содержит (715, Шахматы, Журба Ярослав Сергеевич, 5, 7, null, онлайн, t).
[2026-02-07 21:06:15] ERROR in postgre_db: Команда: INSERT INTO sections (section, coach, day_id, time_id, location, is_parsing) VALUES ('Киберспорт', 'Ложкин Максим Васильевич', 5, 7, 'онлайн', True)
Ошибка при получении данных: значение NULL в столбце "on_even_numbers" отношения "sections" нарушает ограничение NOT NULL
DETAIL:  Ошибочная строка содержит (716, Киберспорт, Ложкин Максим Васильевич, 5, 7, null, онлайн, t).
[2026-02-07 21:06:15] ERROR in postgre_db: Команда: INSERT INTO sections (section, coach, day_id, time_id, location, is_parsing) VALUES ('MobileLegends', 'Ложкин Максим Васильевич', 6, 7, 'онлайн', True)
Ошибка при получении данных: значение NULL в столбце "on_even_numbers" отношения "sections" нарушает ограничение NOT NULL
DETAIL:  Ошибочная строка содержит (717, MobileLegends, Ложкин Максим Васильевич, 6, 7, null, онлайн, t).
[2026-02-07 21:06:15] ERROR in postgre_db: Команда: INSERT INTO sections (section, coach, day_id, time_id, location, is_parsing) VALUES ('Шахматы', 'Журба Ярослав Сергеевич', 6, 7, 'онлайн', True)
Ошибка при получении данных: значение NULL в столбце "on_even_numbers" отношения "sections" нарушает ограничение NOT NULL
DETAIL:  Ошибочная строка содержит (718, Шахматы, Журба Ярослав Сергеевич, 6, 7, null, онлайн, t).
[2026-02-07 21:06:15] ERROR in postgre_db: Команда: INSERT INTO sections (section, coach, day_id, time_id, location, is_parsing) VALUES ('Автомобильный спорт', 'Бурдасова Виктория Ивановна', 6, 7, 'онлайн', True)
Ошибка при получении данных: значение NULL в столбце "on_even_numbers" отношения "sections" нарушает ограничение NOT NULL
DETAIL:  Ошибочная строка содержит (719, Автомобильный спорт, Бурдасова Виктория Ивановна, 6, 7, null, онлайн, t).
[2026-02-07 21:06:15] ERROR in postgre_db: Команда: INSERT INTO sections (section, coach, day_id, time_id, location, is_parsing) VALUES ('League of Legends', 'Ложкин Максим Васильевич', 7, 7, 'онлайн', True)
Ошибка при получении данных: значение NULL в столбце "on_even_numbers" отношения "sections" нарушает ограничение NOT NULL
DETAIL:  Ошибочная строка содержит (720, League of Legends, Ложкин Максим Васильевич, 7, 7, null, онлайн, t).
[2026-02-07 21:06:16] ERROR in postgre_db: Команда: INSERT INTO sections (section, coach, day_id, time_id, location, is_parsing) VALUES ('CS2', 'Ложкин Максим Васильевич', 7, 7, 'онлайн', True)
Ошибка при получении данных: значение NULL в столбце "on_even_numbers" отношения "sections" нарушает ограничение NOT NULL
DETAIL:  Ошибочная строка содержит (721, CS2, Ложкин Максим Васильевич, 7, 7, null, онлайн, t).
[2026-02-07 21:06:16] ERROR in postgre_db: Команда: INSERT INTO sections (section, coach, day_id, time_id, location, is_parsing) VALUES ('StarCraft II', 'Ложкин Максим Васильевич', 7, 7, 'онлайн', True)
Ошибка при получении данных: значение NULL в столбце "on_even_numbers" отношения "sections" нарушает ограничение NOT NULL
DETAIL:  Ошибочная строка содержит (722, StarCraft II, Ложкин Максим Васильевич, 7, 7, null, онлайн, t).
[2026-02-07 21:06:16] ERROR in postgre_db: Команда: INSERT INTO sections (section, coach, day_id, time_id, location, is_parsing) VALUES ('Valorant', 'Ложкин Максим Васильевич', 7, 7, 'онлайн', True)
Ошибка при получении данных: значение NULL в столбце "on_even_numbers" отношения "sections" нарушает ограничение NOT NULL
DETAIL:  Ошибочная строка содержит (723, Valorant, Ложкин Максим Васильевич, 7, 7, null, онлайн, t).
[2026-02-07 21:06:17] ERROR in postgre_db: Команда: INSERT INTO sections (section, coach, day_id, time_id, location, is_parsing) VALUES ('Йога', 'Иванов Алексей Анатольевич', 1, 1, 'Ломо', True)
Ошибка при получении данных: значение NULL в столбце "on_even_numbers" отношения "sections" нарушает ограничение NOT NULL
DETAIL:  Ошибочная строка содержит (724, Йога, Иванов Алексей Анатольевич, 1, 1, null, Ломо, t).
[2026-02-07 21:06:17] ERROR in postgre_db: Команда: INSERT INTO sections (section, coach, day_id, time_id, location, is_parsing) VALUES ('Фитнес (кроссфит)', 'Каменьщиков Павел Валерьевич', 1, 1, 'Ломо', True)
Ошибка при получении данных: значение NULL в столбце "on_even_numbers" отношения "sections" нарушает ограничение NOT NULL
DETAIL:  Ошибочная строка содержит (725, Фитнес (кроссфит), Каменьщиков Павел Валерьевич, 1, 1, null, Ломо, t).
[2026-02-07 21:06:17] ERROR in postgre_db: Команда: INSERT INTO sections (section, coach, day_id, time_id, location, is_parsing) VALUES ('Фитнес (кроссфит)', 'Каменьщиков Павел Валерьевич', 1, 1, 'Ломо', True)
Ошибка при получении данных: значение NULL в столбце "on_even_numbers" отношения "sections" нарушает ограничение NOT NULL
DETAIL:  Ошибочная строка содержит (726, Фитнес (кроссфит), Каменьщиков Павел Валерьевич, 1, 1, null, Ломо, t).
[2026-02-07 21:06:18] ERROR in postgre_db: Команда: INSERT INTO sections (section, coach, day_id, time_id, location, is_parsing) VALUES ('Бадминтон', 'Королева Екатерина Александровна', 1, 1, 'Ломо', True)
Ошибка при получении данных: значение NULL в столбце "on_even_numbers" отношения "sections" нарушает ограничение NOT NULL
DETAIL:  Ошибочная строка содержит (727, Бадминтон, Королева Екатерина Александровна, 1, 1, null, Ломо, t).
[2026-02-07 21:06:18] ERROR in postgre_db: Команда: INSERT INTO sections (section, coach, day_id, time_id, location, is_parsing) VALUES ('Бадминтон', 'Королева Екатерина Александровна', 1, 1, 'Ломо', True)
Ошибка при получении данных: значение NULL в столбце "on_even_numbers" отношения "sections" нарушает ограничение NOT NULL
DETAIL:  Ошибочная строка содержит (728, Бадминтон, Королева Екатерина Александровна, 1, 1, null, Ломо, t).
[2026-02-07 21:06:18] ERROR in postgre_db: Команда: INSERT INTO sections (section, coach, day_id, time_id, location, is_parsing) VALUES ('Йога', 'Иванов Алексей Анатольевич', 1, 1, 'Ломо', True)
Ошибка при получении данных: значение NULL в столбце "on_even_numbers" отношения "sections" нарушает ограничение NOT NULL
DETAIL:  Ошибочная строка содержит (729, Йога, Иванов Алексей Анатольевич, 1, 1, null, Ломо, t).
[2026-02-07 21:06:18] ERROR in postgre_db: Команда: INSERT INTO sections (section, coach, day_id, time_id, location, is_parsing) VALUES ('Волейбол', 'Трифонов Владислав Олегович', 2, 1, 'Ломо', True)
Ошибка при получении данных: значение NULL в столбце "on_even_numbers" отношения "sections" нарушает ограничение NOT NULL
DETAIL:  Ошибочная строка содержит (730, Волейбол, Трифонов Владислав Олегович, 2, 1, null, Ломо, t).
[2026-02-07 21:06:18] ERROR in postgre_db: Команда: INSERT INTO sections (section, coach, day_id, time_id, location, is_parsing) VALUES ('Фитнес (стретчинг)', 'Каменьщиков Павел Валерьевич', 2, 1, 'Ломо', True)
Ошибка при получении данных: значение NULL в столбце "on_even_numbers" отношения "sections" нарушает ограничение NOT NULL
DETAIL:  Ошибочная строка содержит (731, Фитнес (стретчинг), Каменьщиков Павел Валерьевич, 2, 1, null, Ломо, t).
[2026-02-07 21:06:18] ERROR in postgre_db: Команда: INSERT INTO sections (section, coach, day_id, time_id, location, is_parsing) VALUES ('Фитнес (стретчинг)', 'Каменьщиков Павел Валерьевич', 2, 1, 'Ломо', True)
Ошибка при получении данных: значение NULL в столбце "on_even_numbers" отношения "sections" нарушает ограничение NOT NULL
DETAIL:  Ошибочная строка содержит (732, Фитнес (стретчинг), Каменьщиков Павел Валерьевич, 2, 1, null, Ломо, t).
[2026-02-07 21:06:18] ERROR in postgre_db: Команда: INSERT INTO sections (section, coach, day_id, time_id, location, is_parsing) VALUES ('Фитнес (флекс)', 'Зефирова Екатерина Виталиевна', 2, 1, 'Ломо', True)
Ошибка при получении данных: значение NULL в столбце "on_even_numbers" отношения "sections" нарушает ограничение NOT NULL
DETAIL:  Ошибочная строка содержит (733, Фитнес (флекс), Зефирова Екатерина Виталиевна, 2, 1, null, Ломо, t).
[2026-02-07 21:06:18] ERROR in postgre_db: Команда: INSERT INTO sections (section, coach, day_id, time_id, location, is_parsing) VALUES ('Фитнес (флекс)', 'Зефирова Екатерина Виталиевна', 2, 1, 'Ломо', True)
Ошибка при получении данных: значение NULL в столбце "on_even_numbers" отношения "sections" нарушает ограничение NOT NULL
DETAIL:  Ошибочная строка содержит (734, Фитнес (флекс), Зефирова Екатерина Виталиевна, 2, 1, null, Ломо, t).
[2026-02-07 21:06:18] ERROR in postgre_db: Команда: INSERT INTO sections (section, coach, day_id, time_id, location, is_parsing) VALUES ('Волейбол', 'Трифонов Владислав Олегович', 2, 1, 'Ломо', True)
Ошибка при получении данных: значение NULL в столбце "on_even_numbers" отношения "sections" нарушает ограничение NOT NULL
DETAIL:  Ошибочная строка содержит (735, Волейбол, Трифонов Владислав Олегович, 2, 1, null, Ломо, t).
[2026-02-07 21:06:19] ERROR in postgre_db: Команда: INSERT INTO sections (section, coach, day_id, time_id, location, is_parsing) VALUES ('Бадминтон', 'Королева Екатерина Александровна', 3, 1, 'Ломо', True)
Ошибка при получении данных: значение NULL в столбце "on_even_numbers" отношения "sections" нарушает ограничение NOT NULL
DETAIL:  Ошибочная строка содержит (736, Бадминтон, Королева Екатерина Александровна, 3, 1, null, Ломо, t).
[2026-02-07 21:06:19] ERROR in postgre_db: Команда: INSERT INTO sections (section, coach, day_id, time_id, location, is_parsing) VALUES ('Фитнес (функциональная тренировка)', 'Спицын Андрей Александрович', 3, 1, 'Ломо', True)
Ошибка при получении данных: значение NULL в столбце "on_even_numbers" отношения "sections" нарушает ограничение NOT NULL
DETAIL:  Ошибочная строка содержит (737, Фитнес (функциональная тренировка), Спицын Андрей Александрович, 3, 1, null, Ломо, t).
[2026-02-07 21:06:19] ERROR in postgre_db: Команда: INSERT INTO sections (section, coach, day_id, time_id, location, is_parsing) VALUES ('Волейбол', 'Платонова Валентина Александровна', 3, 1, 'Ломо', True)
Ошибка при получении данных: значение NULL в столбце "on_even_numbers" отношения "sections" нарушает ограничение NOT NULL
DETAIL:  Ошибочная строка содержит (738, Волейбол, Платонова Валентина Александровна, 3, 1, null, Ломо, t).
[2026-02-07 21:06:19] ERROR in postgre_db: Команда: INSERT INTO sections (section, coach, day_id, time_id, location, is_parsing) VALUES ('Фитнес (стретчинг)', 'Трифонов Владислав Олегович', 3, 1, 'Ломо', True)
Ошибка при получении данных: значение NULL в столбце "on_even_numbers" отношения "sections" нарушает ограничение NOT NULL
DETAIL:  Ошибочная строка содержит (739, Фитнес (стретчинг), Трифонов Владислав Олегович, 3, 1, null, Ломо, t).
[2026-02-07 21:06:19] ERROR in postgre_db: Команда: INSERT INTO sections (section, coach, day_id, time_id, location, is_parsing) VALUES ('Волейбол', 'Платонова Валентина Александровна', 3, 1, 'Ломо', True)
Ошибка при получении данных: значение NULL в столбце "on_even_numbers" отношения "sections" нарушает ограничение NOT NULL
DETAIL:  Ошибочная строка содержит (740, Волейбол, Платонова Валентина Александровна, 3, 1, null, Ломо, t).
[2026-02-07 21:06:19] ERROR in postgre_db: Команда: INSERT INTO sections (section, coach, day_id, time_id, location, is_parsing) VALUES ('Фитнес (стретчинг)', 'Трифонов Владислав Олегович', 3, 1, 'Ломо', True)
Ошибка при получении данных: значение NULL в столбце "on_even_numbers" отношения "sections" нарушает ограничение NOT NULL
DETAIL:  Ошибочная строка содержит (741, Фитнес (стретчинг), Трифонов Владислав Олегович, 3, 1, null, Ломо, t).
[2026-02-07 21:06:19] ERROR in postgre_db: Команда: INSERT INTO sections (section, coach, day_id, time_id, location, is_parsing) VALUES ('Бадминтон', 'Королева Екатерина Александровна', 3, 1, 'Ломо', True)
Ошибка при получении данных: значение NULL в столбце "on_even_numbers" отношения "sections" нарушает ограничение NOT NULL
DETAIL:  Ошибочная строка содержит (742, Бадминтон, Королева Екатерина Александровна, 3, 1, null, Ломо, t).
[2026-02-07 21:06:20] ERROR in postgre_db: Команда: INSERT INTO sections (section, coach, day_id, time_id, location, is_parsing) VALUES ('Фитнес (функциональная тренировка)', 'Спицын Андрей Александрович', 3, 1, 'Ломо', True)
Ошибка при получении данных: значение NULL в столбце "on_even_numbers" отношения "sections" нарушает ограничение NOT NULL
DETAIL:  Ошибочная строка содержит (743, Фитнес (функциональная тренировка), Спицын Андрей Александрович, 3, 1, null, Ломо, t).
[2026-02-07 21:06:20] ERROR in postgre_db: Команда: INSERT INTO sections (section, coach, day_id, time_id, location, is_parsing) VALUES ('АФК и ЛФК', 'Платонова Валентина Александровна', 4, 1, 'Ломо', True)
Ошибка при получении данных: значение NULL в столбце "on_even_numbers" отношения "sections" нарушает ограничение NOT NULL
DETAIL:  Ошибочная строка содержит (744, АФК и ЛФК, Платонова Валентина Александровна, 4, 1, null, Ломо, t).
[2026-02-07 21:06:20] ERROR in postgre_db: Команда: INSERT INTO sections (section, coach, day_id, time_id, location, is_parsing) VALUES ('Баскетбол', 'Королева Екатерина Александровна', 4, 1, 'Ломо', True)
Ошибка при получении данных: значение NULL в столбце "on_even_numbers" отношения "sections" нарушает ограничение NOT NULL
DETAIL:  Ошибочная строка содержит (745, Баскетбол, Королева Екатерина Александровна, 4, 1, null, Ломо, t).
[2026-02-07 21:06:20] ERROR in postgre_db: Команда: INSERT INTO sections (section, coach, day_id, time_id, location, is_parsing) VALUES ('Баскетбол', 'Королева Екатерина Александровна', 4, 1, 'Ломо', True)
Ошибка при получении данных: значение NULL в столбце "on_even_numbers" отношения "sections" нарушает ограничение NOT NULL
DETAIL:  Ошибочная строка содержит (746, Баскетбол, Королева Екатерина Александровна, 4, 1, null, Ломо, t).
[2026-02-07 21:06:20] ERROR in postgre_db: Команда: INSERT INTO sections (section, coach, day_id, time_id, location, is_parsing) VALUES ('Фитнес (стретчинг)', 'Трифонов Владислав Олегович', 4, 1, 'Ломо', True)
Ошибка при получении данных: значение NULL в столбце "on_even_numbers" отношения "sections" нарушает ограничение NOT NULL
DETAIL:  Ошибочная строка содержит (747, Фитнес (стретчинг), Трифонов Владислав Олегович, 4, 1, null, Ломо, t).
[2026-02-07 21:06:20] ERROR in postgre_db: Команда: INSERT INTO sections (section, coach, day_id, time_id, location, is_parsing) VALUES ('АФК и ЛФК', 'Платонова Валентина Александровна', 4, 1, 'Ломо', True)
Ошибка при получении данных: значение NULL в столбце "on_even_numbers" отношения "sections" нарушает ограничение NOT NULL
DETAIL:  Ошибочная строка содержит (748, АФК и ЛФК, Платонова Валентина Александровна, 4, 1, null, Ломо, t).
[2026-02-07 21:06:20] ERROR in postgre_db: Команда: INSERT INTO sections (section, coach, day_id, time_id, location, is_parsing) VALUES ('Фитнес (стретчинг)', 'Трифонов Владислав Олегович', 4, 1, 'Ломо', True)
Ошибка при получении данных: значение NULL в столбце "on_even_numbers" отношения "sections" нарушает ограничение NOT NULL
DETAIL:  Ошибочная строка содержит (749, Фитнес (стретчинг), Трифонов Владислав Олегович, 4, 1, null, Ломо, t).
[2026-02-07 21:06:20] ERROR in postgre_db: Команда: INSERT INTO sections (section, coach, day_id, time_id, location, is_parsing) VALUES ('Йога', 'Иванов Алексей Анатольевич', 4, 1, 'Ломо', True)
Ошибка при получении данных: значение NULL в столбце "on_even_numbers" отношения "sections" нарушает ограничение NOT NULL
DETAIL:  Ошибочная строка содержит (750, Йога, Иванов Алексей Анатольевич, 4, 1, null, Ломо, t).
[2026-02-07 21:06:21] ERROR in postgre_db: Команда: INSERT INTO sections (section, coach, day_id, time_id, location, is_parsing) VALUES ('Бадминтон', 'Дорогинский Станислав Вячеславович', 5, 1, 'Ломо', True)
Ошибка при получении данных: значение NULL в столбце "on_even_numbers" отношения "sections" нарушает ограничение NOT NULL
DETAIL:  Ошибочная строка содержит (751, Бадминтон, Дорогинский Станислав Вячеславови..., 5, 1, null, Ломо, t).
[2026-02-07 21:06:21] ERROR in postgre_db: Команда: INSERT INTO sections (section, coach, day_id, time_id, location, is_parsing) VALUES ('Фитнес (функциональная тренировка)', 'Спицын Андрей Александрович', 5, 1, 'Ломо', True)
Ошибка при получении данных: значение NULL в столбце "on_even_numbers" отношения "sections" нарушает ограничение NOT NULL
DETAIL:  Ошибочная строка содержит (752, Фитнес (функциональная тренировка), Спицын Андрей Александрович, 5, 1, null, Ломо, t).
[2026-02-07 21:06:21] ERROR in postgre_db: Команда: INSERT INTO sections (section, coach, day_id, time_id, location, is_parsing) VALUES ('Фитнес (функциональная тренировка)', 'Спицын Андрей Александрович', 5, 1, 'Ломо', True)
Ошибка при получении данных: значение NULL в столбце "on_even_numbers" отношения "sections" нарушает ограничение NOT NULL
DETAIL:  Ошибочная строка содержит (753, Фитнес (функциональная тренировка), Спицын Андрей Александрович, 5, 1, null, Ломо, t).
[2026-02-07 21:06:21] ERROR in postgre_db: Команда: INSERT INTO sections (section, coach, day_id, time_id, location, is_parsing) VALUES ('Волейбол', 'Платонова Валентина Александровна', 5, 1, 'Ломо', True)
Ошибка при получении данных: значение NULL в столбце "on_even_numbers" отношения "sections" нарушает ограничение NOT NULL
DETAIL:  Ошибочная строка содержит (754, Волейбол, Платонова Валентина Александровна, 5, 1, null, Ломо, t).
[2026-02-07 21:06:21] ERROR in postgre_db: Команда: INSERT INTO sections (section, coach, day_id, time_id, location, is_parsing) VALUES ('Волейбол', 'Платонова Валентина Александровна', 5, 1, 'Ломо', True)
Ошибка при получении данных: значение NULL в столбце "on_even_numbers" отношения "sections" нарушает ограничение NOT NULL
DETAIL:  Ошибочная строка содержит (755, Волейбол, Платонова Валентина Александровна, 5, 1, null, Ломо, t).
[2026-02-07 21:06:21] ERROR in postgre_db: Команда: INSERT INTO sections (section, coach, day_id, time_id, location, is_parsing) VALUES ('Бадминтон', 'Дорогинский Станислав Вячеславович', 5, 1, 'Ломо', True)
Ошибка при получении данных: значение NULL в столбце "on_even_numbers" отношения "sections" нарушает ограничение NOT NULL
DETAIL:  Ошибочная строка содержит (756, Бадминтон, Дорогинский Станислав Вячеславови..., 5, 1, null, Ломо, t).
[2026-02-07 21:06:21] ERROR in postgre_db: Команда: INSERT INTO sections (section, coach, day_id, time_id, location, is_parsing) VALUES ('Фитнес (функциональная тренировка)', 'Королева Екатерина Александровна', 1, 2, 'Ломо', True)
Ошибка при получении данных: значение NULL в столбце "on_even_numbers" отношения "sections" нарушает ограничение NOT NULL
DETAIL:  Ошибочная строка содержит (757, Фитнес (функциональная тренировка), Королева Екатерина Александровна, 1, 2, null, Ломо, t).
[2026-02-07 21:06:21] ERROR in postgre_db: Команда: INSERT INTO sections (section, coach, day_id, time_id, location, is_parsing) VALUES ('Фитнес (функциональная тренировка)', 'Каменьщиков Павел Валерьевич', 1, 2, 'Ломо', True)
Ошибка при получении данных: значение NULL в столбце "on_even_numbers" отношения "sections" нарушает ограничение NOT NULL
DETAIL:  Ошибочная строка содержит (758, Фитнес (функциональная тренировка), Каменьщиков Павел Валерьевич, 1, 2, null, Ломо, t).
[2026-02-07 21:06:22] ERROR in postgre_db: Команда: INSERT INTO sections (section, coach, day_id, time_id, location, is_parsing) VALUES ('Йога', 'Иванов Алексей Анатольевич', 1, 2, 'Ломо', True)
Ошибка при получении данных: значение NULL в столбце "on_even_numbers" отношения "sections" нарушает ограничение NOT NULL
DETAIL:  Ошибочная строка содержит (759, Йога, Иванов Алексей Анатольевич, 1, 2, null, Ломо, t).
[2026-02-07 21:06:22] ERROR in postgre_db: Команда: INSERT INTO sections (section, coach, day_id, time_id, location, is_parsing) VALUES ('Волейбол', 'Севрюгин Владимир Олегович', 1, 2, 'Ломо', True)
Ошибка при получении данных: значение NULL в столбце "on_even_numbers" отношения "sections" нарушает ограничение NOT NULL
DETAIL:  Ошибочная строка содержит (760, Волейбол, Севрюгин Владимир Олегович, 1, 2, null, Ломо, t).
[2026-02-07 21:06:22] ERROR in postgre_db: Команда: INSERT INTO sections (section, coach, day_id, time_id, location, is_parsing) VALUES ('Волейбол', 'Севрюгин Владимир Олегович', 1, 2, 'Ломо', True)
Ошибка при получении данных: значение NULL в столбце "on_even_numbers" отношения "sections" нарушает ограничение NOT NULL
DETAIL:  Ошибочная строка содержит (761, Волейбол, Севрюгин Владимир Олегович, 1, 2, null, Ломо, t).
[2026-02-07 21:06:22] ERROR in postgre_db: Команда: INSERT INTO sections (section, coach, day_id, time_id, location, is_parsing) VALUES ('Фитнес (функциональная тренировка)', 'Королева Екатерина Александровна', 1, 2, 'Ломо', True)
Ошибка при получении данных: значение NULL в столбце "on_even_numbers" отношения "sections" нарушает ограничение NOT NULL
DETAIL:  Ошибочная строка содержит (762, Фитнес (функциональная тренировка), Королева Екатерина Александровна, 1, 2, null, Ломо, t).
[2026-02-07 21:06:22] ERROR in postgre_db: Команда: INSERT INTO sections (section, coach, day_id, time_id, location, is_parsing) VALUES ('Фитнес (функциональная тренировка)', 'Каменьщиков Павел Валерьевич', 1, 2, 'Ломо', True)
Ошибка при получении данных: значение NULL в столбце "on_even_numbers" отношения "sections" нарушает ограничение NOT NULL
DETAIL:  Ошибочная строка содержит (763, Фитнес (функциональная тренировка), Каменьщиков Павел Валерьевич, 1, 2, null, Ломо, t).
[2026-02-07 21:06:22] ERROR in postgre_db: Команда: INSERT INTO sections (section, coach, day_id, time_id, location, is_parsing) VALUES ('Йога', 'Иванов Алексей Анатольевич', 1, 2, 'Ломо', True)
Ошибка при получении данных: значение NULL в столбце "on_even_numbers" отношения "sections" нарушает ограничение NOT NULL
DETAIL:  Ошибочная строка содержит (764, Йога, Иванов Алексей Анатольевич, 1, 2, null, Ломо, t).
[2026-02-07 21:06:22] ERROR in postgre_db: Команда: INSERT INTO sections (section, coach, day_id, time_id, location, is_parsing) VALUES ('Фитнес (кроссфит)', 'Трифонов Владислав Олегович', 2, 2, 'Ломо', True)
Ошибка при получении данных: значение NULL в столбце "on_even_numbers" отношения "sections" нарушает ограничение NOT NULL
DETAIL:  Ошибочная строка содержит (765, Фитнес (кроссфит), Трифонов Владислав Олегович, 2, 2, null, Ломо, t).
[2026-02-07 21:06:22] ERROR in postgre_db: Команда: INSERT INTO sections (section, coach, day_id, time_id, location, is_parsing) VALUES ('Фитнес (функциональная тренировка)', 'Варушин Артем Владимирович', 2, 2, 'Ломо', True)
Ошибка при получении данных: значение NULL в столбце "on_even_numbers" отношения "sections" нарушает ограничение NOT NULL
DETAIL:  Ошибочная строка содержит (766, Фитнес (функциональная тренировка), Варушин Артем Владимирович, 2, 2, null, Ломо, t).
[2026-02-07 21:06:23] ERROR in postgre_db: Команда: INSERT INTO sections (section, coach, day_id, time_id, location, is_parsing) VALUES ('Фитнес (стретчинг)', 'Каменьщиков Павел Валерьевич', 2, 2, 'Ломо', True)
Ошибка при получении данных: значение NULL в столбце "on_even_numbers" отношения "sections" нарушает ограничение NOT NULL
DETAIL:  Ошибочная строка содержит (767, Фитнес (стретчинг), Каменьщиков Павел Валерьевич, 2, 2, null, Ломо, t).
[2026-02-07 21:06:23] ERROR in postgre_db: Команда: INSERT INTO sections (section, coach, day_id, time_id, location, is_parsing) VALUES ('Волейбол', 'Севрюгин Владимир Олегович', 2, 2, 'Ломо', True)
Ошибка при получении данных: значение NULL в столбце "on_even_numbers" отношения "sections" нарушает ограничение NOT NULL
DETAIL:  Ошибочная строка содержит (768, Волейбол, Севрюгин Владимир Олегович, 2, 2, null, Ломо, t).
[2026-02-07 21:06:23] ERROR in postgre_db: Команда: INSERT INTO sections (section, coach, day_id, time_id, location, is_parsing) VALUES ('Фитнес (кроссфит)', 'Трифонов Владислав Олегович', 2, 2, 'Ломо', True)
Ошибка при получении данных: значение NULL в столбце "on_even_numbers" отношения "sections" нарушает ограничение NOT NULL
DETAIL:  Ошибочная строка содержит (769, Фитнес (кроссфит), Трифонов Владислав Олегович, 2, 2, null, Ломо, t).
[2026-02-07 21:06:23] ERROR in postgre_db: Команда: INSERT INTO sections (section, coach, day_id, time_id, location, is_parsing) VALUES ('Фитнес (стретчинг)', 'Каменьщиков Павел Валерьевич', 2, 2, 'Ломо', True)
Ошибка при получении данных: значение NULL в столбце "on_even_numbers" отношения "sections" нарушает ограничение NOT NULL
DETAIL:  Ошибочная строка содержит (770, Фитнес (стретчинг), Каменьщиков Павел Валерьевич, 2, 2, null, Ломо, t).
[2026-02-07 21:06:23] ERROR in postgre_db: Команда: INSERT INTO sections (section, coach, day_id, time_id, location, is_parsing) VALUES ('Волейбол', 'Севрюгин Владимир Олегович', 2, 2, 'Ломо', True)
Ошибка при получении данных: значение NULL в столбце "on_even_numbers" отношения "sections" нарушает ограничение NOT NULL
DETAIL:  Ошибочная строка содержит (771, Волейбол, Севрюгин Владимир Олегович, 2, 2, null, Ломо, t).
[2026-02-07 21:06:23] ERROR in postgre_db: Команда: INSERT INTO sections (section, coach, day_id, time_id, location, is_parsing) VALUES ('Фитнес (степ-аэробика)', 'Зефирова Екатерина Виталиевна', 2, 2, 'Ломо', True)
Ошибка при получении данных: значение NULL в столбце "on_even_numbers" отношения "sections" нарушает ограничение NOT NULL
DETAIL:  Ошибочная строка содержит (772, Фитнес (степ-аэробика), Зефирова Екатерина Виталиевна, 2, 2, null, Ломо, t).
[2026-02-07 21:06:23] ERROR in postgre_db: Команда: INSERT INTO sections (section, coach, day_id, time_id, location, is_parsing) VALUES ('Фитнес (функциональная тренировка)', 'Варушин Артем Владимирович', 2, 2, 'Ломо', True)
Ошибка при получении данных: значение NULL в столбце "on_even_numbers" отношения "sections" нарушает ограничение NOT NULL
DETAIL:  Ошибочная строка содержит (773, Фитнес (функциональная тренировка), Варушин Артем Владимирович, 2, 2, null, Ломо, t).
[2026-02-07 21:06:23] ERROR in postgre_db: Команда: INSERT INTO sections (section, coach, day_id, time_id, location, is_parsing) VALUES ('Фитнес (степ-аэробика)', 'Зефирова Екатерина Виталиевна', 2, 2, 'Ломо', True)
Ошибка при получении данных: значение NULL в столбце "on_even_numbers" отношения "sections" нарушает ограничение NOT NULL
DETAIL:  Ошибочная строка содержит (774, Фитнес (степ-аэробика), Зефирова Екатерина Виталиевна, 2, 2, null, Ломо, t).
[2026-02-07 21:06:24] ERROR in postgre_db: Команда: INSERT INTO sections (section, coach, day_id, time_id, location, is_parsing) VALUES ('Фитнес (стретчинг)', 'Королева Екатерина Александровна', 3, 2, 'Ломо', True)
Ошибка при получении данных: значение NULL в столбце "on_even_numbers" отношения "sections" нарушает ограничение NOT NULL
DETAIL:  Ошибочная строка содержит (775, Фитнес (стретчинг), Королева Екатерина Александровна, 3, 2, null, Ломо, t).
[2026-02-07 21:06:24] ERROR in postgre_db: Команда: INSERT INTO sections (section, coach, day_id, time_id, location, is_parsing) VALUES ('Фитнес (стретчинг)', 'Яковлев Игорь Сергеевич', 3, 2, 'Ломо', True)
Ошибка при получении данных: значение NULL в столбце "on_even_numbers" отношения "sections" нарушает ограничение NOT NULL
DETAIL:  Ошибочная строка содержит (776, Фитнес (стретчинг), Яковлев Игорь Сергеевич, 3, 2, null, Ломо, t).
[2026-02-07 21:06:24] ERROR in postgre_db: Команда: INSERT INTO sections (section, coach, day_id, time_id, location, is_parsing) VALUES ('Баскетбол', 'Трифонов Владислав Олегович', 3, 2, 'Ломо', True)
Ошибка при получении данных: значение NULL в столбце "on_even_numbers" отношения "sections" нарушает ограничение NOT NULL
DETAIL:  Ошибочная строка содержит (777, Баскетбол, Трифонов Владислав Олегович, 3, 2, null, Ломо, t).
[2026-02-07 21:06:24] ERROR in postgre_db: Команда: INSERT INTO sections (section, coach, day_id, time_id, location, is_parsing) VALUES ('Баскетбол', 'Трифонов Владислав Олегович', 3, 2, 'Ломо', True)
Ошибка при получении данных: значение NULL в столбце "on_even_numbers" отношения "sections" нарушает ограничение NOT NULL
DETAIL:  Ошибочная строка содержит (778, Баскетбол, Трифонов Владислав Олегович, 3, 2, null, Ломо, t).
[2026-02-07 21:06:24] ERROR in postgre_db: Команда: INSERT INTO sections (section, coach, day_id, time_id, location, is_parsing) VALUES ('Гребной спорт', 'Платонова Валентина Александровна', 3, 2, 'Ломо', True)
Ошибка при получении данных: значение NULL в столбце "on_even_numbers" отношения "sections" нарушает ограничение NOT NULL
DETAIL:  Ошибочная строка содержит (779, Гребной спорт, Платонова Валентина Александровна, 3, 2, null, Ломо, t).
[2026-02-07 21:06:24] ERROR in postgre_db: Команда: INSERT INTO sections (section, coach, day_id, time_id, location, is_parsing) VALUES ('Фитнес (стретчинг)', 'Яковлев Игорь Сергеевич', 3, 2, 'Ломо', True)
Ошибка при получении данных: значение NULL в столбце "on_even_numbers" отношения "sections" нарушает ограничение NOT NULL
DETAIL:  Ошибочная строка содержит (780, Фитнес (стретчинг), Яковлев Игорь Сергеевич, 3, 2, null, Ломо, t).
[2026-02-07 21:06:24] ERROR in postgre_db: Команда: INSERT INTO sections (section, coach, day_id, time_id, location, is_parsing) VALUES ('Фитнес (функциональная тренировка)', 'Спицын Андрей Александрович', 3, 2, 'Ломо', True)
Ошибка при получении данных: значение NULL в столбце "on_even_numbers" отношения "sections" нарушает ограничение NOT NULL
DETAIL:  Ошибочная строка содержит (781, Фитнес (функциональная тренировка), Спицын Андрей Александрович, 3, 2, null, Ломо, t).
[2026-02-07 21:06:24] ERROR in postgre_db: Команда: INSERT INTO sections (section, coach, day_id, time_id, location, is_parsing) VALUES ('Фитнес (стретчинг)', 'Королева Екатерина Александровна', 3, 2, 'Ломо', True)
Ошибка при получении данных: значение NULL в столбце "on_even_numbers" отношения "sections" нарушает ограничение NOT NULL
DETAIL:  Ошибочная строка содержит (782, Фитнес (стретчинг), Королева Екатерина Александровна, 3, 2, null, Ломо, t).
[2026-02-07 21:09:40] INFO in dispatcher: Start polling
[2026-02-07 21:09:40] INFO in dispatcher: Run polling for bot @prot_xafda_bot id=7616289372 - 'prot_bot'
[2026-02-07 21:10:46] INFO in dispatcher: Update id=219030121 is handled. Duration 63035 ms by bot id=7616289372
[2026-02-07 21:11:26] INFO in dispatcher: Update id=219030122 is handled. Duration 423 ms by bot id=7616289372
[2026-02-07 21:11:27] INFO in dispatcher: Update id=219030123 is handled. Duration 122 ms by bot id=7616289372
[2026-02-07 21:11:28] INFO in dispatcher: Update id=219030124 is handled. Duration 69 ms by bot id=7616289372
[2026-02-07 21:11:29] INFO in dispatcher: Update id=219030125 is handled. Duration 65 ms by bot id=7616289372
[2026-02-07 21:11:29] INFO in dispatcher: Update id=219030126 is not handled. Duration 4 ms by bot id=7616289372
[2026-02-07 21:11:29] ERROR in dispatcher: Cause exception while process update id=219030126 by bot id=7616289372
TypeError: get_section_data() missing 1 required positional argument: 'location'
Traceback (most recent call last):
  File "C:\Users\arsry\AppData\Local\Programs\Python\Python313\Lib\site-packages\aiogram\dispatcher\dispatcher.py", line 309, in _process_update
    response = await self.feed_update(bot, update, **kwargs)
               ^^^^^^^^^^^^^^^^^^^^^^^^^^^^^^^^^^^^^^^^^^^^^
  File "C:\Users\arsry\AppData\Local\Programs\Python\Python313\Lib\site-packages\aiogram\dispatcher\dispatcher.py", line 158, in feed_update
    response = await self.update.wrap_outer_middleware(
               ^^^^^^^^^^^^^^^^^^^^^^^^^^^^^^^^^^^^^^^^
    ...<7 lines>...
    )
    ^
  File "C:\Users\arsry\AppData\Local\Programs\Python\Python313\Lib\site-packages\aiogram\dispatcher\middlewares\error.py", line 25, in __call__
    return await handler(event, data)
           ^^^^^^^^^^^^^^^^^^^^^^^^^^
  File "C:\Users\arsry\AppData\Local\Programs\Python\Python313\Lib\site-packages\aiogram\dispatcher\middlewares\user_context.py", line 56, in __call__
    return await handler(event, data)
           ^^^^^^^^^^^^^^^^^^^^^^^^^^
  File "C:\Users\arsry\AppData\Local\Programs\Python\Python313\Lib\site-packages\aiogram\fsm\middleware.py", line 42, in __call__
    return await handler(event, data)
           ^^^^^^^^^^^^^^^^^^^^^^^^^^
  File "C:\Users\arsry\AppData\Local\Programs\Python\Python313\Lib\site-packages\aiogram\dispatcher\event\telegram.py", line 121, in trigger
    return await wrapped_inner(event, kwargs)
           ^^^^^^^^^^^^^^^^^^^^^^^^^^^^^^^^^^
  File "C:\Users\arsry\AppData\Local\Programs\Python\Python313\Lib\site-packages\aiogram\dispatcher\event\handler.py", line 43, in call
    return await wrapped()
           ^^^^^^^^^^^^^^^
  File "C:\Users\arsry\AppData\Local\Programs\Python\Python313\Lib\site-packages\aiogram\dispatcher\dispatcher.py", line 276, in _listen_update
    return await self.propagate_event(update_type=update_type, event=event, **kwargs)
           ^^^^^^^^^^^^^^^^^^^^^^^^^^^^^^^^^^^^^^^^^^^^^^^^^^^^^^^^^^^^^^^^^^^^^^^^^^
  File "C:\Users\arsry\AppData\Local\Programs\Python\Python313\Lib\site-packages\aiogram\dispatcher\router.py", line 146, in propagate_event
    return await observer.wrap_outer_middleware(_wrapped, event=event, data=kwargs)
           ^^^^^^^^^^^^^^^^^^^^^^^^^^^^^^^^^^^^^^^^^^^^^^^^^^^^^^^^^^^^^^^^^^^^^^^^
  File "C:\Users\arsry\AppData\Local\Programs\Python\Python313\Lib\site-packages\aiogram\dispatcher\router.py", line 141, in _wrapped
    return await self._propagate_event(
           ^^^^^^^^^^^^^^^^^^^^^^^^^^^^
        observer=observer, update_type=update_type, event=telegram_event, **data
        ^^^^^^^^^^^^^^^^^^^^^^^^^^^^^^^^^^^^^^^^^^^^^^^^^^^^^^^^^^^^^^^^^^^^^^^^
    )
    ^
  File "C:\Users\arsry\AppData\Local\Programs\Python\Python313\Lib\site-packages\aiogram\dispatcher\router.py", line 174, in _propagate_event
    response = await router.propagate_event(update_type=update_type, event=event, **kwargs)
               ^^^^^^^^^^^^^^^^^^^^^^^^^^^^^^^^^^^^^^^^^^^^^^^^^^^^^^^^^^^^^^^^^^^^^^^^^^^^
  File "C:\Users\arsry\AppData\Local\Programs\Python\Python313\Lib\site-packages\aiogram\dispatcher\router.py", line 146, in propagate_event
    return await observer.wrap_outer_middleware(_wrapped, event=event, data=kwargs)
           ^^^^^^^^^^^^^^^^^^^^^^^^^^^^^^^^^^^^^^^^^^^^^^^^^^^^^^^^^^^^^^^^^^^^^^^^
  File "C:\Users\arsry\AppData\Local\Programs\Python\Python313\Lib\site-packages\aiogram\dispatcher\router.py", line 141, in _wrapped
    return await self._propagate_event(
           ^^^^^^^^^^^^^^^^^^^^^^^^^^^^
        observer=observer, update_type=update_type, event=telegram_event, **data
        ^^^^^^^^^^^^^^^^^^^^^^^^^^^^^^^^^^^^^^^^^^^^^^^^^^^^^^^^^^^^^^^^^^^^^^^^
    )
    ^
  File "C:\Users\arsry\AppData\Local\Programs\Python\Python313\Lib\site-packages\aiogram\dispatcher\router.py", line 166, in _propagate_event
    response = await observer.trigger(event, **kwargs)
               ^^^^^^^^^^^^^^^^^^^^^^^^^^^^^^^^^^^^^^^
  File "C:\Users\arsry\AppData\Local\Programs\Python\Python313\Lib\site-packages\aiogram\dispatcher\event\telegram.py", line 121, in trigger
    return await wrapped_inner(event, kwargs)
           ^^^^^^^^^^^^^^^^^^^^^^^^^^^^^^^^^^
  File "C:\Users\arsry\AppData\Local\Programs\Python\Python313\Lib\site-packages\aiogram\dispatcher\event\handler.py", line 43, in call
    return await wrapped()
           ^^^^^^^^^^^^^^^
  File "C:\Users\arsry\Desktop\запись на секции\tg_bot\routers\record.py", line 123, in process_section
    data_section = await get_section_data(data['day'], data['time'], data['place'])
                         ~~~~~~~~~~~~~~~~^^^^^^^^^^^^^^^^^^^^^^^^^^^^^^^^^^^^^^^^^^
TypeError: get_section_data() missing 1 required positional argument: 'location'
[2026-02-07 21:15:53] INFO in dispatcher: Start polling
[2026-02-07 21:15:53] INFO in dispatcher: Run polling for bot @prot_xafda_bot id=7616289372 - 'prot_bot'
[2026-02-07 21:15:59] INFO in dispatcher: Update id=219030127 is handled. Duration 358 ms by bot id=7616289372
[2026-02-07 21:16:01] INFO in dispatcher: Update id=219030128 is handled. Duration 109 ms by bot id=7616289372
[2026-02-07 21:16:02] INFO in dispatcher: Update id=219030129 is handled. Duration 68 ms by bot id=7616289372
[2026-02-07 21:16:03] INFO in dispatcher: Update id=219030130 is handled. Duration 64 ms by bot id=7616289372
[2026-02-07 21:16:05] INFO in dispatcher: Update id=219030131 is handled. Duration 112 ms by bot id=7616289372
[2026-02-07 21:16:07] INFO in dispatcher: Update id=219030132 is handled. Duration 390 ms by bot id=7616289372
[2026-02-07 21:16:08] INFO in dispatcher: Update id=219030133 is handled. Duration 695 ms by bot id=7616289372
[2026-02-07 21:16:10] INFO in dispatcher: Update id=219030134 is handled. Duration 127 ms by bot id=7616289372
[2026-02-07 21:16:11] INFO in dispatcher: Update id=219030135 is handled. Duration 125 ms by bot id=7616289372
[2026-02-07 21:16:12] INFO in dispatcher: Update id=219030136 is handled. Duration 121 ms by bot id=7616289372
[2026-02-07 21:16:13] INFO in dispatcher: Update id=219030137 is handled. Duration 114 ms by bot id=7616289372
[2026-02-07 21:16:14] INFO in dispatcher: Update id=219030138 is handled. Duration 398 ms by bot id=7616289372
[2026-02-07 21:16:15] INFO in dispatcher: Update id=219030139 is handled. Duration 119 ms by bot id=7616289372
[2026-02-07 21:16:18] INFO in dispatcher: Update id=219030140 is handled. Duration 123 ms by bot id=7616289372
[2026-02-07 21:16:20] INFO in dispatcher: Update id=219030141 is handled. Duration 69 ms by bot id=7616289372
[2026-02-07 21:16:21] INFO in dispatcher: Update id=219030142 is handled. Duration 64 ms by bot id=7616289372
[2026-02-07 21:16:22] INFO in dispatcher: Update id=219030143 is handled. Duration 67 ms by bot id=7616289372
[2026-02-07 21:16:24] INFO in dispatcher: Update id=219030144 is handled. Duration 147 ms by bot id=7616289372
[2026-02-07 21:16:27] INFO in dispatcher: Update id=219030145 is handled. Duration 68 ms by bot id=7616289372
[2026-02-07 21:16:35] INFO in dispatcher: Update id=219030146 is handled. Duration 128 ms by bot id=7616289372
[2026-02-07 21:16:39] INFO in dispatcher: Update id=219030147 is not handled. Duration 1 ms by bot id=7616289372
[2026-02-07 21:16:39] ERROR in dispatcher: Cause exception while process update id=219030147 by bot id=7616289372
TypeError: get_section_data() takes 3 positional arguments but 4 were given
Traceback (most recent call last):
  File "C:\Users\arsry\AppData\Local\Programs\Python\Python313\Lib\site-packages\aiogram\dispatcher\dispatcher.py", line 309, in _process_update
    response = await self.feed_update(bot, update, **kwargs)
               ^^^^^^^^^^^^^^^^^^^^^^^^^^^^^^^^^^^^^^^^^^^^^
  File "C:\Users\arsry\AppData\Local\Programs\Python\Python313\Lib\site-packages\aiogram\dispatcher\dispatcher.py", line 158, in feed_update
    response = await self.update.wrap_outer_middleware(
               ^^^^^^^^^^^^^^^^^^^^^^^^^^^^^^^^^^^^^^^^
    ...<7 lines>...
    )
    ^
  File "C:\Users\arsry\AppData\Local\Programs\Python\Python313\Lib\site-packages\aiogram\dispatcher\middlewares\error.py", line 25, in __call__
    return await handler(event, data)
           ^^^^^^^^^^^^^^^^^^^^^^^^^^
  File "C:\Users\arsry\AppData\Local\Programs\Python\Python313\Lib\site-packages\aiogram\dispatcher\middlewares\user_context.py", line 56, in __call__
    return await handler(event, data)
           ^^^^^^^^^^^^^^^^^^^^^^^^^^
  File "C:\Users\arsry\AppData\Local\Programs\Python\Python313\Lib\site-packages\aiogram\fsm\middleware.py", line 42, in __call__
    return await handler(event, data)
           ^^^^^^^^^^^^^^^^^^^^^^^^^^
  File "C:\Users\arsry\AppData\Local\Programs\Python\Python313\Lib\site-packages\aiogram\dispatcher\event\telegram.py", line 121, in trigger
    return await wrapped_inner(event, kwargs)
           ^^^^^^^^^^^^^^^^^^^^^^^^^^^^^^^^^^
  File "C:\Users\arsry\AppData\Local\Programs\Python\Python313\Lib\site-packages\aiogram\dispatcher\event\handler.py", line 43, in call
    return await wrapped()
           ^^^^^^^^^^^^^^^
  File "C:\Users\arsry\AppData\Local\Programs\Python\Python313\Lib\site-packages\aiogram\dispatcher\dispatcher.py", line 276, in _listen_update
    return await self.propagate_event(update_type=update_type, event=event, **kwargs)
           ^^^^^^^^^^^^^^^^^^^^^^^^^^^^^^^^^^^^^^^^^^^^^^^^^^^^^^^^^^^^^^^^^^^^^^^^^^
  File "C:\Users\arsry\AppData\Local\Programs\Python\Python313\Lib\site-packages\aiogram\dispatcher\router.py", line 146, in propagate_event
    return await observer.wrap_outer_middleware(_wrapped, event=event, data=kwargs)
           ^^^^^^^^^^^^^^^^^^^^^^^^^^^^^^^^^^^^^^^^^^^^^^^^^^^^^^^^^^^^^^^^^^^^^^^^
  File "C:\Users\arsry\AppData\Local\Programs\Python\Python313\Lib\site-packages\aiogram\dispatcher\router.py", line 141, in _wrapped
    return await self._propagate_event(
           ^^^^^^^^^^^^^^^^^^^^^^^^^^^^
        observer=observer, update_type=update_type, event=telegram_event, **data
        ^^^^^^^^^^^^^^^^^^^^^^^^^^^^^^^^^^^^^^^^^^^^^^^^^^^^^^^^^^^^^^^^^^^^^^^^
    )
    ^
  File "C:\Users\arsry\AppData\Local\Programs\Python\Python313\Lib\site-packages\aiogram\dispatcher\router.py", line 174, in _propagate_event
    response = await router.propagate_event(update_type=update_type, event=event, **kwargs)
               ^^^^^^^^^^^^^^^^^^^^^^^^^^^^^^^^^^^^^^^^^^^^^^^^^^^^^^^^^^^^^^^^^^^^^^^^^^^^
  File "C:\Users\arsry\AppData\Local\Programs\Python\Python313\Lib\site-packages\aiogram\dispatcher\router.py", line 146, in propagate_event
    return await observer.wrap_outer_middleware(_wrapped, event=event, data=kwargs)
           ^^^^^^^^^^^^^^^^^^^^^^^^^^^^^^^^^^^^^^^^^^^^^^^^^^^^^^^^^^^^^^^^^^^^^^^^
  File "C:\Users\arsry\AppData\Local\Programs\Python\Python313\Lib\site-packages\aiogram\dispatcher\router.py", line 141, in _wrapped
    return await self._propagate_event(
           ^^^^^^^^^^^^^^^^^^^^^^^^^^^^
        observer=observer, update_type=update_type, event=telegram_event, **data
        ^^^^^^^^^^^^^^^^^^^^^^^^^^^^^^^^^^^^^^^^^^^^^^^^^^^^^^^^^^^^^^^^^^^^^^^^
    )
    ^
  File "C:\Users\arsry\AppData\Local\Programs\Python\Python313\Lib\site-packages\aiogram\dispatcher\router.py", line 166, in _propagate_event
    response = await observer.trigger(event, **kwargs)
               ^^^^^^^^^^^^^^^^^^^^^^^^^^^^^^^^^^^^^^^
  File "C:\Users\arsry\AppData\Local\Programs\Python\Python313\Lib\site-packages\aiogram\dispatcher\event\telegram.py", line 121, in trigger
    return await wrapped_inner(event, kwargs)
           ^^^^^^^^^^^^^^^^^^^^^^^^^^^^^^^^^^
  File "C:\Users\arsry\Desktop\запись на секции\tg_bot\middlewares\throttling.py", line 64, in __call__
    return await handler(message, data)
           ^^^^^^^^^^^^^^^^^^^^^^^^^^^^
  File "C:\Users\arsry\AppData\Local\Programs\Python\Python313\Lib\site-packages\aiogram\dispatcher\event\handler.py", line 43, in call
    return await wrapped()
           ^^^^^^^^^^^^^^^
  File "C:\Users\arsry\Desktop\запись на секции\tg_bot\routers\record.py", line 209, in process_confirmation
    data_section = await get_section_data(data['day'], data['time'], data['week'], data['place'])
                         ~~~~~~~~~~~~~~~~^^^^^^^^^^^^^^^^^^^^^^^^^^^^^^^^^^^^^^^^^^^^^^^^^^^^^^^^
TypeError: get_section_data() takes 3 positional arguments but 4 were given
[2026-02-07 21:19:45] INFO in dispatcher: Start polling
[2026-02-07 21:19:45] INFO in dispatcher: Run polling for bot @prot_xafda_bot id=7616289372 - 'prot_bot'
[2026-02-07 21:19:48] INFO in dispatcher: Update id=219030148 is handled. Duration 317 ms by bot id=7616289372
[2026-02-07 21:19:49] INFO in dispatcher: Update id=219030149 is handled. Duration 97 ms by bot id=7616289372
[2026-02-07 21:19:50] INFO in dispatcher: Update id=219030150 is handled. Duration 82 ms by bot id=7616289372
[2026-02-07 21:19:53] INFO in dispatcher: Update id=219030151 is handled. Duration 161 ms by bot id=7616289372
[2026-02-07 21:19:55] INFO in dispatcher: Update id=219030152 is handled. Duration 133 ms by bot id=7616289372
[2026-02-07 21:19:57] INFO in dispatcher: Update id=219030153 is handled. Duration 340 ms by bot id=7616289372
[2026-02-07 21:20:04] INFO in dispatcher: Update id=219030154 is handled. Duration 73 ms by bot id=7616289372
[2026-02-07 21:20:13] INFO in dispatcher: Update id=219030155 is handled. Duration 297 ms by bot id=7616289372
[2026-02-07 21:20:41] INFO in dispatcher: Update id=219030156 is handled. Duration 126 ms by bot id=7616289372
[2026-02-07 21:20:42] INFO in dispatcher: Update id=219030157 is handled. Duration 63 ms by bot id=7616289372
[2026-02-07 21:20:44] INFO in dispatcher: Update id=219030158 is handled. Duration 61 ms by bot id=7616289372
[2026-02-07 21:20:45] INFO in dispatcher: Update id=219030159 is handled. Duration 62 ms by bot id=7616289372
[2026-02-07 21:20:48] INFO in dispatcher: Update id=219030160 is handled. Duration 118 ms by bot id=7616289372
[2026-02-07 21:20:56] INFO in dispatcher: Update id=219030161 is handled. Duration 64 ms by bot id=7616289372
[2026-02-07 21:20:58] INFO in dispatcher: Update id=219030162 is handled. Duration 423 ms by bot id=7616289372
[2026-02-07 21:22:55] INFO in dispatcher: Update id=219030163 is handled. Duration 72 ms by bot id=7616289372
[2026-02-07 21:22:58] INFO in dispatcher: Update id=219030164 is handled. Duration 76 ms by bot id=7616289372
[2026-02-07 21:22:59] INFO in dispatcher: Update id=219030165 is handled. Duration 125 ms by bot id=7616289372
[2026-02-07 21:23:06] INFO in dispatcher: Update id=219030166 is handled. Duration 68 ms by bot id=7616289372
[2026-02-07 21:23:08] INFO in dispatcher: Update id=219030167 is handled. Duration 120 ms by bot id=7616289372
[2026-02-07 21:23:10] INFO in dispatcher: Update id=219030168 is handled. Duration 163 ms by bot id=7616289372
[2026-02-07 21:23:11] INFO in dispatcher: Update id=219030169 is handled. Duration 126 ms by bot id=7616289372
[2026-02-07 21:23:13] INFO in dispatcher: Update id=219030170 is handled. Duration 108 ms by bot id=7616289372
[2026-02-07 21:23:16] INFO in dispatcher: Update id=219030171 is handled. Duration 111 ms by bot id=7616289372
[2026-02-07 21:23:19] INFO in dispatcher: Update id=219030172 is handled. Duration 118 ms by bot id=7616289372
[2026-02-07 21:23:20] INFO in dispatcher: Update id=219030173 is handled. Duration 129 ms by bot id=7616289372
[2026-02-07 21:23:22] INFO in dispatcher: Update id=219030174 is handled. Duration 63 ms by bot id=7616289372
[2026-02-07 21:23:23] INFO in dispatcher: Update id=219030175 is handled. Duration 68 ms by bot id=7616289372
[2026-02-07 21:23:27] INFO in dispatcher: Update id=219030176 is handled. Duration 322 ms by bot id=7616289372
[2026-02-07 21:23:29] INFO in dispatcher: Update id=219030177 is handled. Duration 377 ms by bot id=7616289372
[2026-02-07 21:23:34] INFO in dispatcher: Update id=219030178 is handled. Duration 734 ms by bot id=7616289372
[2026-02-07 21:23:36] INFO in dispatcher: Update id=219030179 is handled. Duration 197 ms by bot id=7616289372
[2026-02-07 21:23:42] INFO in dispatcher: Update id=219030180 is handled. Duration 72 ms by bot id=7616289372
[2026-02-07 21:23:43] INFO in dispatcher: Update id=219030181 is handled. Duration 140 ms by bot id=7616289372
[2026-02-07 21:28:29] INFO in dispatcher: Start polling
[2026-02-07 21:28:29] INFO in dispatcher: Run polling for bot @prot_xafda_bot id=7616289372 - 'prot_bot'
[2026-02-07 21:28:29] INFO in dispatcher: Update id=219030185 is not handled. Duration 13 ms by bot id=7616289372
[2026-02-07 21:28:29] INFO in dispatcher: Update id=219030184 is not handled. Duration 102 ms by bot id=7616289372
[2026-02-07 21:28:29] INFO in dispatcher: Update id=219030183 is handled. Duration 304 ms by bot id=7616289372
[2026-02-07 21:28:29] INFO in dispatcher: Update id=219030182 is handled. Duration 338 ms by bot id=7616289372
[2026-02-07 21:28:35] INFO in dispatcher: Update id=219030186 is handled. Duration 63 ms by bot id=7616289372
[2026-02-07 21:28:38] INFO in dispatcher: Update id=219030187 is handled. Duration 68 ms by bot id=7616289372
[2026-02-07 21:28:39] INFO in dispatcher: Update id=219030188 is handled. Duration 78 ms by bot id=7616289372
[2026-02-07 21:28:40] INFO in dispatcher: Update id=219030189 is handled. Duration 122 ms by bot id=7616289372
[2026-02-07 21:28:41] INFO in dispatcher: Update id=219030190 is handled. Duration 69 ms by bot id=7616289372
[2026-02-07 21:28:44] INFO in dispatcher: Update id=219030191 is handled. Duration 96 ms by bot id=7616289372
[2026-02-07 21:28:48] INFO in dispatcher: Update id=219030192 is handled. Duration 158 ms by bot id=7616289372
[2026-02-07 21:30:06] INFO in dispatcher: Start polling
[2026-02-07 21:30:06] INFO in dispatcher: Run polling for bot @prot_xafda_bot id=7616289372 - 'prot_bot'
[2026-02-07 21:31:25] INFO in dispatcher: Start polling
[2026-02-07 21:31:25] INFO in dispatcher: Run polling for bot @prot_xafda_bot id=7616289372 - 'prot_bot'
[2026-02-07 21:31:29] INFO in dispatcher: Update id=219030193 is handled. Duration 252 ms by bot id=7616289372
[2026-02-07 21:31:30] INFO in dispatcher: Update id=219030194 is handled. Duration 160 ms by bot id=7616289372
[2026-02-07 21:31:31] INFO in dispatcher: Update id=219030195 is handled. Duration 70 ms by bot id=7616289372
[2026-02-07 21:31:32] INFO in dispatcher: Update id=219030196 is handled. Duration 63 ms by bot id=7616289372
[2026-02-07 21:31:34] INFO in dispatcher: Update id=219030197 is handled. Duration 112 ms by bot id=7616289372
[2026-02-07 21:31:38] INFO in dispatcher: Update id=219030198 is handled. Duration 67 ms by bot id=7616289372
[2026-02-07 21:31:42] INFO in dispatcher: Update id=219030199 is handled. Duration 428 ms by bot id=7616289372
[2026-02-07 21:31:43] INFO in dispatcher: Update id=219030200 is handled. Duration 170 ms by bot id=7616289372
[2026-02-07 21:46:00] ERROR in dispatcher: Failed to fetch updates - TelegramNetworkError: HTTP Client says - Request timeout error
[2026-02-07 21:46:00] WARNING in dispatcher: Sleep for 1.000000 seconds and try again... (tryings = 0, bot id = 7616289372)
[2026-02-07 21:46:11] INFO in dispatcher: Connection established (tryings = 1, bot id = 7616289372)
[2026-02-07 22:08:51] ERROR in dispatcher: Failed to fetch updates - TelegramNetworkError: HTTP Client says - Request timeout error
[2026-02-07 22:08:51] WARNING in dispatcher: Sleep for 1.000000 seconds and try again... (tryings = 0, bot id = 7616289372)
[2026-02-07 22:09:02] INFO in dispatcher: Connection established (tryings = 1, bot id = 7616289372)
[2026-02-07 22:14:55] ERROR in dispatcher: Failed to fetch updates - TelegramNetworkError: HTTP Client says - Request timeout error
[2026-02-07 22:14:55] WARNING in dispatcher: Sleep for 1.000000 seconds and try again... (tryings = 0, bot id = 7616289372)
[2026-02-07 22:15:06] INFO in dispatcher: Connection established (tryings = 1, bot id = 7616289372)
[2026-02-07 22:35:34] INFO in dispatcher: Start polling
[2026-02-07 22:35:34] INFO in dispatcher: Run polling for bot @prot_xafda_bot id=7616289372 - 'prot_bot'
[2026-02-07 22:35:41] INFO in dispatcher: Update id=219030201 is handled. Duration 258 ms by bot id=7616289372
[2026-02-07 22:35:42] INFO in dispatcher: Update id=219030202 is handled. Duration 64 ms by bot id=7616289372
[2026-02-07 22:35:43] INFO in dispatcher: Update id=219030203 is handled. Duration 64 ms by bot id=7616289372
[2026-02-07 22:35:44] INFO in dispatcher: Update id=219030204 is handled. Duration 68 ms by bot id=7616289372
[2026-02-07 22:35:48] INFO in dispatcher: Update id=219030205 is handled. Duration 127 ms by bot id=7616289372
[2026-02-07 22:35:50] INFO in dispatcher: Update id=219030206 is handled. Duration 313 ms by bot id=7616289372
[2026-02-07 22:36:46] INFO in dispatcher: Start polling
[2026-02-07 22:36:46] INFO in dispatcher: Run polling for bot @prot_xafda_bot id=7616289372 - 'prot_bot'
[2026-02-07 22:36:46] INFO in dispatcher: Update id=219030207 is not handled. Duration 1 ms by bot id=7616289372
[2026-02-07 22:36:49] INFO in dispatcher: Update id=219030208 is handled. Duration 189 ms by bot id=7616289372
[2026-02-07 22:37:05] INFO in dispatcher: Update id=219030209 is handled. Duration 72 ms by bot id=7616289372
[2026-02-07 22:37:06] INFO in dispatcher: Update id=219030210 is handled. Duration 114 ms by bot id=7616289372
[2026-02-07 22:37:07] INFO in dispatcher: Update id=219030211 is handled. Duration 62 ms by bot id=7616289372
[2026-02-07 22:37:08] INFO in dispatcher: Update id=219030212 is handled. Duration 70 ms by bot id=7616289372
[2026-02-07 22:37:09] INFO in dispatcher: Update id=219030213 is handled. Duration 109 ms by bot id=7616289372
[2026-02-07 22:37:13] INFO in dispatcher: Update id=219030214 is handled. Duration 110 ms by bot id=7616289372
[2026-02-07 22:37:15] INFO in dispatcher: Update id=219030215 is handled. Duration 647 ms by bot id=7616289372
[2026-02-07 22:37:17] INFO in dispatcher: Update id=219030216 is handled. Duration 124 ms by bot id=7616289372
[2026-02-07 22:37:18] INFO in dispatcher: Update id=219030217 is handled. Duration 131 ms by bot id=7616289372
[2026-02-07 22:37:19] INFO in dispatcher: Update id=219030218 is handled. Duration 176 ms by bot id=7616289372
[2026-02-07 22:37:20] INFO in dispatcher: Update id=219030219 is handled. Duration 63 ms by bot id=7616289372
[2026-02-07 22:37:28] INFO in dispatcher: Update id=219030220 is handled. Duration 61 ms by bot id=7616289372
[2026-02-07 22:37:29] INFO in dispatcher: Update id=219030221 is handled. Duration 194 ms by bot id=7616289372
[2026-02-07 22:38:28] INFO in dispatcher: Update id=219030222 is handled. Duration 64 ms by bot id=7616289372
[2026-02-07 22:38:29] INFO in dispatcher: Update id=219030223 is handled. Duration 126 ms by bot id=7616289372
[2026-02-07 22:39:13] INFO in dispatcher: Start polling
[2026-02-07 22:39:13] INFO in dispatcher: Run polling for bot @prot_xafda_bot id=7616289372 - 'prot_bot'
[2026-02-07 22:39:16] INFO in dispatcher: Update id=219030224 is handled. Duration 187 ms by bot id=7616289372
[2026-02-07 22:39:17] INFO in dispatcher: Update id=219030225 is handled. Duration 67 ms by bot id=7616289372
[2026-02-07 22:39:18] INFO in dispatcher: Update id=219030226 is handled. Duration 117 ms by bot id=7616289372
[2026-02-07 22:39:19] INFO in dispatcher: Update id=219030227 is handled. Duration 66 ms by bot id=7616289372
[2026-02-07 22:39:20] INFO in dispatcher: Update id=219030228 is handled. Duration 62 ms by bot id=7616289372
[2026-02-07 22:39:21] INFO in dispatcher: Update id=219030229 is handled. Duration 118 ms by bot id=7616289372
[2026-02-07 22:39:23] INFO in dispatcher: Update id=219030230 is handled. Duration 143 ms by bot id=7616289372
[2026-02-07 22:39:25] INFO in dispatcher: Update id=219030231 is handled. Duration 1036 ms by bot id=7616289372
[2026-02-07 22:39:26] INFO in dispatcher: Update id=219030232 is handled. Duration 961 ms by bot id=7616289372
[2026-02-07 22:39:27] INFO in dispatcher: Update id=219030233 is handled. Duration 86 ms by bot id=7616289372
[2026-02-07 22:39:29] INFO in dispatcher: Update id=219030234 is handled. Duration 173 ms by bot id=7616289372
[2026-02-07 22:39:29] INFO in dispatcher: Update id=219030235 is handled. Duration 117 ms by bot id=7616289372
[2026-02-07 22:39:32] INFO in dispatcher: Update id=219030236 is handled. Duration 81 ms by bot id=7616289372
[2026-02-07 22:39:34] INFO in dispatcher: Update id=219030237 is handled. Duration 282 ms by bot id=7616289372
[2026-02-07 22:40:30] INFO in dispatcher: Update id=219030238 is handled. Duration 75 ms by bot id=7616289372
[2026-02-07 22:40:31] INFO in dispatcher: Update id=219030239 is handled. Duration 111 ms by bot id=7616289372
[2026-02-07 22:41:31] INFO in dispatcher: Start polling
[2026-02-07 22:41:31] INFO in dispatcher: Run polling for bot @prot_xafda_bot id=7616289372 - 'prot_bot'
[2026-02-07 22:41:33] INFO in dispatcher: Update id=219030240 is handled. Duration 182 ms by bot id=7616289372
[2026-02-07 22:41:34] INFO in dispatcher: Update id=219030241 is handled. Duration 75 ms by bot id=7616289372
[2026-02-07 22:41:34] INFO in dispatcher: Update id=219030242 is handled. Duration 267 ms by bot id=7616289372
[2026-02-07 22:41:36] INFO in dispatcher: Update id=219030243 is handled. Duration 227 ms by bot id=7616289372
[2026-02-07 22:41:37] INFO in dispatcher: Update id=219030244 is handled. Duration 62 ms by bot id=7616289372
[2026-02-07 22:41:38] INFO in dispatcher: Update id=219030245 is handled. Duration 61 ms by bot id=7616289372
[2026-02-07 22:41:38] INFO in dispatcher: Update id=219030246 is handled. Duration 66 ms by bot id=7616289372
[2026-02-07 22:41:40] INFO in dispatcher: Update id=219030247 is handled. Duration 129 ms by bot id=7616289372
[2026-02-07 22:41:42] INFO in dispatcher: Update id=219030248 is handled. Duration 58 ms by bot id=7616289372
[2026-02-07 22:41:44] INFO in dispatcher: Update id=219030249 is handled. Duration 152 ms by bot id=7616289372
[2026-02-07 22:41:46] INFO in dispatcher: Update id=219030250 is handled. Duration 361 ms by bot id=7616289372
[2026-02-07 22:42:56] ERROR in dispatcher: Failed to fetch updates - TelegramNetworkError: HTTP Client says - Request timeout error
[2026-02-07 22:42:56] WARNING in dispatcher: Sleep for 1.000000 seconds and try again... (tryings = 0, bot id = 7616289372)
[2026-02-07 22:42:57] INFO in dispatcher: Connection established (tryings = 1, bot id = 7616289372)
[2026-02-07 22:42:57] INFO in dispatcher: Update id=219030253 is handled. Duration 189 ms by bot id=7616289372
[2026-02-07 22:42:57] INFO in dispatcher: Update id=219030251 is handled. Duration 244 ms by bot id=7616289372
[2026-02-07 22:42:57] INFO in dispatcher: Update id=219030252 is handled. Duration 252 ms by bot id=7616289372
[2026-02-07 22:43:01] INFO in dispatcher: Update id=219030254 is handled. Duration 64 ms by bot id=7616289372
[2026-02-07 22:43:05] INFO in dispatcher: Update id=219030255 is handled. Duration 115 ms by bot id=7616289372
[2026-02-07 22:43:10] INFO in dispatcher: Update id=219030256 is handled. Duration 63 ms by bot id=7616289372
[2026-02-07 22:43:14] INFO in dispatcher: Update id=219030257 is handled. Duration 138 ms by bot id=7616289372
[2026-02-07 22:43:21] INFO in dispatcher: Update id=219030258 is handled. Duration 127 ms by bot id=7616289372
[2026-02-07 22:43:23] INFO in dispatcher: Update id=219030259 is handled. Duration 80 ms by bot id=7616289372
[2026-02-07 22:43:24] INFO in dispatcher: Update id=219030260 is handled. Duration 211 ms by bot id=7616289372
[2026-02-07 22:43:25] INFO in dispatcher: Update id=219030261 is handled. Duration 65 ms by bot id=7616289372
[2026-02-07 22:43:26] INFO in dispatcher: Update id=219030262 is handled. Duration 135 ms by bot id=7616289372
[2026-02-07 22:43:27] INFO in dispatcher: Update id=219030263 is handled. Duration 115 ms by bot id=7616289372
[2026-02-07 22:43:29] INFO in dispatcher: Update id=219030264 is handled. Duration 64 ms by bot id=7616289372
[2026-02-07 22:43:30] INFO in dispatcher: Update id=219030265 is handled. Duration 289 ms by bot id=7616289372
[2026-02-07 22:43:32] INFO in dispatcher: Update id=219030266 is handled. Duration 61 ms by bot id=7616289372
[2026-02-07 22:43:34] INFO in dispatcher: Update id=219030267 is handled. Duration 378 ms by bot id=7616289372
[2026-02-07 22:43:36] INFO in dispatcher: Update id=219030268 is handled. Duration 65 ms by bot id=7616289372
[2026-02-07 22:43:37] INFO in dispatcher: Update id=219030269 is handled. Duration 112 ms by bot id=7616289372
[2026-02-07 22:43:39] INFO in dispatcher: Update id=219030270 is handled. Duration 110 ms by bot id=7616289372
[2026-02-07 22:43:41] INFO in dispatcher: Update id=219030271 is handled. Duration 439 ms by bot id=7616289372
[2026-02-07 22:43:42] INFO in dispatcher: Update id=219030272 is handled. Duration 69 ms by bot id=7616289372
[2026-02-07 22:43:42] INFO in dispatcher: Update id=219030273 is handled. Duration 66 ms by bot id=7616289372
[2026-02-07 22:43:44] INFO in dispatcher: Update id=219030274 is handled. Duration 114 ms by bot id=7616289372
[2026-02-07 22:43:45] INFO in dispatcher: Update id=219030275 is handled. Duration 84 ms by bot id=7616289372
[2026-02-07 22:43:46] INFO in dispatcher: Update id=219030276 is handled. Duration 66 ms by bot id=7616289372
[2026-02-07 22:43:47] INFO in dispatcher: Update id=219030277 is handled. Duration 334 ms by bot id=7616289372
[2026-02-07 22:43:51] INFO in dispatcher: Update id=219030278 is handled. Duration 66 ms by bot id=7616289372
[2026-02-07 22:43:52] INFO in dispatcher: Update id=219030279 is handled. Duration 112 ms by bot id=7616289372
[2026-02-07 22:44:01] INFO in dispatcher: Update id=219030280 is handled. Duration 148 ms by bot id=7616289372
[2026-02-07 22:44:01] INFO in dispatcher: Update id=219030281 is handled. Duration 157 ms by bot id=7616289372
[2026-02-07 22:44:04] INFO in dispatcher: Update id=219030282 is handled. Duration 180 ms by bot id=7616289372
[2026-02-07 22:44:17] INFO in dispatcher: Update id=219030283 is handled. Duration 63 ms by bot id=7616289372
[2026-02-07 22:46:17] INFO in dispatcher: Update id=219030284 is not handled. Duration 1 ms by bot id=7616289372
[2026-02-07 22:46:24] INFO in dispatcher: Update id=219030285 is handled. Duration 110 ms by bot id=7616289372
[2026-02-07 22:46:26] INFO in dispatcher: Update id=219030286 is handled. Duration 61 ms by bot id=7616289372
[2026-02-07 22:46:26] INFO in dispatcher: Update id=219030287 is handled. Duration 66 ms by bot id=7616289372
[2026-02-07 22:46:27] INFO in dispatcher: Update id=219030288 is handled. Duration 63 ms by bot id=7616289372
[2026-02-07 22:46:28] INFO in dispatcher: Update id=219030289 is handled. Duration 222 ms by bot id=7616289372
[2026-02-07 22:46:29] INFO in dispatcher: Update id=219030290 is handled. Duration 333 ms by bot id=7616289372
[2026-02-07 22:46:31] INFO in dispatcher: Update id=219030291 is not handled. Duration 1 ms by bot id=7616289372
[2026-02-07 22:46:31] ERROR in dispatcher: Cause exception while process update id=219030291 by bot id=7616289372
AttributeError: 'BanStorage' object has no attribute 'write_all'
Traceback (most recent call last):
  File "C:\Users\arsry\AppData\Local\Programs\Python\Python313\Lib\site-packages\aiogram\dispatcher\dispatcher.py", line 309, in _process_update
    response = await self.feed_update(bot, update, **kwargs)
               ^^^^^^^^^^^^^^^^^^^^^^^^^^^^^^^^^^^^^^^^^^^^^
  File "C:\Users\arsry\AppData\Local\Programs\Python\Python313\Lib\site-packages\aiogram\dispatcher\dispatcher.py", line 158, in feed_update
    response = await self.update.wrap_outer_middleware(
               ^^^^^^^^^^^^^^^^^^^^^^^^^^^^^^^^^^^^^^^^
    ...<7 lines>...
    )
    ^
  File "C:\Users\arsry\AppData\Local\Programs\Python\Python313\Lib\site-packages\aiogram\dispatcher\middlewares\error.py", line 25, in __call__
    return await handler(event, data)
           ^^^^^^^^^^^^^^^^^^^^^^^^^^
  File "C:\Users\arsry\AppData\Local\Programs\Python\Python313\Lib\site-packages\aiogram\dispatcher\middlewares\user_context.py", line 56, in __call__
    return await handler(event, data)
           ^^^^^^^^^^^^^^^^^^^^^^^^^^
  File "C:\Users\arsry\AppData\Local\Programs\Python\Python313\Lib\site-packages\aiogram\fsm\middleware.py", line 42, in __call__
    return await handler(event, data)
           ^^^^^^^^^^^^^^^^^^^^^^^^^^
  File "C:\Users\arsry\AppData\Local\Programs\Python\Python313\Lib\site-packages\aiogram\dispatcher\event\telegram.py", line 121, in trigger
    return await wrapped_inner(event, kwargs)
           ^^^^^^^^^^^^^^^^^^^^^^^^^^^^^^^^^^
  File "C:\Users\arsry\AppData\Local\Programs\Python\Python313\Lib\site-packages\aiogram\dispatcher\event\handler.py", line 43, in call
    return await wrapped()
           ^^^^^^^^^^^^^^^
  File "C:\Users\arsry\AppData\Local\Programs\Python\Python313\Lib\site-packages\aiogram\dispatcher\dispatcher.py", line 276, in _listen_update
    return await self.propagate_event(update_type=update_type, event=event, **kwargs)
           ^^^^^^^^^^^^^^^^^^^^^^^^^^^^^^^^^^^^^^^^^^^^^^^^^^^^^^^^^^^^^^^^^^^^^^^^^^
  File "C:\Users\arsry\AppData\Local\Programs\Python\Python313\Lib\site-packages\aiogram\dispatcher\router.py", line 146, in propagate_event
    return await observer.wrap_outer_middleware(_wrapped, event=event, data=kwargs)
           ^^^^^^^^^^^^^^^^^^^^^^^^^^^^^^^^^^^^^^^^^^^^^^^^^^^^^^^^^^^^^^^^^^^^^^^^
  File "C:\Users\arsry\AppData\Local\Programs\Python\Python313\Lib\site-packages\aiogram\dispatcher\router.py", line 141, in _wrapped
    return await self._propagate_event(
           ^^^^^^^^^^^^^^^^^^^^^^^^^^^^
        observer=observer, update_type=update_type, event=telegram_event, **data
        ^^^^^^^^^^^^^^^^^^^^^^^^^^^^^^^^^^^^^^^^^^^^^^^^^^^^^^^^^^^^^^^^^^^^^^^^
    )
    ^
  File "C:\Users\arsry\AppData\Local\Programs\Python\Python313\Lib\site-packages\aiogram\dispatcher\router.py", line 174, in _propagate_event
    response = await router.propagate_event(update_type=update_type, event=event, **kwargs)
               ^^^^^^^^^^^^^^^^^^^^^^^^^^^^^^^^^^^^^^^^^^^^^^^^^^^^^^^^^^^^^^^^^^^^^^^^^^^^
  File "C:\Users\arsry\AppData\Local\Programs\Python\Python313\Lib\site-packages\aiogram\dispatcher\router.py", line 146, in propagate_event
    return await observer.wrap_outer_middleware(_wrapped, event=event, data=kwargs)
           ^^^^^^^^^^^^^^^^^^^^^^^^^^^^^^^^^^^^^^^^^^^^^^^^^^^^^^^^^^^^^^^^^^^^^^^^
  File "C:\Users\arsry\AppData\Local\Programs\Python\Python313\Lib\site-packages\aiogram\dispatcher\router.py", line 141, in _wrapped
    return await self._propagate_event(
           ^^^^^^^^^^^^^^^^^^^^^^^^^^^^
        observer=observer, update_type=update_type, event=telegram_event, **data
        ^^^^^^^^^^^^^^^^^^^^^^^^^^^^^^^^^^^^^^^^^^^^^^^^^^^^^^^^^^^^^^^^^^^^^^^^
    )
    ^
  File "C:\Users\arsry\AppData\Local\Programs\Python\Python313\Lib\site-packages\aiogram\dispatcher\router.py", line 166, in _propagate_event
    response = await observer.trigger(event, **kwargs)
               ^^^^^^^^^^^^^^^^^^^^^^^^^^^^^^^^^^^^^^^
  File "C:\Users\arsry\AppData\Local\Programs\Python\Python313\Lib\site-packages\aiogram\dispatcher\event\telegram.py", line 121, in trigger
    return await wrapped_inner(event, kwargs)
           ^^^^^^^^^^^^^^^^^^^^^^^^^^^^^^^^^^
  File "C:\Users\arsry\Desktop\запись на секции\tg_bot\middlewares\throttling.py", line 33, in __call__
    await self.ban_storage.write_all(self.banned_users)
          ^^^^^^^^^^^^^^^^^^^^^^^^^^
AttributeError: 'BanStorage' object has no attribute 'write_all'
[2026-02-07 22:47:43] INFO in dispatcher: Start polling
[2026-02-07 22:47:43] INFO in dispatcher: Run polling for bot @prot_xafda_bot id=7616289372 - 'prot_bot'
[2026-02-07 22:47:45] INFO in dispatcher: Update id=219030292 is handled. Duration 242 ms by bot id=7616289372
[2026-02-07 22:47:46] INFO in dispatcher: Update id=219030293 is handled. Duration 66 ms by bot id=7616289372
[2026-02-07 22:47:46] INFO in dispatcher: Update id=219030294 is handled. Duration 70 ms by bot id=7616289372
[2026-02-07 22:47:48] INFO in dispatcher: Update id=219030295 is handled. Duration 61 ms by bot id=7616289372
[2026-02-07 22:47:49] INFO in dispatcher: Update id=219030296 is handled. Duration 262 ms by bot id=7616289372
[2026-02-07 22:47:50] INFO in dispatcher: Update id=219030297 is handled. Duration 59 ms by bot id=7616289372
[2026-02-07 22:47:57] INFO in dispatcher: Update id=219030298 is not handled. Duration 2 ms by bot id=7616289372
[2026-02-07 22:47:57] ERROR in dispatcher: Cause exception while process update id=219030298 by bot id=7616289372
AttributeError: 'BanStorage' object has no attribute 'write_all'
Traceback (most recent call last):
  File "C:\Users\arsry\AppData\Local\Programs\Python\Python313\Lib\site-packages\aiogram\dispatcher\dispatcher.py", line 309, in _process_update
    response = await self.feed_update(bot, update, **kwargs)
               ^^^^^^^^^^^^^^^^^^^^^^^^^^^^^^^^^^^^^^^^^^^^^
  File "C:\Users\arsry\AppData\Local\Programs\Python\Python313\Lib\site-packages\aiogram\dispatcher\dispatcher.py", line 158, in feed_update
    response = await self.update.wrap_outer_middleware(
               ^^^^^^^^^^^^^^^^^^^^^^^^^^^^^^^^^^^^^^^^
    ...<7 lines>...
    )
    ^
  File "C:\Users\arsry\AppData\Local\Programs\Python\Python313\Lib\site-packages\aiogram\dispatcher\middlewares\error.py", line 25, in __call__
    return await handler(event, data)
           ^^^^^^^^^^^^^^^^^^^^^^^^^^
  File "C:\Users\arsry\AppData\Local\Programs\Python\Python313\Lib\site-packages\aiogram\dispatcher\middlewares\user_context.py", line 56, in __call__
    return await handler(event, data)
           ^^^^^^^^^^^^^^^^^^^^^^^^^^
  File "C:\Users\arsry\AppData\Local\Programs\Python\Python313\Lib\site-packages\aiogram\fsm\middleware.py", line 42, in __call__
    return await handler(event, data)
           ^^^^^^^^^^^^^^^^^^^^^^^^^^
  File "C:\Users\arsry\AppData\Local\Programs\Python\Python313\Lib\site-packages\aiogram\dispatcher\event\telegram.py", line 121, in trigger
    return await wrapped_inner(event, kwargs)
           ^^^^^^^^^^^^^^^^^^^^^^^^^^^^^^^^^^
  File "C:\Users\arsry\AppData\Local\Programs\Python\Python313\Lib\site-packages\aiogram\dispatcher\event\handler.py", line 43, in call
    return await wrapped()
           ^^^^^^^^^^^^^^^
  File "C:\Users\arsry\AppData\Local\Programs\Python\Python313\Lib\site-packages\aiogram\dispatcher\dispatcher.py", line 276, in _listen_update
    return await self.propagate_event(update_type=update_type, event=event, **kwargs)
           ^^^^^^^^^^^^^^^^^^^^^^^^^^^^^^^^^^^^^^^^^^^^^^^^^^^^^^^^^^^^^^^^^^^^^^^^^^
  File "C:\Users\arsry\AppData\Local\Programs\Python\Python313\Lib\site-packages\aiogram\dispatcher\router.py", line 146, in propagate_event
    return await observer.wrap_outer_middleware(_wrapped, event=event, data=kwargs)
           ^^^^^^^^^^^^^^^^^^^^^^^^^^^^^^^^^^^^^^^^^^^^^^^^^^^^^^^^^^^^^^^^^^^^^^^^
  File "C:\Users\arsry\AppData\Local\Programs\Python\Python313\Lib\site-packages\aiogram\dispatcher\router.py", line 141, in _wrapped
    return await self._propagate_event(
           ^^^^^^^^^^^^^^^^^^^^^^^^^^^^
        observer=observer, update_type=update_type, event=telegram_event, **data
        ^^^^^^^^^^^^^^^^^^^^^^^^^^^^^^^^^^^^^^^^^^^^^^^^^^^^^^^^^^^^^^^^^^^^^^^^
    )
    ^
  File "C:\Users\arsry\AppData\Local\Programs\Python\Python313\Lib\site-packages\aiogram\dispatcher\router.py", line 174, in _propagate_event
    response = await router.propagate_event(update_type=update_type, event=event, **kwargs)
               ^^^^^^^^^^^^^^^^^^^^^^^^^^^^^^^^^^^^^^^^^^^^^^^^^^^^^^^^^^^^^^^^^^^^^^^^^^^^
  File "C:\Users\arsry\AppData\Local\Programs\Python\Python313\Lib\site-packages\aiogram\dispatcher\router.py", line 146, in propagate_event
    return await observer.wrap_outer_middleware(_wrapped, event=event, data=kwargs)
           ^^^^^^^^^^^^^^^^^^^^^^^^^^^^^^^^^^^^^^^^^^^^^^^^^^^^^^^^^^^^^^^^^^^^^^^^
  File "C:\Users\arsry\AppData\Local\Programs\Python\Python313\Lib\site-packages\aiogram\dispatcher\router.py", line 141, in _wrapped
    return await self._propagate_event(
           ^^^^^^^^^^^^^^^^^^^^^^^^^^^^
        observer=observer, update_type=update_type, event=telegram_event, **data
        ^^^^^^^^^^^^^^^^^^^^^^^^^^^^^^^^^^^^^^^^^^^^^^^^^^^^^^^^^^^^^^^^^^^^^^^^
    )
    ^
  File "C:\Users\arsry\AppData\Local\Programs\Python\Python313\Lib\site-packages\aiogram\dispatcher\router.py", line 166, in _propagate_event
    response = await observer.trigger(event, **kwargs)
               ^^^^^^^^^^^^^^^^^^^^^^^^^^^^^^^^^^^^^^^
  File "C:\Users\arsry\AppData\Local\Programs\Python\Python313\Lib\site-packages\aiogram\dispatcher\event\telegram.py", line 121, in trigger
    return await wrapped_inner(event, kwargs)
           ^^^^^^^^^^^^^^^^^^^^^^^^^^^^^^^^^^
  File "C:\Users\arsry\Desktop\запись на секции\tg_bot\middlewares\throttling.py", line 33, in __call__
    await self.ban_storage.write_all(self.banned_users)
          ^^^^^^^^^^^^^^^^^^^^^^^^^^
AttributeError: 'BanStorage' object has no attribute 'write_all'
[2026-02-07 22:50:02] INFO in dispatcher: Start polling
[2026-02-07 22:50:02] INFO in dispatcher: Run polling for bot @prot_xafda_bot id=7616289372 - 'prot_bot'
[2026-02-07 22:50:03] INFO in dispatcher: Update id=219030299 is handled. Duration 234 ms by bot id=7616289372
[2026-02-07 22:50:03] INFO in dispatcher: Update id=219030300 is handled. Duration 67 ms by bot id=7616289372
[2026-02-07 22:50:04] INFO in dispatcher: Update id=219030301 is handled. Duration 120 ms by bot id=7616289372
[2026-02-07 22:50:05] INFO in dispatcher: Update id=219030302 is handled. Duration 113 ms by bot id=7616289372
[2026-02-07 22:50:06] INFO in dispatcher: Update id=219030303 is handled. Duration 112 ms by bot id=7616289372
[2026-02-07 22:50:07] INFO in dispatcher: Update id=219030304 is handled. Duration 73 ms by bot id=7616289372
[2026-02-07 22:50:12] INFO in dispatcher: Update id=219030305 is handled. Duration 73 ms by bot id=7616289372
[2026-02-07 23:01:46] INFO in dispatcher: Start polling
[2026-02-07 23:01:46] INFO in dispatcher: Run polling for bot @prot_xafda_bot id=7616289372 - 'prot_bot'
[2026-02-07 23:01:46] INFO in dispatcher: Polling stopped
[2026-02-07 23:01:46] INFO in dispatcher: Polling stopped for bot @prot_xafda_bot id=7616289372 - 'prot_bot'
[2026-02-07 23:05:08] INFO in dispatcher: Start polling
[2026-02-07 23:05:08] INFO in dispatcher: Run polling for bot @prot_xafda_bot id=7616289372 - 'prot_bot'
[2026-02-07 23:05:09] INFO in dispatcher: Polling stopped
[2026-02-07 23:05:09] INFO in dispatcher: Polling stopped for bot @prot_xafda_bot id=7616289372 - 'prot_bot'
[2026-02-07 23:06:37] INFO in dispatcher: Start polling
[2026-02-07 23:06:37] INFO in dispatcher: Run polling for bot @prot_xafda_bot id=7616289372 - 'prot_bot'
[2026-02-07 23:06:38] INFO in dispatcher: Polling stopped
[2026-02-07 23:06:38] INFO in dispatcher: Polling stopped for bot @prot_xafda_bot id=7616289372 - 'prot_bot'
[2026-02-07 23:09:05] INFO in dispatcher: Start polling
[2026-02-07 23:09:05] INFO in dispatcher: Run polling for bot @prot_xafda_bot id=7616289372 - 'prot_bot'
[2026-02-07 23:09:05] INFO in dispatcher: Polling stopped
[2026-02-07 23:09:05] INFO in dispatcher: Polling stopped for bot @prot_xafda_bot id=7616289372 - 'prot_bot'
[2026-02-07 23:09:28] INFO in dispatcher: Start polling
[2026-02-07 23:09:28] INFO in dispatcher: Run polling for bot @prot_xafda_bot id=7616289372 - 'prot_bot'
[2026-02-07 23:09:29] INFO in dispatcher: Polling stopped
[2026-02-07 23:09:29] INFO in dispatcher: Polling stopped for bot @prot_xafda_bot id=7616289372 - 'prot_bot'
[2026-02-07 23:10:15] INFO in dispatcher: Start polling
[2026-02-07 23:10:15] INFO in dispatcher: Run polling for bot @prot_xafda_bot id=7616289372 - 'prot_bot'
[2026-02-07 23:10:16] INFO in dispatcher: Polling stopped
[2026-02-07 23:10:16] INFO in dispatcher: Polling stopped for bot @prot_xafda_bot id=7616289372 - 'prot_bot'
[2026-02-07 23:10:56] INFO in dispatcher: Start polling
[2026-02-07 23:10:56] INFO in dispatcher: Polling stopped
[2026-02-07 23:11:25] INFO in dispatcher: Start polling
[2026-02-07 23:11:25] INFO in dispatcher: Polling stopped
[2026-02-07 23:11:50] INFO in dispatcher: Start polling
[2026-02-07 23:11:51] INFO in dispatcher: Run polling for bot @prot_xafda_bot id=7616289372 - 'prot_bot'
[2026-02-07 23:11:51] INFO in dispatcher: Polling stopped
[2026-02-07 23:11:51] INFO in dispatcher: Polling stopped for bot @prot_xafda_bot id=7616289372 - 'prot_bot'
[2026-02-07 23:12:23] INFO in dispatcher: Start polling
[2026-02-07 23:12:24] INFO in dispatcher: Run polling for bot @prot_xafda_bot id=7616289372 - 'prot_bot'
[2026-02-07 23:12:24] INFO in dispatcher: Polling stopped for bot @prot_xafda_bot id=7616289372 - 'prot_bot'
[2026-02-07 23:12:24] INFO in dispatcher: Polling stopped
[2026-02-07 23:13:28] INFO in dispatcher: Start polling
[2026-02-07 23:13:28] INFO in dispatcher: Run polling for bot @prot_xafda_bot id=7616289372 - 'prot_bot'
[2026-02-07 23:13:38] ERROR in postgre_db: Команда: SELECT * FROM records WHERE (period in (2, 1)) and (day_id = 6);
Ошибка при получении данных: столбец "day_id" не существует
[2026-02-07 23:13:51] ERROR in postgre_db: Команда: SELECT * FROM records WHERE (period in (2, 1)) and (day_id = 6);
Ошибка при получении данных: столбец "day_id" не существует
[2026-02-07 23:13:56] INFO in dispatcher: Polling stopped for bot @prot_xafda_bot id=7616289372 - 'prot_bot'
[2026-02-07 23:13:56] INFO in dispatcher: Polling stopped
[2026-02-07 23:18:23] INFO in dispatcher: Start polling
[2026-02-07 23:18:24] INFO in dispatcher: Run polling for bot @prot_xafda_bot id=7616289372 - 'prot_bot'
[2026-02-07 23:18:28] INFO in dispatcher: Update id=219030306 is handled. Duration 189 ms by bot id=7616289372
[2026-02-07 23:18:31] INFO in dispatcher: Update id=219030307 is handled. Duration 68 ms by bot id=7616289372
[2026-02-07 23:18:54] INFO in dispatcher: Update id=219030308 is handled. Duration 228 ms by bot id=7616289372
[2026-02-07 23:18:56] INFO in dispatcher: Update id=219030309 is handled. Duration 67 ms by bot id=7616289372
[2026-02-07 23:18:58] INFO in dispatcher: Update id=219030310 is handled. Duration 72 ms by bot id=7616289372
[2026-02-07 23:18:59] INFO in dispatcher: Update id=219030311 is handled. Duration 71 ms by bot id=7616289372
[2026-02-07 23:19:01] INFO in dispatcher: Update id=219030312 is handled. Duration 536 ms by bot id=7616289372
[2026-02-07 23:19:05] INFO in dispatcher: Update id=219030313 is handled. Duration 66 ms by bot id=7616289372
[2026-02-07 23:19:06] INFO in dispatcher: Update id=219030314 is handled. Duration 110 ms by bot id=7616289372
[2026-02-07 23:24:41] INFO in dispatcher: Start polling
[2026-02-07 23:24:42] INFO in dispatcher: Run polling for bot @prot_xafda_bot id=7616289372 - 'prot_bot'
[2026-02-07 23:24:42] INFO in dispatcher: Polling stopped
[2026-02-07 23:24:42] INFO in dispatcher: Polling stopped for bot @prot_xafda_bot id=7616289372 - 'prot_bot'
[2026-02-07 23:27:35] INFO in dispatcher: Start polling
[2026-02-07 23:27:36] INFO in dispatcher: Run polling for bot @prot_xafda_bot id=7616289372 - 'prot_bot'
[2026-02-07 23:27:36] INFO in dispatcher: Polling stopped for bot @prot_xafda_bot id=7616289372 - 'prot_bot'
[2026-02-07 23:27:36] INFO in dispatcher: Polling stopped
[2026-02-07 23:28:24] INFO in dispatcher: Start polling
[2026-02-07 23:28:24] INFO in dispatcher: Run polling for bot @prot_xafda_bot id=7616289372 - 'prot_bot'
[2026-02-07 23:28:25] INFO in dispatcher: Polling stopped for bot @prot_xafda_bot id=7616289372 - 'prot_bot'
[2026-02-07 23:28:25] INFO in dispatcher: Polling stopped
[2026-02-07 23:32:17] INFO in dispatcher: Start polling
[2026-02-07 23:32:17] INFO in dispatcher: Run polling for bot @prot_xafda_bot id=7616289372 - 'prot_bot'
[2026-02-07 23:32:18] INFO in dispatcher: Polling stopped for bot @prot_xafda_bot id=7616289372 - 'prot_bot'
[2026-02-07 23:32:18] INFO in dispatcher: Polling stopped
[2026-02-07 23:33:55] INFO in dispatcher: Start polling
[2026-02-07 23:33:55] INFO in dispatcher: Run polling for bot @prot_xafda_bot id=7616289372 - 'prot_bot'
[2026-02-07 23:33:56] INFO in dispatcher: Polling stopped for bot @prot_xafda_bot id=7616289372 - 'prot_bot'
[2026-02-07 23:33:56] INFO in dispatcher: Polling stopped
[2026-02-07 23:35:02] INFO in dispatcher: Start polling
[2026-02-07 23:35:03] INFO in dispatcher: Run polling for bot @prot_xafda_bot id=7616289372 - 'prot_bot'
[2026-02-07 23:37:29] INFO in dispatcher: Update id=219030315 is handled. Duration 311 ms by bot id=7616289372
[2026-02-07 23:37:32] INFO in dispatcher: Update id=219030316 is handled. Duration 69 ms by bot id=7616289372
[2026-02-07 23:37:33] INFO in dispatcher: Update id=219030317 is handled. Duration 114 ms by bot id=7616289372
[2026-02-07 23:37:35] INFO in dispatcher: Update id=219030318 is handled. Duration 62 ms by bot id=7616289372
[2026-02-07 23:37:36] INFO in dispatcher: Update id=219030319 is handled. Duration 69 ms by bot id=7616289372
[2026-02-07 23:37:38] INFO in dispatcher: Update id=219030320 is handled. Duration 59 ms by bot id=7616289372
[2026-02-07 23:37:38] INFO in dispatcher: Update id=219030321 is handled. Duration 190 ms by bot id=7616289372
[2026-02-07 23:37:41] INFO in dispatcher: Update id=219030322 is handled. Duration 207 ms by bot id=7616289372
[2026-02-07 23:37:48] INFO in dispatcher: Update id=219030323 is handled. Duration 998 ms by bot id=7616289372
[2026-02-07 23:37:49] INFO in dispatcher: Update id=219030324 is handled. Duration 61 ms by bot id=7616289372
[2026-02-07 23:37:52] INFO in dispatcher: Update id=219030325 is handled. Duration 60 ms by bot id=7616289372
[2026-02-07 23:37:53] INFO in dispatcher: Update id=219030326 is handled. Duration 113 ms by bot id=7616289372
[2026-02-07 23:37:58] INFO in dispatcher: Update id=219030327 is handled. Duration 66 ms by bot id=7616289372
[2026-02-07 23:38:35] INFO in dispatcher: Update id=219030328 is handled. Duration 76 ms by bot id=7616289372
[2026-02-07 23:38:38] INFO in dispatcher: Update id=219030329 is handled. Duration 412 ms by bot id=7616289372
[2026-02-07 23:38:39] INFO in dispatcher: Update id=219030330 is handled. Duration 595 ms by bot id=7616289372
[2026-02-07 23:38:45] INFO in dispatcher: Update id=219030331 is handled. Duration 393 ms by bot id=7616289372
[2026-02-07 23:38:46] INFO in dispatcher: Update id=219030332 is handled. Duration 235 ms by bot id=7616289372
[2026-02-07 23:38:50] INFO in dispatcher: Update id=219030333 is handled. Duration 60 ms by bot id=7616289372
[2026-02-07 23:39:09] INFO in dispatcher: Update id=219030334 is handled. Duration 116 ms by bot id=7616289372
[2026-02-07 23:39:12] INFO in dispatcher: Update id=219030335 is handled. Duration 94 ms by bot id=7616289372
[2026-02-07 23:41:09] INFO in dispatcher: Polling stopped for bot @prot_xafda_bot id=7616289372 - 'prot_bot'
[2026-02-07 23:41:09] INFO in dispatcher: Polling stopped
[2026-02-07 23:42:46] INFO in dispatcher: Start polling
[2026-02-07 23:42:46] INFO in dispatcher: Run polling for bot @prot_xafda_bot id=7616289372 - 'prot_bot'
[2026-02-07 23:43:03] INFO in dispatcher: Polling stopped
[2026-02-07 23:43:03] INFO in dispatcher: Polling stopped for bot @prot_xafda_bot id=7616289372 - 'prot_bot'
[2026-02-07 23:43:44] INFO in dispatcher: Start polling
[2026-02-07 23:43:45] INFO in dispatcher: Run polling for bot @prot_xafda_bot id=7616289372 - 'prot_bot'
[2026-02-07 23:44:15] INFO in dispatcher: Polling stopped for bot @prot_xafda_bot id=7616289372 - 'prot_bot'
[2026-02-07 23:44:15] INFO in dispatcher: Polling stopped
[2026-02-07 23:44:34] INFO in dispatcher: Start polling
[2026-02-07 23:44:35] INFO in dispatcher: Run polling for bot @prot_xafda_bot id=7616289372 - 'prot_bot'
[2026-02-07 23:45:53] INFO in dispatcher: Polling stopped for bot @prot_xafda_bot id=7616289372 - 'prot_bot'
[2026-02-07 23:45:53] INFO in dispatcher: Polling stopped
[2026-02-07 23:59:17] INFO in dispatcher: Start polling
[2026-02-07 23:59:17] INFO in dispatcher: Run polling for bot @prot_xafda_bot id=7616289372 - 'prot_bot'
[2026-02-07 23:59:32] INFO in dispatcher: Polling stopped for bot @prot_xafda_bot id=7616289372 - 'prot_bot'
[2026-02-07 23:59:32] INFO in dispatcher: Polling stopped
[2026-02-07 23:59:51] INFO in dispatcher: Start polling
[2026-02-07 23:59:52] INFO in dispatcher: Run polling for bot @prot_xafda_bot id=7616289372 - 'prot_bot'
[2026-02-08 00:01:00] INFO in dispatcher: Update id=219030336 is handled. Duration 181 ms by bot id=7616289372
[2026-02-08 00:01:01] INFO in dispatcher: Update id=219030337 is handled. Duration 72 ms by bot id=7616289372
[2026-02-08 00:01:02] INFO in dispatcher: Update id=219030338 is handled. Duration 105 ms by bot id=7616289372
[2026-02-08 00:01:03] INFO in dispatcher: Update id=219030339 is handled. Duration 486 ms by bot id=7616289372
[2026-02-08 00:01:04] INFO in dispatcher: Update id=219030340 is handled. Duration 66 ms by bot id=7616289372
[2026-02-08 00:01:05] INFO in dispatcher: Update id=219030341 is handled. Duration 108 ms by bot id=7616289372
[2026-02-08 00:01:09] INFO in dispatcher: Update id=219030342 is handled. Duration 112 ms by bot id=7616289372
[2026-02-08 00:03:37] INFO in dispatcher: Start polling
[2026-02-08 00:03:37] INFO in dispatcher: Run polling for bot @prot_xafda_bot id=7616289372 - 'prot_bot'
[2026-02-08 00:04:49] INFO in dispatcher: Update id=219030343 is handled. Duration 65439 ms by bot id=7616289372
[2026-02-08 00:16:00] ERROR in dispatcher: Failed to fetch updates - TelegramNetworkError: HTTP Client says - Request timeout error
[2026-02-08 00:16:00] WARNING in dispatcher: Sleep for 1.000000 seconds and try again... (tryings = 0, bot id = 7616289372)
[2026-02-08 00:16:11] INFO in dispatcher: Connection established (tryings = 1, bot id = 7616289372)
[2026-02-08 00:18:52] ERROR in dispatcher: Failed to fetch updates - TelegramNetworkError: HTTP Client says - Request timeout error
[2026-02-08 00:18:52] WARNING in dispatcher: Sleep for 1.000000 seconds and try again... (tryings = 0, bot id = 7616289372)
[2026-02-08 00:19:03] INFO in dispatcher: Connection established (tryings = 1, bot id = 7616289372)
[2026-02-08 00:45:55] ERROR in dispatcher: Failed to fetch updates - TelegramNetworkError: HTTP Client says - Request timeout error
[2026-02-08 00:45:55] WARNING in dispatcher: Sleep for 1.000000 seconds and try again... (tryings = 0, bot id = 7616289372)
[2026-02-08 00:46:06] INFO in dispatcher: Connection established (tryings = 1, bot id = 7616289372)
[2026-02-08 01:34:12] INFO in dispatcher: Start polling
[2026-02-08 01:34:12] INFO in dispatcher: Run polling for bot @prot_xafda_bot id=7616289372 - 'prot_bot'
[2026-02-08 01:34:51] INFO in dispatcher: Update id=219030344 is handled. Duration 36910 ms by bot id=7616289372
[2026-02-08 01:35:04] INFO in dispatcher: Update id=219030345 is handled. Duration 66 ms by bot id=7616289372
[2026-02-08 01:35:05] INFO in dispatcher: Update id=219030346 is handled. Duration 271 ms by bot id=7616289372
[2026-02-08 01:35:06] INFO in dispatcher: Update id=219030347 is handled. Duration 61 ms by bot id=7616289372
[2026-02-08 01:35:09] INFO in dispatcher: Update id=219030348 is handled. Duration 128 ms by bot id=7616289372
[2026-02-08 01:35:11] INFO in dispatcher: Update id=219030349 is handled. Duration 331 ms by bot id=7616289372
[2026-02-08 01:35:12] INFO in dispatcher: Update id=219030350 is handled. Duration 62 ms by bot id=7616289372
[2026-02-08 01:35:14] INFO in dispatcher: Update id=219030351 is handled. Duration 102 ms by bot id=7616289372
[2026-02-08 01:35:16] INFO in dispatcher: Update id=219030352 is handled. Duration 505 ms by bot id=7616289372
[2026-02-08 01:35:21] INFO in dispatcher: Update id=219030353 is handled. Duration 57 ms by bot id=7616289372
[2026-02-08 01:35:23] INFO in dispatcher: Update id=219030354 is handled. Duration 62 ms by bot id=7616289372
[2026-02-08 01:35:24] INFO in dispatcher: Update id=219030355 is handled. Duration 60 ms by bot id=7616289372
[2026-02-08 01:35:25] INFO in dispatcher: Update id=219030356 is handled. Duration 108 ms by bot id=7616289372
[2026-02-08 01:35:26] INFO in dispatcher: Update id=219030357 is handled. Duration 110 ms by bot id=7616289372
[2026-02-08 01:35:27] INFO in dispatcher: Update id=219030358 is handled. Duration 90 ms by bot id=7616289372
[2026-02-08 01:35:29] INFO in dispatcher: Update id=219030359 is handled. Duration 747 ms by bot id=7616289372
[2026-02-08 01:35:29] INFO in dispatcher: Update id=219030360 is handled. Duration 71 ms by bot id=7616289372
[2026-02-08 01:35:54] INFO in dispatcher: Update id=219030361 is handled. Duration 62 ms by bot id=7616289372
[2026-02-08 01:35:55] INFO in dispatcher: Update id=219030362 is handled. Duration 189 ms by bot id=7616289372
[2026-02-08 01:35:57] INFO in dispatcher: Update id=219030363 is handled. Duration 65 ms by bot id=7616289372
[2026-02-08 01:35:58] INFO in dispatcher: Update id=219030364 is handled. Duration 130 ms by bot id=7616289372
[2026-02-08 01:36:00] INFO in dispatcher: Update id=219030365 is handled. Duration 61 ms by bot id=7616289372
[2026-02-08 01:36:01] INFO in dispatcher: Update id=219030366 is handled. Duration 63 ms by bot id=7616289372
[2026-02-08 01:36:03] INFO in dispatcher: Update id=219030367 is handled. Duration 70 ms by bot id=7616289372
[2026-02-08 01:36:04] INFO in dispatcher: Update id=219030368 is handled. Duration 440 ms by bot id=7616289372
[2026-02-08 01:36:05] INFO in dispatcher: Update id=219030369 is handled. Duration 60 ms by bot id=7616289372
[2026-02-08 01:36:06] INFO in dispatcher: Update id=219030370 is handled. Duration 69 ms by bot id=7616289372
[2026-02-08 01:36:07] INFO in dispatcher: Update id=219030371 is handled. Duration 61 ms by bot id=7616289372
[2026-02-08 01:36:08] INFO in dispatcher: Update id=219030372 is handled. Duration 109 ms by bot id=7616289372
[2026-02-08 01:36:09] INFO in dispatcher: Update id=219030373 is handled. Duration 63 ms by bot id=7616289372
[2026-02-08 01:36:10] INFO in dispatcher: Update id=219030374 is handled. Duration 109 ms by bot id=7616289372
[2026-02-08 01:36:39] INFO in dispatcher: Start polling
[2026-02-08 01:36:40] INFO in dispatcher: Run polling for bot @prot_xafda_bot id=7616289372 - 'prot_bot'
[2026-02-08 01:37:56] INFO in dispatcher: Polling stopped for bot @prot_xafda_bot id=7616289372 - 'prot_bot'
[2026-02-08 01:37:56] INFO in dispatcher: Polling stopped
[2026-02-08 01:38:47] INFO in dispatcher: Start polling
[2026-02-08 01:38:47] INFO in dispatcher: Run polling for bot @prot_xafda_bot id=7616289372 - 'prot_bot'
[2026-02-08 01:39:22] INFO in dispatcher: Start polling
[2026-02-08 01:39:22] INFO in dispatcher: Run polling for bot @prot_xafda_bot id=7616289372 - 'prot_bot'
[2026-02-08 19:41:25] INFO in dispatcher: Start polling
[2026-02-08 19:41:26] INFO in dispatcher: Run polling for bot @prot_xafda_bot id=7616289372 - 'prot_bot'
[2026-02-08 19:41:26] INFO in dispatcher: Update id=219030375 is not handled. Duration 169 ms by bot id=7616289372
[2026-02-08 19:41:26] ERROR in dispatcher: Cause exception while process update id=219030375 by bot id=7616289372
TelegramForbiddenError: Telegram server says - Forbidden: bot was blocked by the user
Traceback (most recent call last):
  File "C:\Users\arsry\AppData\Local\Programs\Python\Python313\Lib\site-packages\aiogram\dispatcher\dispatcher.py", line 309, in _process_update
    response = await self.feed_update(bot, update, **kwargs)
               ^^^^^^^^^^^^^^^^^^^^^^^^^^^^^^^^^^^^^^^^^^^^^
  File "C:\Users\arsry\AppData\Local\Programs\Python\Python313\Lib\site-packages\aiogram\dispatcher\dispatcher.py", line 158, in feed_update
    response = await self.update.wrap_outer_middleware(
               ^^^^^^^^^^^^^^^^^^^^^^^^^^^^^^^^^^^^^^^^
    ...<7 lines>...
    )
    ^
  File "C:\Users\arsry\AppData\Local\Programs\Python\Python313\Lib\site-packages\aiogram\dispatcher\middlewares\error.py", line 25, in __call__
    return await handler(event, data)
           ^^^^^^^^^^^^^^^^^^^^^^^^^^
  File "C:\Users\arsry\AppData\Local\Programs\Python\Python313\Lib\site-packages\aiogram\dispatcher\middlewares\user_context.py", line 56, in __call__
    return await handler(event, data)
           ^^^^^^^^^^^^^^^^^^^^^^^^^^
  File "C:\Users\arsry\AppData\Local\Programs\Python\Python313\Lib\site-packages\aiogram\fsm\middleware.py", line 42, in __call__
    return await handler(event, data)
           ^^^^^^^^^^^^^^^^^^^^^^^^^^
  File "C:\Users\arsry\AppData\Local\Programs\Python\Python313\Lib\site-packages\aiogram\dispatcher\event\telegram.py", line 121, in trigger
    return await wrapped_inner(event, kwargs)
           ^^^^^^^^^^^^^^^^^^^^^^^^^^^^^^^^^^
  File "C:\Users\arsry\AppData\Local\Programs\Python\Python313\Lib\site-packages\aiogram\dispatcher\event\handler.py", line 43, in call
    return await wrapped()
           ^^^^^^^^^^^^^^^
  File "C:\Users\arsry\AppData\Local\Programs\Python\Python313\Lib\site-packages\aiogram\dispatcher\dispatcher.py", line 276, in _listen_update
    return await self.propagate_event(update_type=update_type, event=event, **kwargs)
           ^^^^^^^^^^^^^^^^^^^^^^^^^^^^^^^^^^^^^^^^^^^^^^^^^^^^^^^^^^^^^^^^^^^^^^^^^^
  File "C:\Users\arsry\AppData\Local\Programs\Python\Python313\Lib\site-packages\aiogram\dispatcher\router.py", line 146, in propagate_event
    return await observer.wrap_outer_middleware(_wrapped, event=event, data=kwargs)
           ^^^^^^^^^^^^^^^^^^^^^^^^^^^^^^^^^^^^^^^^^^^^^^^^^^^^^^^^^^^^^^^^^^^^^^^^
  File "C:\Users\arsry\AppData\Local\Programs\Python\Python313\Lib\site-packages\aiogram\dispatcher\router.py", line 141, in _wrapped
    return await self._propagate_event(
           ^^^^^^^^^^^^^^^^^^^^^^^^^^^^
        observer=observer, update_type=update_type, event=telegram_event, **data
        ^^^^^^^^^^^^^^^^^^^^^^^^^^^^^^^^^^^^^^^^^^^^^^^^^^^^^^^^^^^^^^^^^^^^^^^^
    )
    ^
  File "C:\Users\arsry\AppData\Local\Programs\Python\Python313\Lib\site-packages\aiogram\dispatcher\router.py", line 174, in _propagate_event
    response = await router.propagate_event(update_type=update_type, event=event, **kwargs)
               ^^^^^^^^^^^^^^^^^^^^^^^^^^^^^^^^^^^^^^^^^^^^^^^^^^^^^^^^^^^^^^^^^^^^^^^^^^^^
  File "C:\Users\arsry\AppData\Local\Programs\Python\Python313\Lib\site-packages\aiogram\dispatcher\router.py", line 146, in propagate_event
    return await observer.wrap_outer_middleware(_wrapped, event=event, data=kwargs)
           ^^^^^^^^^^^^^^^^^^^^^^^^^^^^^^^^^^^^^^^^^^^^^^^^^^^^^^^^^^^^^^^^^^^^^^^^
  File "C:\Users\arsry\AppData\Local\Programs\Python\Python313\Lib\site-packages\aiogram\dispatcher\router.py", line 141, in _wrapped
    return await self._propagate_event(
           ^^^^^^^^^^^^^^^^^^^^^^^^^^^^
        observer=observer, update_type=update_type, event=telegram_event, **data
        ^^^^^^^^^^^^^^^^^^^^^^^^^^^^^^^^^^^^^^^^^^^^^^^^^^^^^^^^^^^^^^^^^^^^^^^^
    )
    ^
  File "C:\Users\arsry\AppData\Local\Programs\Python\Python313\Lib\site-packages\aiogram\dispatcher\router.py", line 166, in _propagate_event
    response = await observer.trigger(event, **kwargs)
               ^^^^^^^^^^^^^^^^^^^^^^^^^^^^^^^^^^^^^^^
  File "C:\Users\arsry\AppData\Local\Programs\Python\Python313\Lib\site-packages\aiogram\dispatcher\event\telegram.py", line 121, in trigger
    return await wrapped_inner(event, kwargs)
           ^^^^^^^^^^^^^^^^^^^^^^^^^^^^^^^^^^
  File "C:\Users\arsry\Desktop\запись на секции\tg_bot\middlewares\throttling.py", line 64, in __call__
    return await handler(message, data)
           ^^^^^^^^^^^^^^^^^^^^^^^^^^^^
  File "C:\Users\arsry\AppData\Local\Programs\Python\Python313\Lib\site-packages\aiogram\dispatcher\event\handler.py", line 43, in call
    return await wrapped()
           ^^^^^^^^^^^^^^^
  File "C:\Users\arsry\Desktop\запись на секции\tg_bot\routers\commands.py", line 10, in start_command_start
    await message.answer("Привет! Я бот, помогу тебе автоматически записываться на спортивные секции в итмо\n"
    ...<2 lines>...
                         reply_markup=start_keyboard)
  File "C:\Users\arsry\AppData\Local\Programs\Python\Python313\Lib\site-packages\aiogram\methods\base.py", line 84, in emit
    return await bot(self)
           ^^^^^^^^^^^^^^^
  File "C:\Users\arsry\AppData\Local\Programs\Python\Python313\Lib\site-packages\aiogram\client\bot.py", line 478, in __call__
    return await self.session(self, method, timeout=request_timeout)
           ^^^^^^^^^^^^^^^^^^^^^^^^^^^^^^^^^^^^^^^^^^^^^^^^^^^^^^^^^
  File "C:\Users\arsry\AppData\Local\Programs\Python\Python313\Lib\site-packages\aiogram\client\session\base.py", line 254, in __call__
    return cast(TelegramType, await middleware(bot, method))
                              ^^^^^^^^^^^^^^^^^^^^^^^^^^^^^
  File "C:\Users\arsry\AppData\Local\Programs\Python\Python313\Lib\site-packages\aiogram\client\session\aiohttp.py", line 185, in make_request
    response = self.check_response(
        bot=bot, method=method, status_code=resp.status, content=raw_result
    )
  File "C:\Users\arsry\AppData\Local\Programs\Python\Python313\Lib\site-packages\aiogram\client\session\base.py", line 128, in check_response
    raise TelegramForbiddenError(method=method, message=description)
aiogram.exceptions.TelegramForbiddenError: Telegram server says - Forbidden: bot was blocked by the user
[2026-02-08 19:41:58] INFO in dispatcher: Start polling
[2026-02-08 19:41:58] INFO in dispatcher: Run polling for bot @prot_xafda_bot id=7616289372 - 'prot_bot'
[2026-02-08 19:42:23] INFO in dispatcher: Update id=219030376 is handled. Duration 215 ms by bot id=7616289372
[2026-02-08 19:42:37] INFO in dispatcher: Update id=219030377 is handled. Duration 79 ms by bot id=7616289372
